# Wavelength [nm],shape_counts_500avgs_8ms
207.84478476073983,0.4414288637245676
208.30338098783528,0.11096484721736033
208.76196258532,0.5509026729233995
209.22052953884392,0.7053497076607158
209.67908183405694,0.703403009958123
210.13761945660903,0.09726311384389419
210.59614239215006,-0.5733710347317782
211.05465062633,0.14615666147665252
211.5131441447987,0.27519474203583627
211.97162293320616,0.3279939789654662
212.43008697720222,-0.25076224908225697
212.88853626243687,-0.10607359106302283
213.34697077456,0.3514562244028525
213.80539049922152,0.1794069809539991
214.26379542207135,-0.0317678980872671
214.72218552875944,0.29084297499366585
215.18056080493565,0.5059291673089632
215.63892123624998,0.09921904780138391
216.0972668083523,0.27912625696828286
216.55559750689255,0.22632503984468144
217.01391331752063,0.09923288505746086
217.47221422588646,0.24390874487197323
217.93050021764,0.3964195724110766
218.3887712784311,0.030803007151121164
218.84702739390977,0.45705576469765674
219.3052685497258,0.834402111934736
219.7634947315293,-0.0044036144189476545
220.22170592496997,0.2106776464737834
220.67990211569793,0.45702953781815836
221.13808328936295,0.4394326001540776
221.59624943161504,0.05230294736666963
222.0544005281041,0.28888234605521745
222.51253656448003,0.22240002765418865
222.97065752639273,0.14028570883715474
223.42876339949214,-0.1158441645679602
223.88685416942823,0.4061992796702043
224.34492982185088,0.24977854065886618
224.80299034241003,0.2517470884482549
225.26103571675552,0.6075921310286816
225.71906593053734,0.5900198419697347
226.17708096940547,-0.16277495004715092
226.6350808190097,0.3006221076593647
227.093065465,0.2263249556286837
227.55103489302633,0.06990036853564163
228.00898908873856,0.45899301395112957
228.46692803778666,0.09922892877379752
228.92485172582047,0.12855746918486943
229.38276013849,0.5860948027444408
229.8406532614451,-0.17060536127397086
230.29853108033578,0.47658813340667905
230.75639358081185,0.35732204557842806
231.21424074852328,0.36122943961456144
231.67207256912,0.5000542186147925
232.1298890282519,0.2849771248787789
232.58769011156895,-0.0043986478854378674
233.04547580472104,0.2752069147954046
233.5032460933581,-0.06502381291424797
233.96100096312998,0.16178725590614818
234.41874039968673,0.6369311358386653
234.87646438867816,0.6291099669185769
235.33417291575424,0.1676613985184474
235.79186596656487,0.502015506196301
236.24954352676,0.1676645198745632
236.7072055819895,0.2791211519845831
237.16485211790337,0.09336096658988424
237.62248312015146,0.6271484193184449
238.08009857438367,-0.6555083277719973
238.53769846625,0.06988795511901458
238.9952827814003,0.17354074781715667
239.45285150548455,-0.41891487517588644
239.91040462415262,0.31431533117549293
240.36794212305446,0.056207386621039745
240.82546398783998,0.08163309630185722
241.28297020415908,-0.22337903493711053
241.74046075766174,0.27129710891644265
242.19793563399782,0.07771986722693214
242.65539481881726,0.03275086131571925
243.11283829777,0.2986636826688027
243.57026605650591,0.24978806350171112
244.02767808067495,0.05426316533824149
244.48507435592703,0.11878037465250202
244.9424548679121,0.028835791505827046
245.39981960228,0.3905759902139181
245.85716854468072,0.5548080238249042
246.31450168076415,0.6349711974292518
246.77181899618026,-0.008304847873887411
247.22912047657888,0.4648736685171997
247.68640610761,0.15202115375576852
248.1436758749235,0.0523008883076983
248.60092976416936,0.3436477562628113
249.05816776099743,-0.12367129554122869
249.5153898510577,0.6154320671976024
249.97259602,0.3162587375597212
250.42978625347433,0.0992233882515734
250.88696053713053,0.5802160373906133
251.34411885661865,0.1930783593277141
251.80126119758845,0.12661082282524205
252.25838754569,0.11683302090621339
252.71549788657313,-0.17646325323552503
253.17259220588778,0.3788388725189833
253.62967048928382,-0.07282877300507096
254.0867327224113,0.37491651492642575
254.54377889092,0.5763150695790387
255.00080898045994,0.5118045353788574
255.45782297668097,0.05034704683751556
255.91482086523303,0.34168607122599326
256.37180263176606,0.24196060537856567
256.82876826193,-0.07088233119408471
257.2857177413747,0.4785578473439074
257.7426510557501,0.4824752517475872
258.19956819070626,0.17743642601224963
258.6564691318929,-0.35830543735460196
259.11335386496006,0.3983797996622229
259.57022237555753,0.3710106891114009
260.02707464933536,0.16571133090316437
260.4839106719435,-0.2546750639932469
260.94073042903176,0.21851046619933356
261.39753390625,0.45900687518110317
261.8543210892483,0.32604818823500636
262.3110919636766,0.18721878455892238
262.7678465151847,0.5567623676817419
263.2245847294225,0.18331084431223132
263.68130659203996,0.18331659539855139
264.1380120886871,0.42379974147412725
264.5947012050138,0.4003375426078577
265.05137392666984,0.3866615144440715
265.5080302393053,0.36515318905767913
265.96467012857,0.36319496269491935
266.4212935801139,0.37687475109308366
266.87790057958694,0.054259829831366346
267.3344911126391,0.29671203976424465
267.7910651649201,0.036672700950887815
268.24762272208005,0.22435583939643777
268.70416376976874,0.11095678309327184
269.16068829363616,0.17157510750456595
269.61719627933223,0.3064907479398755
270.0736877125069,0.28693944251645576
270.53016257880995,0.35928939745051025
270.9866208638915,0.2576124336702179
271.4430625534014,0.6760532570269504
271.89948763298946,-0.22925803169442815
272.35589608830566,-0.2898718492298684
272.812287905,0.2673977422733742
273.2686630687223,-0.2703131034298849
273.7250215651226,0.7190534328412639
274.1813633798506,-0.05132929796495489
274.6376884985565,0.16375344274835868
275.09399690688997,0.22241376489365905
275.5502885905011,-0.10412192766081318
276.0065635350398,0.0601231923189971
276.4628217261559,0.8872135228775733
276.91906314949927,0.20873617644102183
277.37528779072,0.22633076447529277
277.8314956354679,0.48442514849007523
278.287686669393,0.0464338863584004
278.74386087814503,0.650615426998371
279.2000182473741,0.3358222253852574
279.65615876273,0.9986680405770159
280.1122824098627,0.39839343590575993
280.5683891744221,-0.19797062978946656
281.02447904205826,0.07381320021521276
281.4805519984209,0.5333055730925764
281.93660802916,0.28890361692366184
282.3926471199255,0.159838871147727
282.8486692563674,-0.1236792169440264
283.30467442413544,0.2947539534345083
283.76066260887967,0.689727662118159
284.21663379624994,-0.1569149488272359
284.67258797189635,0.6584403730044102
285.12852512146856,-0.1608155150256323
285.58444523061667,-0.13931130102321276
286.0403482849905,0.38664330153719106
286.49623427024,0.6799278869936671
286.9521031720151,0.20676389087050495
287.40795497596577,0.5528457498693058
287.86378966774186,0.6036981786876368
288.3196072329933,0.08554190046646681
288.77540765736995,0.3651456499832051
289.23119092652195,-0.06306290470045894
289.68695702609904,0.5411278299104652
290.14270594175105,0.5137470883072979
290.5984376591281,0.1011813614891679
291.05415216387996,0.3299500294442197
291.50984944165674,0.011237690674320788
291.9655294781082,0.04056259449141919
292.4211922588842,0.286925723286501
292.87683776963485,0.40620412333659317
293.33246599601006,0.05230063247340411
293.7880769236595,0.2106800325013296
294.2436705382333,0.27715156562643983
294.6992468253814,0.15203181015131406
295.15480577075374,0.5860870616074578
295.61034736,0.06403902323525301
296.06587157877027,0.3514713218019523
296.52137841271457,0.247831818695758
296.97686784748265,0.6349784734279638
297.4323398687245,0.4590109743774775
297.88779446208997,0.23023828596895157
298.3432316132291,0.40230026024387655
298.7986513077918,0.38274481327660226
299.25405353142787,0.3084502065857606
299.70943826978726,-0.07674878455654266
300.16480550852,-0.06306759147905439
300.62015523327597,0.7738122568990349
301.07548742970494,0.30062208141116287
301.5308020834571,0.7053775149611994
301.98609918018207,0.36905638984185885
302.44137870553,0.4413965057528486
302.89664064515074,-0.10607932637297779
303.3518849846942,0.08553794865864006
303.8071117098102,0.5000731754983718
304.26232080614886,0.2888904571449018
304.71751225936,0.6251949614460415
305.1726860550935,0.21851050773143754
305.62784217899934,0.4668402062972632
306.0829806167274,0.6330213478614866
306.53810135392763,-0.09238640914790608
306.99320437625,0.10118172040792217
307.4482896693443,-0.34266760331423995
307.9033572188606,0.5939162911399194
308.3584070104486,-0.025904607843742156
308.81343902975846,0.3045320046346802
309.26845326244,0.5254779557117928
309.72344969414314,0.36710898298976247
310.17842831051775,0.49224338339585927
310.6333890972138,0.421855255559052
311.08833203988127,-0.11976580702268791
311.54325712417,0.5684984907268671
311.9981643357299,0.28889399432122786
312.45305366021097,0.7092837676105574
312.907925083263,0.2517506237964824
313.3627785905361,0.4140243590778283
313.81761416767995,0.23414293176222145
314.2724318003447,0.6427933104424852
314.7272314741802,0.08358736212066731
315.18201317483624,0.5254844472197391
315.63677688796287,0.28693041201721314
316.09152259921,0.4022964548758239
316.54625029422755,0.6897374675944548
317.00095995866536,0.14028895508120343
317.4556515781734,0.302579847289536
317.9103251384017,0.1324707657444435
318.36498062500004,0.15984836231980637
318.8196180236183,0.017107720309581964
319.27423731990655,0.6310655778539882
319.7288384995146,0.5665578233876118
320.18342154809255,0.3319072498384372
320.63798645129,-0.06306029774886213
321.0925331947571,0.32604989624520897
321.5470617641438,0.3123518959878453
322.0015721450999,0.32604993165175244
322.45606432327526,0.8950288160671249
322.91053828431995,-0.14713681070216467
323.3649940138839,0.3631911700822599
323.81943149761696,0.4609429582497313
324.273850721169,0.21655609224028183
324.72825167019005,0.075770506913031
325.18263433033,0.06990206688313094
325.63699868723876,0.15788781169791832
326.0913447265662,0.23610909768723332
326.5456724339622,0.6154181781212884
326.99998179507685,-0.010265721808778494
327.45427279556003,0.26932809760199916
327.9085454210615,0.326040094828528
328.36279965723134,0.2967170628888596
328.81703548971944,0.3221295290699686
329.2712529041757,-0.15495981209630827
329.72545188624997,0.09140458065556345
330.1796324215923,0.3749263630864448
330.63379449585256,0.24588003077261078
331.0879380946807,0.02688101994488079
331.54206320372646,0.34559760874432754
331.99616980863993,0.6506175856248433
332.4502578950711,0.374927011250449
332.90432744866973,0.25761434193887567
333.3583784550858,0.07771144465669977
333.8124108999692,0.49811081069627505
334.26642476896996,0.6017349347345373
334.72042004773795,0.8285649824776158
335.17439672192296,0.0816316514645763
335.628354777175,0.42185308095669427
336.0822941991441,0.1617993649064715
336.53621497348,0.48246925329036117
336.9901170858327,0.23023451111421878
337.44400052185216,-0.5948912757705216
337.89786526718825,0.038620577475768414
338.3517113074909,0.024932525517058934
338.80553862841,0.14224347639073187
339.25934721559554,-0.02980755972939164
339.7131370546974,-0.014180925473652906
340.16690813136546,0.47855755801481337
340.62066043124963,0.20286923369792476
341.07439394,-0.4228210000319592
341.52810864326636,0.19309358730143344
341.98180452669857,0.8578843841276154
342.43548157594665,0.04643580511822165
342.8891397766605,0.480506637937566
343.34277911449,-0.1491012457155989
343.7963995750851,-0.18624085346630181
344.25000114409573,0.4766112172606398
344.70358380717187,0.18721469228087528
345.15714754996327,0.302585399643732
345.61069235812,0.04642788528151698
346.0642182172919,0.3807911505503654
346.51772511312896,0.07577582430880625
346.9712130312811,0.06599134037986687
347.4246819573981,0.25369519280896213
347.87813187713,-0.020037917693997542
348.3315627761267,0.2321952133159897
348.7849746400382,0.04642852955822718
349.2383674545142,0.1344209674246315
349.6917412052049,0.21263648245511035
350.14509587776,0.24391939582717725
350.5984314578296,0.14028559687419317
351.05174793106335,0.1285553652325575
351.50504528311143,-0.1236699126785652
351.9583234996237,0.3084391958179964
352.41158256625005,0.12270471756143309
352.86482246864034,0.45116995077862043
353.3180431924445,-0.01222510325875703
353.77124472331263,0.24196981688936603
354.2244270468945,0.2009163894395556
354.67759014884,0.3377728763863814
355.1307340147991,0.2517346493046375
355.5838586304218,-0.06891795803508671
356.03696398135787,0.30454967154163626
356.4900500532573,0.3358107691945946
356.94311683176994,0.2263326753662369
357.3961643025459,0.1305173078909121
357.849192451235,0.5274232363209563
358.302201263487,0.24977487889941585
358.75519072495206,0.5020148923069314
359.20816082128,0.7073326054281068
359.6611115381208,0.5352661121169859
360.1140428611242,-0.2057938629874485
360.56695477594025,0.6740946536501298
361.0198472682189,0.6271508348653185
361.47272032361,0.06989442150447189
361.9255739277635,0.42576412050233614
362.3784080663293,0.922414357971391
362.83122272495746,0.2282771008863591
363.28401788929773,0.10509682692591582
363.73679354499995,0.36124150550043055
364.1895496777143,0.0034312787545758283
364.6422862730906,0.24783114949205753
365.0950033167787,0.43748747857230796
365.54770079442847,-0.13540105213907339
366.00037869169,0.5118011981004571
366.45303699421316,0.0992418291475019
366.9056756876478,-0.3934915062315696
367.3582947576438,0.3495172553792969
367.8108941898513,-0.2175211066677747
368.26347396992,0.39839010892883664
368.7160340834999,0.4883286920008487
369.16857451624094,0.12269100235562291
369.62109525379304,0.4590050649068047
370.0735962818061,0.5548105995110433
370.52607758593,0.12270060226046553
370.9785391518147,0.20872568347456877
371.43098096511017,-0.16277814309273708
371.88340301146627,0.19895848720840092
372.3358052765329,0.9067697359193403
372.78818774596,0.6545288349605443
373.2405504053975,0.6095597698164141
373.6928932404954,-0.20384268091405033
374.1452162369035,0.10900446661504759
374.59751938027165,0.4140264683863819
375.04980265625005,-0.023948903082285256
375.50206605048834,0.4687848580533256
375.95430954863656,-0.014176460593589013
376.40653313634465,0.21262323419496454
376.8587367992625,0.39643162452736647
377.31092052304,0.9184969572270916
377.7630842933271,0.22045179175756857
378.21522809577374,0.5196266807340919
378.6673519160298,0.10509646896514369
379.1194557397453,0.39642994734172987
379.57153955257,0.2048231731212269
380.0236033401539,0.5489481930583509
380.47564708814696,0.5821954401370562
380.9276707821991,0.25565918487929196
381.37967440796007,0.3260453496970399
381.83165795108,0.19113689662192712
382.2836213972087,0.47464260239053147
382.7355647319962,0.2830216644909882
383.18748794109223,0.06794930763193463
383.6393910101468,-0.03763495184134058
384.09127392481,0.3534168239801261
384.54313667073154,0.11878138152054873
384.99497923356137,0.35731537219501774
385.44680159894943,0.5509029099465863
385.8986037525457,0.5450366165345883
386.35038568000004,-0.0024517557209833285
386.8021473669623,0.2986687005745381
387.2538887990825,0.533302481885201
387.7056099620106,0.17939238549432446
388.1573108413965,0.5000749595690337
388.60899142288997,0.4609598772669301
389.0606516921411,-0.42674117797267286
389.51229163479974,0.06990260289383343
389.96391123651586,0.05621849882420804
390.4155104829392,0.9008995033691178
390.86708935971996,0.08749665829083142
391.3186478525079,0.25760570103072666
391.77018594695295,0.19895428368650414
392.22170362870503,0.22633169172151213
392.67320088341404,-0.1745049474407807
393.12467769673003,0.42380813371784143
393.5761340543027,0.04643566072400063
394.02756994178213,0.2732536117549955
394.4789853448183,0.22045738545457993
394.93038024906093,0.42185177224297377
395.38175464016,-0.05132925704678826
395.8331085037655,0.537206008851328
396.2844418255273,0.40816447383421917
396.7357545910955,0.2693476510832369
397.18704678611965,0.2869336154927282
397.63831839625,0.005381349597200824
398.0895694071363,0.29475326878088026
398.5407998044286,-0.15887535159683353
398.99200957377667,0.5841290465180435
399.44319870083046,0.756192253586562
399.89436717124,0.11291776833834888
400.3455149706552,0.26347313658699534
400.7966420847258,0.36124937114387023
401.2477484991018,0.339723745957798
401.6988341994333,0.21459544080423143
402.14989917137,0.20677179802711976
402.6009434005619,-0.37003472837807294
403.05196687265897,0.38471246156488803
403.502969573311,0.4629266817003952
403.9539514881681,0.2106879052701487
404.40491260288,0.5079115269501102
404.8558529030967,0.189166772717698
405.30677237446815,-0.21753439263950725
405.75767100264426,0.1422521432438515
406.2085487732749,0.18916377110440408
406.65940567201,0.3827437215623064
407.11024168449956,0.19112477115481852
407.56105679639336,0.11096932383705393
408.01185099334145,-0.023954874599510845
408.46262426099366,-0.07284639570166007
408.91337658500004,-0.01223150778983495
409.36410795101034,0.19699997324381968
409.81481834467456,0.29085263482889445
410.26550775164264,0.41794716975927315
410.71617615756446,0.23609900001153505
411.16682354809,0.13441578989598213
411.6174499088691,0.026891765731619444
412.06805522555175,0.22828422903027956
412.51863948378787,0.17548332581417014
412.96920266922734,-0.2976897035806587
413.41974476752,0.3064750426352987
413.8702657643159,0.5000755507264643
414.32076564526494,0.4355304758665426
414.77124439601704,0.5352637167739118
415.22170200222206,0.5978232618851251
415.67213844952994,0.017126571960147885
416.1225537235907,-0.2957345660275763
416.5729478100542,0.04839667108662127
417.02332069457026,0.0640249692439312
417.4736723627889,-0.17254916095403416
417.92400280036,0.12660555772281157
418.37431199293354,0.5293934016609114
418.82459992615935,0.6076198235934243
419.2748665856874,0.2126348356654688
419.7251119571677,0.1969916427118079
420.17533602625,0.4374972695959798
420.6255387785843,0.2654251131351515
421.0757201998205,0.5313281675839647
421.52588027560864,0.21264582595281922
421.9760189915985,0.47856010187335585
422.42613633344,-0.4306416201733754
422.87623228678314,0.38079306158849135
423.3263068372778,0.03275022112759984
423.7763599705739,0.42967315915471715
424.22639167232126,0.19307775692800533
424.67640192817004,0.09335992159140005
425.12639072377,-0.16277884446334667
425.576358044771,0.4511805883828828
426.0263038768231,0.24002122654637503
426.4762282055761,0.3709998671258603
426.92613101668,0.39056694883160503
427.37601229578473,0.3240882407668977
427.8258720285401,0.18722064413658757
428.2757102005963,0.47464407646872075
428.7255267976029,0.2849767972989099
429.17532180521005,0.09140546599438437
429.62509520906747,0.3651421426221191
430.0748469948254,0.24195873583228433
430.52457714813346,0.06012245285394613
430.9742856546417,0.4980971005718544
431.42397249999993,0.16571514624676809
431.87363766985834,0.22045923376792587
432.3232811498666,0.09141352755497678
432.77290292567466,0.21067484415986826
433.2225029829325,0.7171107913637798
433.67208130729,0.1383476695589252
434.12163788439716,0.33779050453286175
434.5711726999038,-0.3759331731411919
435.0206857394598,-0.0004869444210697793
435.47017698871525,0.5724495031485617
435.91964643332005,0.21656165417255124
436.36909405892396,0.11879271351021714
436.8185198511769,0.35541634886587303
437.2679237957291,-0.18428744182844525
437.7173058782301,0.5196442269758279
438.16666608433,-0.1373674380990053
438.6160043996787,0.10510677850224681
439.06532080992616,-0.28206369092804096
439.51461530072226,-0.12758266254481043
439.9638878577169,0.30258441214340337
440.41313846655993,0.41598894275865916
440.86236711290155,0.29866346643535735
441.3115737823914,0.2243745683336016
441.7607584606794,-0.012217862819994707
442.20992113341566,0.590012355267433
442.65906178625,-0.36417554535924523
443.10818040483235,0.15787992945820406
443.55727697481257,0.4042605612849286
444.00635148184057,-0.2038461781483818
444.45540391156646,0.10313615321223324
444.90443424964,0.1578818743499113
445.3534424817111,0.038612125335760084
445.80242859342974,0.1950364416169208
446.25139257044583,0.20482690653906843
446.70033439840927,0.08358236299866917
447.14925406297,-0.004403519611145157
447.59815154977787,0.6388952061011253
448.04702684448296,0.2634652216273423
448.4958799327351,0.2654401967408404
448.94471080018405,0.27326138591914173
449.39351943248,-0.010267046536498015
449.8423058152727,0.09336753959544808
450.2910699342122,0.23414722737770433
450.73981177494824,0.46879234776896794
451.18853132313086,-0.11194038401488626
451.63722856441007,0.5411332281267391
452.08590348443556,0.5724053532733819
452.53455606885734,0.13638335445369876
452.98318630332545,0.41989722821725195
453.4317941734897,0.19895193403209532
453.880379665,0.5274257615006519
454.3289427635063,0.026886525748537338
454.7774834546585,-0.17059776219109324
455.2260017241067,0.34363660819855113
455.6744975575005,0.40620551771354485
456.12297094049,0.400356749244537
456.57142185872516,0.003422393461008255
457.0198502978558,0.1539789354844885
457.4682562435318,0.42576969922268404
457.9166396814033,0.367100314917451
458.36500059711994,0.1598469180996318
458.813338976332,0.49616232426134843
459.261654804689,0.017108982600987588
459.709948067841,0.6251928032633174
460.158218751438,0.25956414697421337
460.60646684113004,-0.12170338113830326
461.0546923225667,-0.03763829165048094
461.5028951813981,0.2673794595818606
461.9510754032742,0.32409557613661377
462.39923297384496,0.24782392648218377
462.84736787876,0.27129538554557087
463.2954801036695,0.10119596377575135
463.7435696342233,0.4981035607527531
464.1916364560715,0.22630982553758372
464.6396805548637,0.3045313870426014
465.08770191624996,0.3221443340673318
465.53570052588026,0.09141185372537564
465.9836763694046,0.16571062535490455
466.4316294324727,0.15789292229680996
466.87955970073443,0.273245891901837
467.32746715984007,0.1989522602562488
467.7753517954391,0.5900013502532886
468.2232135931818,0.05621067961331505
468.67105253871784,0.3338640038548135
469.11886861769733,0.3201756830604978
469.56666181577003,0.25955568563992415
470.01443211858594,0.580243046571681
470.46217951179494,0.2654430150547853
470.9099039810471,-0.1119341388330497
471.3576055119921,0.5411278109217363
471.80528409028,0.24588154758319547
472.2529397015607,0.2556483002687884
472.7005723314842,0.20677090614539395
473.14818196570025,-0.01222194857143677
473.59576858985884,0.1422485428358442
474.04333218961,0.03666939021027815
474.49087275060356,-0.10998170952575492
474.9383902584894,0.02882784072447464
475.38588469891744,0.3984020983252776
475.8333560575377,0.7346933626602237
476.2808043200001,0.6427937271279092
476.72822947195436,0.3592818714465267
477.17563149905055,0.15984680029772846
477.6230103869386,0.1930935062249688
478.07036612126853,0.31822154429150373
478.51769868769003,0.2830217667910375
478.9650080718531,0.49810713660087913
479.4122942594077,0.6291083172120011
479.85955723600387,0.7327383143533126
480.3067969872913,0.1441930722725857
480.75401349892,-0.05328997319350037
481.2012067565399,0.1422443204939441
481.648376745801,0.07380780615922333
482.09552345235306,0.007326016206079089
482.54264686184604,0.17744508119538693
482.98974695992996,-0.016126728277882307
483.43682373225477,-0.0004911006767684967
483.8838771644702,0.6389035680706883
484.33090724222626,0.38276409516518584
484.7779139511728,0.27717176877781924
485.22489727696,0.5782895947312738
485.67185720523753,0.08555636833790459
486.1187937216554,1.1375173214529042
486.5657068118634,0.4961595517505373
487.0125964615117,0.14420080120156342
487.45946265625,0.4433646636437203
487.9063053817283,0.06208826980844151
488.3531246235965,-0.3661342751613148
488.7999203675047,0.15790346568731195
489.2466925991025,0.27913167543268
489.69344130403994,0.4903041985871255
490.14016646796705,0.574409397423608
490.5868680765338,0.1520262547366542
491.0335461153898,-0.07674806747208152
491.4802005701853,0.034699353495128094
491.92683142657,0.5782869771924908
492.37343867019393,0.41012397590071714
492.82002228670694,-0.1686490291670708
493.266582261759,0.3338671092231067
493.713118581,0.10119242422345565
494.15963123008004,0.4316377822987647
494.6061201946487,0.050356606448630714
495.05258546035617,0.12465684781811603
495.4990270128523,0.25956504604545216
495.9454448377869,0.05816924580540217
496.39183892081,0.2009111971628812
496.8382092475715,0.2927998933426892
497.28455580372145,0.3416952479965403
497.73087857490947,0.14616132182487718
498.1771775467857,0.18134890768300238
498.623452705,-0.14517806894490093
499.0697040352024,0.39837744482639437
499.5159315230426,0.10509352119514404
499.9621351541706,-0.09434024358007775
500.4083149142364,0.5685077136096339
500.85447078889007,0.2732489886722078
501.30060276378117,0.5469962819304328
501.7467108245597,0.14029090034114233
502.19279495687584,0.2536937482159516
502.63885514637934,0.21458842043548998
503.08489137872,0.18722541268196835
503.53090363954794,0.18722973237099438
503.9768919145129,0.3397318402348617
504.4228561892651,0.35927531222748144
504.8687964494541,0.502023890029534
505.31471268073,0.26543084123515825
505.7606048687427,0.21654818062242498
506.2064729991422,0.2185039623675067
506.6523170575783,-0.08261358986761991
507.09813702970087,0.21263794168346806
507.54393290115996,0.2732474710543187
507.98970465760556,0.18722078711273582
508.4354522846874,0.04448214418682994
508.88117576805547,0.2791237595302789
509.32687509335966,0.3807952472888445
509.7725502462501,0.12855670383375184
510.21820121237636,0.09336031365954511
510.66382797738856,0.22436952925730225
511.1094305269366,0.3338675145912191
511.5550088466705,0.15984258356638748
512.0005629222401,0.16961273892687245
512.4460927392951,0.07575866136834009
512.8915982834857,0.07968249634328117
513.3370795404619,0.7307835825099147
513.7825364958733,0.12270943968000836
514.22796913537,0.36710051885117423
514.6733774446019,0.32018928955552894
515.118761409219,0.5665524304610159
515.564121014871,0.19308106249256696
516.009456247208,0.6975420474125542
516.45476709188,0.003419951036761404
516.9000535345367,-0.004402346196840767
517.3453155608282,0.19113005592113552
517.7905531564043,0.14810865733814182
518.2357663069148,0.3631869979256379
518.68095499801,0.23610565822545482
519.1261192153396,0.19113381119859696
519.5712589445534,0.11877915171638165
520.0163741713013,0.14420381215721534
520.4614648812337,0.18721292502694098
520.9065310599999,-0.12366903334596202
521.3515726932503,0.08945787673555117
521.7965897666345,0.775750698587629
522.2415822658027,0.5763073170788289
522.6865501764045,0.21068353022643294
523.13149348409,0.6623409549579122
523.5764121745092,0.6779785162264318
524.0213062333119,-0.053280362875838705
524.4661756461479,0.14029226676126427
524.9110203986673,0.3905671543188163
525.3558404765201,0.4198897183371173
525.8006358653558,0.253696306581503
526.2454065508249,0.1813523468541831
526.690152518577,0.3025747719413374
527.1348737542621,0.3416768717404608
527.57957024353,0.5841260186880959
528.0242419720307,0.5078756168955039
528.4688889254141,0.3983934167698777
528.9135110893303,0.04643762820005293
529.358108449429,0.16766587067323258
529.8026809913599,0.07576436713488022
530.2472287007735,0.028844706150650268
530.6917515633194,0.2634709915129747
531.1362495646474,0.3553741149545573
531.5807226904077,0.3456065138475992
532.02517092625,0.3377614058707792
532.4695942578244,0.4355526038042683
532.9139926707805,0.187219700551438
533.3583661507687,0.7405684118505036
533.8027146834385,0.2204648897566983
534.24703825444,0.4824720150345314
534.6913368494231,-0.05718568530124912
535.1356104540378,0.3710088430914311
535.5798590539338,0.1344151600022343
536.0240826347614,0.5489554795350386
536.46828118217,0.6760425981975402
536.9124546818099,0.37102795484869944
537.356603119331,-0.03763757440123072
537.8007264803831,0.4629187384559401
538.2448247506161,0.13443769661940053
538.68889791568,0.47075254551772616
539.1329459612247,0.3456197161926724
539.5769688729001,0.4551115133975401
540.0209666363562,0.2693504533726241
540.4649392372428,-0.03567460217708174
540.9088866612099,0.31631383658491075
541.3528088939075,0.32218485941507424
541.7967059209853,0.3456603682760999
542.2405777280934,0.3906502071220501
542.6844243008816,0.37108361191259576
543.128245625,0.5901241016819654
543.5720416860984,0.20485477932136575
544.0158124698265,0.11489769101353886
544.4595579618347,-0.1901792632400543
544.9032781477725,0.6957599987714076
545.3469730132899,-0.3623005385390172
545.790642544037,0.2107256601745746
546.2342867256638,-0.09435882214827984
546.67790554382,0.005395323921902673
547.1214989841552,0.3887040245394644
547.56506703232,0.1520523938956586
548.008609673964,0.38477627851472107
548.4521268947369,-0.22146365838905524
548.8956186802891,0.5177281685375021
549.33908501627,0.40822775971646763
549.7825258883299,0.5802982807334871
550.2259412821187,0.2322210318419735
550.6693311832862,0.451223911781085
551.1126955774822,0.6741279666209721
551.556034450357,0.46685870997784207
551.99934778756,-0.37786951029349325
552.4426355747415,0.6037241267850959
552.8858977975514,0.34560906117330603
553.3291344416394,0.13052146349767213
553.7723454926557,0.11682701509748483
554.21553093625,0.2576258676267571
554.6586907580722,0.374935496225973
555.1018249437726,0.1676631359929388
555.5449334790007,0.07380983461061419
555.9880163494065,0.6154421909605645
556.43107354064,0.5274561548668686
556.8741050383512,0.24588961445560642
557.3171108281898,0.13833116904868348
557.7600908958058,0.4687756877090692
558.2030452268492,0.04252571526507154
558.64597380697,0.2615212557133475
559.0888766218179,0.15006740450419898
559.5317536570429,0.007331491178049987
559.974604898295,0.3025838190039849
560.4174303312241,0.13833383444945468
560.86022994148,0.2947641296068184
561.3030037147128,-0.19211509446097352
561.7457516365721,0.05425596020191392
562.1884736927083,0.4863805242438701
562.6311698687709,0.2341494226112104
563.07384015041,0.1852701511917303
563.5164845232755,0.5294000433741957
563.9591029730174,0.5567675785542718
564.4016954852855,0.8383258093033419
564.8442620457297,0.4785437430141428
565.28680264,0.08164305970846897
565.7293172537464,0.46095636975195475
566.1718058726185,0.35928846072835086
566.6142684822667,0.12855871221388782
567.0567050683404,0.3807830171346609
567.49911561649,0.21654208290129873
567.9415001123651,0.6388855621652425
568.3838585416157,0.3573263867579186
568.8261908898918,0.15593759725241796
569.2684971428433,0.3729667669638417
569.71077728612,0.3162652776649679
570.153031305372,0.10901032958724954
570.5952591862489,0.6467047224660831
571.037460914401,1.0260151463907192
571.4796364754782,0.3416744326119101
571.92178585513,0.5509012488294047
572.3639090390067,0.6095396827346065
572.8060060127583,0.3866489878931958
573.2480767620343,0.45117355475225907
573.6901212724848,0.06402998215854439
574.1321395297599,0.23022587081312906
574.5741315195095,0.726879124189125
575.0160972273833,0.06599296253304487
575.4580366390314,-0.8549809909967223
575.8999497401037,0.5157062584923153
576.34183651625,0.4394651205042237
576.7836969531204,0.18526753689069153
577.2255310363646,0.056213403360658276
577.6673387516327,0.31627050455713857
578.1091200845746,0.5587257190561274
578.5508750208401,0.4824826947850056
578.9926035460791,0.16961754847028487
579.4343056459417,0.3241021757382896
579.8759813060778,0.45118571788253803
580.3176305121373,0.5704623952047854
580.75925324977,-0.037644901670972786
581.200849504626,-0.10999204758515191
581.642419262355,0.5743839954644301
582.0839625086071,0.5587363004083841
582.525479229032,0.18722350445516156
582.9669694092801,-0.1393387510526196
583.4084330350007,0.2732537844316596
583.8498700918442,0.165708152627019
584.2912805654602,0.24784133826223353
584.732664441499,0.12465991047005787
585.17402170561,0.3514711956946712
585.6153523434435,0.28107709366477707
586.0566563406493,0.597853377170523
586.4979336828775,-0.3329079691953325
586.9391843557777,-0.05132509445049038
587.380408345,0.11486988086957695
587.8216056361942,0.402321369825529
588.2627762150107,0.26935205655665584
588.7039200670987,-0.027853547793839084
589.1450371781085,-0.06306425035015195
589.58612753369,0.5489731767958972
590.0271911194932,-0.08847772975612145
590.4682279211678,0.6056720283577306
590.9092379243638,0.5900225550492308
591.3502211147312,0.4120807761767793
591.7911774779201,0.5998067607713296
592.23210699958,0.3084500707435893
592.673009665361,0.49616913773643034
593.113885460913,-0.061100164929399625
593.5547343718861,0.5411350569790443
593.99555638393,0.36124637517625047
594.4363514826947,-0.0004886651737194825
594.87711965383,0.1911380757891834
595.3178608829862,0.6428208564811229
595.7585751558129,0.08555155840983275
596.19926245796,0.5645923194580291
596.6399227750775,-0.3954504670877128
597.0805560928154,0.046431367558980696
597.5211623968235,0.5665633194926869
597.9617416727517,0.4238187876753159
598.40229390625,-0.21947905840032433
598.8428190829684,0.3847299107564197
599.2833171885566,-0.12953312799152172
599.7237882086647,0.06208682259607201
600.1642321289424,0.4746630971749539
600.60464893504,0.05424949852748284
601.0450386126072,0.16767149641590606
601.4854011472937,0.3905694891151512
601.9257365247498,0.15398992986445137
602.3660447306254,0.1422456891306183
602.80632575057,-0.02395203337069063
603.246579570234,0.5039853070868645
603.686806175267,0.44532301640417415
604.1270055513191,0.036650899661367475
604.5671776840401,0.4179387470551603
605.00732255908,0.11683446017437404
605.4474401620887,0.4238188362611197
605.8875304787161,0.21263877848804213
606.3275934946123,0.6428266146773609
606.7676291954268,0.44337026193190354
607.2076375668099,0.030793461497282237
607.6476185944116,0.21460403350417323
608.0875722638814,-0.10217115127204579
608.5274985608694,0.3045715795271491
608.9673974710257,0.5079859274798224
609.40726898,0.5412491644271995
609.8471130734424,-0.012213208769878747
610.2869297370025,0.3574442655949923
610.7267189563307,-0.34279671907721365
611.1664807170765,0.5276415038739799
611.60621500489,-0.3897434645960516
612.0459218054211,-0.11002292107701095
612.4856011043198,0.6117900016824578
612.9252528872358,0.6430793020062566
613.3648771398193,0.3164108836089383
613.80447384772,-0.39366045121782633
614.244042996588,0.5863253818965077
614.6835845720731,0.33592769195502825
615.123098559825,0.26942365661088274
615.562584945494,0.0034180957940890266
616.00204371473,0.050358642131783427
616.4414748531827,0.18529850130465775
616.8808783465022,0.3300062492998279
617.3202541803382,0.05426979663350551
617.7596023403408,0.9577094009704297
618.19892281216,0.2967386904590654
618.6382155814456,-0.09043544111320045
619.0774806338472,-0.027869631048048404
619.5167179550155,0.09336952807736054
619.9559275305998,-0.08261306194378903
620.39510934625,0.12076110274347229
620.8342633876164,0.19700379013033853
621.2733896403486,-0.04741539907000458
621.7124880900967,0.30846156143059034
622.1515587225105,0.02493512274500631
622.59060152324,0.22438771084796372
623.0296164779352,0.35929814112463987
623.4686035722458,0.2654402309298547
623.9075627918219,0.16766976333231298
624.3464941223133,0.5313801985516022
624.78539754937,0.3769081785399919
625.224273058642,0.10313263673752715
625.6631206357789,0.08750828962340051
626.101940266431,0.320203934039057
626.5407319362481,0.6721685436563831
626.97949563088,0.6819628223507976
627.4182313359768,0.1754968783103834
627.8569390371881,-0.18625038823429918
628.2956187201643,0.45316699105420355
628.7342703705549,0.22438679995174482
629.17289397401,-0.010273246002100223
629.6114895161794,-0.3270470992634813
630.0500569827134,0.7484204486655557
630.4885963592615,-0.03958334176698486
630.9271076314736,0.5118240308766957
631.3655907849999,0.43556263916563864
631.8040458054903,0.12270041620639915
632.2424726785946,0.7894996191076302
632.6808713899626,0.5763616727109877
633.1192419252445,0.22047610335830825
633.55758427009,0.024928918537426625
633.995898410149,0.062087411117758506
634.4341843310717,0.18332210076265198
634.8724420185079,0.748401412021451
635.3106714581073,0.10705942091463783
635.74887263552,0.36710832863359144
636.1870455363959,0.7855460933777891
636.6251901463851,0.24783373386020457
637.063306451137,0.46096153056898004
637.5013944363021,0.19112921044158782
637.93945408753,-0.13735995063511552
638.3774853904708,0.3807741446422739
638.8154883307741,0.7092823469592986
639.2534628940903,0.22437059702389206
639.6914090660688,-0.17646831463315493
640.1293268323601,0.49225189091964694
640.5672161786135,0.1402918248027163
641.0050770904794,0.04252167781189087
641.4429095536074,-0.215561716763915
641.8807135536476,0.2791260532780342
642.3184890762501,0.29866033400099923
642.7562361070643,0.2947473210731175
643.1939546317404,-0.03568220214901885
643.6316446359288,0.37882774711418676
644.0693061052785,0.564590960377501
644.50693902544,0.4707344719401618
644.9445433820631,0.36709400034280293
645.3821191607977,0.17744036435699684
645.819666347294,0.3690559924521324
646.2571849272014,-0.2663987616035115
646.69467488617,0.5978268274341048
647.13213620985,0.21849158074505226
647.5695688838911,0.3143111433874708
648.006972893943,0.3123598518968862
648.4443482256561,0.43553093258877595
648.8816948646801,0.45901473344714816
649.3190127966648,-0.023954969323014552
649.7563020072602,0.30648532249450966
650.1935624821161,0.5196211440391494
650.6307942068829,0.7151570326055889
651.06799716721,0.24392919319949158
651.5051713487476,0.2419765833750489
651.9423167371453,0.49811914703197147
652.3794333180534,0.7112549900350871
652.8165210771217,0.42380723192458447
653.25358,0.40034483591462333
653.6906100723384,0.361246244666134
654.1276112797866,-0.010260767716346209
654.5645836079947,0.2732437900079532
655.0015270426125,0.026890720650527555
655.4384415692899,0.0425251266528619
655.8753271736772,0.39644177320744234
656.3121838414238,0.36906949529543454
656.7490115581799,-0.17646283487758296
657.1858103095952,0.5900139306587135
657.62258008132,0.14028469592197723
658.059320859004,0.7405560282044945
658.4960326282969,-0.1256284022454821
658.9327153748491,0.6408394988443007
659.36936908431,0.6095422002263433
659.8059937423301,0.32018719227279746
660.2425893345587,0.27324495506165647
660.6791558466462,0.3299537212913748
661.1156932642423,0.005377969561791929
661.552201572997,0.19113279155605767
661.98868075856,0.11487061376378449
662.4251308065815,-0.05132534277470313
662.8615517027114,0.4198890393622605
663.2979434325994,-0.016119609252243094
663.7343059818957,0.6095554315403007
664.17063933625,0.16960982014478532
664.6069434813124,0.4570386667595585
665.0432184027326,0.6662607587231122
665.4794640861606,0.3240747637933481
665.9156805172466,0.6271568456831602
666.3518676816401,0.7914061181195677
666.7880255649911,0.41793872753545713
667.2241541529497,0.5078817194127936
667.6602534311659,0.46290490674532236
668.0963233852893,0.20090545908614388
668.53236400097,0.41010643488814935
668.968375263858,0.49811854769583874
669.404357159603,0.14420912987692702
669.840309673855,0.936091765596629
670.2762327922641,0.455087883950398
670.71212650048,0.1168237092882265
671.1479907841527,0.4981058739846418
671.5838256289322,0.593896379567525
672.0196310204683,0.5391549748325843
672.4554069444108,0.20089507795297834
672.8911533864101,0.005377402225889227
673.3268703321156,0.6271499424575637
673.7625577671773,0.5958720445808012
674.1982156772455,0.2282782116046036
674.6338440479698,0.03472314300687174
675.069442865,0.3475573378425736
675.5050121139864,0.5860741933877733
675.9405517805785,0.1442082395689397
676.3760618504267,0.07576719184652347
676.8115423091805,0.3886034019219835
677.24699314249,0.02295803323144696
677.6824143360051,0.015152732641183775
678.1178058753758,0.1500656233432096
678.5531677462518,0.16178887260636543
678.9884999342834,0.5861040488066749
679.42380242512,0.6779800878154845
679.859075204412,0.5391488031441867
680.294318257809,0.6232454056569878
680.729531570961,0.1520189077596683
681.164715129518,0.8950133172678676
681.5998689191301,0.42965407811020384
682.0349929254468,-0.11780444050218364
682.4700871341182,0.2536983545409299
682.9051515307942,0.6955849320956986
683.3401861011249,0.5274266399695193
683.77519083076,-0.0767532829966342
684.2101657053496,0.24391728688911485
684.6451107105433,0.8226871935552253
685.0800258319914,0.30063043788550203
685.5149110553436,0.38470006971745363
685.94976636625,0.20286095002904858
686.3845917503603,0.6955877151383447
686.8193871933246,0.5352578276525293
687.2541526807927,0.5645872939329024
687.6888881984145,0.5039756010530709
688.12359373184,-0.053270471850794365
688.5582692667192,0.9224166844545181
688.9929147887017,0.3905607900350958
689.4275302834378,0.2986710249014095
689.8621157365773,-0.08457581610491616
690.29667113377,0.4805217999227125
690.731196460666,0.46681495035610965
691.165691702915,0.591938300080713
691.600156846167,0.6858190868647824
692.0345918760721,-0.02590334457715926
692.46899677828,0.1539795437220448
692.9033715384406,1.1883255816186136
693.3377161422043,-0.1803750285272656
693.7720305752202,0.18135613427443786
694.206314823139,0.157890123520545
694.64056887161,0.5645654078447251
695.0747927062836,0.5176504579710155
695.5089863128094,0.09336001000608007
695.9431496768375,0.46486281036148114
696.3772827840177,0.5802303081647011
696.81138562,0.7483639381005531
697.2454581704343,0.4257612827749142
697.6795004209706,0.826693001771801
698.1135123572586,0.3553588857773917
698.5474939649486,0.5860849898414529
698.98144522969,0.6525494817918087
699.4153661371331,0.31040284344291535
699.8492566729277,0.7464045078774149
700.2831168227239,0.47855130310905736
700.7169465721713,-0.07087436009813075
701.15074590692,0.48050969030053636
701.5845148126199,0.5450295640066827
702.018253274921,0.5704452919074043
702.451961279473,0.6936301427181348
702.8856388119261,0.4120831935063052
703.31928585793,0.9439227525692218
703.7529024031347,0.8833002917483412
704.1864884331901,0.5059291745391761
704.6200439337463,0.5430813526234886
705.0535688904529,0.2693476532186878
705.48706328896,0.13834301045901043
705.9205271149175,0.468779761189424
706.3539603539754,0.857904211409604
706.7873629917834,0.3436633992279212
707.2207350139915,0.12464985968513531
707.65407640625,0.4805300087510176
708.0873871542083,0.5372220522124991
708.5206672435165,0.5567868485460252
708.9539166598245,-0.08261802962388742
709.3871353887826,0.2986856496344217
709.82032341604,0.6076197114430357
710.253480727247,0.6076311083625114
710.6866073080537,0.7386455182487879
711.1197031441098,0.6291379847925072
711.5527682210652,0.8207516106928381
711.9858025245699,0.6291420583629161
712.4188060402739,1.2333162093937204
712.8517787538269,0.7796938422447539
713.284720650879,0.16570894336311426
713.71763171708,0.678000862289295
714.15051193808,1.215735988561235
714.5833612995287,0.5939237666309793
715.0161797870761,0.56850305058191
715.4489673863721,0.5489497828330059
715.8817240830668,0.408150159705599
716.3144498628101,0.7385942460991117
716.7471447112515,1.084682405266605
717.1798086140413,0.9321817795500635
717.6124415568294,0.7913851674610157
718.0450435252657,0.3925165881853161
718.477614505,0.6603758173983749
718.9101544816823,0.5430840790265137
719.3426634409625,0.7112127233985746
719.7751413684907,0.9517134253867567
720.2075882499165,0.31038499199900116
720.6400040708899,0.5939142314413601
721.0723888170611,1.1882951956223309
721.5047424740798,1.0807857365562938
721.9370650275958,0.8911191628345563
722.3693564632592,0.8461360197951535
722.80161676672,0.9145673690241409
723.2338459236279,0.7464039257804131
723.666043919633,1.1355305064781618
724.098210740385,0.6740698052531826
724.5303463715342,1.454228891134889
724.9624507987301,0.4413983243078974
725.3945240076226,1.0064608000893287
725.8265659838621,0.5274277850174229
726.2585767130983,1.1472573452233803
726.6905561809809,0.8754515856744689
727.1225043731599,0.9086984851654734
727.5544212752854,1.1589705460531547
727.9863068730074,0.6212810944223435
728.4181611519755,0.6291066669147085
728.8499840978396,1.0983513160044822
729.28177569625,0.8715309132487477
729.7135359328564,0.6115199525154367
730.1452647933086,0.5137380854610427
730.5769622632565,0.8148673886755802
731.0086283283505,1.2450258907184804
731.44026297424,1.2215285208996107
731.8718661865751,0.9693081637637562
732.3034379510057,1.0749012897829573
732.7349782531817,0.873515862381069
733.1664870787533,1.649748470081505
733.59796441337,1.1511613011022206
734.0294102426819,1.5617596292751301
734.4608245523389,1.303684555036
734.8922073279911,1.2958565016516985
735.3235585552881,1.1863504859608582
735.75487821988,1.4444549608559214
736.1861663074167,1.7279625364929814
736.6174228035482,1.4033627993508873
737.0486476939243,1.0963897385465629
737.4798409641949,1.2293711582508564
737.91100260001,0.8207208301105169
738.3421325870195,1.4229282401771286
738.7732309108733,1.657580066766954
739.2042975572214,1.1003418746962979
739.6353325117136,1.532439900921176
740.0663357600001,1.8276618371622533
740.4973072877303,1.6947278451324337
740.9282470805546,1.4268404001833517
741.3591551241226,1.417056754114114
741.7900314040845,1.7807979587120712
742.22087590609,2.484591493680142
742.651688615789,1.9665272161741
743.0824695188317,1.5852150081446865
743.513218600868,2.2891139123806994
743.9439358475472,2.1854796493609
744.37462124452,2.519808210976393
744.8052747774359,1.8491964140231687
745.235896431945,2.3477738574922995
745.666486193697,2.412338753516636
746.097044048342,2.2089670209633283
746.52756998153,2.9089326372156847
746.9580639789107,2.7251942918604755
747.3885260261341,2.87375339801072
747.8189561088502,2.768167265688362
748.2493542127089,3.0086561608734854
748.67972032336,3.1162186031731096
749.1100544264534,3.3625971779095494
749.5403565076393,3.6069722317132857
749.9706265525675,3.831870233339046
750.4008645468876,3.794672188595939
750.8310704762499,3.7262427809229166
751.2612443263042,4.181953448655847
751.6913860827005,4.741086119980395
752.1214957310887,4.705860225129442
752.5515732571184,4.870076559476843
752.9816186464399,5.286667220084226
753.4116318847031,5.182957805916146
753.8416129575577,5.875026953178761
754.2715618506538,6.049222142932848
754.7014785496413,6.340572568600237
755.1313630401701,6.827408006352329
755.5612153078899,6.8626196221848375
755.991035338451,7.234079876871149
756.4208231175029,7.263583701191109
756.8505786306961,8.10628260260438
757.28030186368,8.677215741899573
757.7099928021047,9.520119226884972
758.1396514316201,9.07422398655713
758.5692777378763,10.161290246725528
758.9988717065229,10.2103279763203
759.4284333232099,11.123301966068524
759.8579625735874,11.123646184810923
760.2874594433055,12.249930770286511
760.7169239180134,12.942002655705451
761.1463559833617,13.329187711582662
761.5757556249999,13.421242376399931
762.0051228285784,14.230591999034118
762.4344575797465,15.098856538593665
762.8637598641546,15.059659864477808
763.2930296674524,16.09605822346367
763.72226697529,16.622530462645187
764.1514717733172,16.98788985193191
764.5806440471837,18.122117273920153
765.0097837825398,18.90654329758938
765.4388909650354,19.831201102074132
765.8679655803201,20.838429244298396
766.2970076140439,21.534696593161698
766.7260170518568,21.960903088556236
767.1549938794091,22.971768235092682
767.5839380823501,23.498147704829066
768.01284964633,23.988673952764046
768.4417285569987,25.36689536207321
768.8705748000062,26.078794911576978
769.2993883610022,26.978633815013907
769.7281692256369,28.030797558080593
770.1569173795599,28.80138375281986
770.5856328084216,29.891079471125664
771.0143154978714,32.07361298633276
771.4429654335594,33.72580233693171
771.8715826011356,34.77218080398086
772.30016698625,37.0295588892882
772.7287185745523,38.6728441692231
773.1572373516925,40.37796510082923
773.5857233033206,42.106578762893434
774.0141764150865,44.90279745556411
774.44259667264,47.84137789200732
774.870984061631,50.391646211310736
775.2993385677098,53.06418714607121
775.7276601765259,56.9853359201655
776.1559488737294,59.150049731951704
776.58420464497,62.15863747865988
777.012427475898,66.14703014479659
777.4406173521629,69.53812913093606
777.868774259415,72.60448890947944
778.2968981833039,76.85681597086098
778.72498910948,81.99920055993722
779.1530470235926,85.86402949484827
779.5810719112922,90.18667625478366
780.0090637582282,95.2237045337863
780.437022550051,99.37982332312035
780.86494827241,104.18632180448039
781.2928409109555,108.5787923536632
781.7207004513373,113.41199361461688
782.1485268792054,118.51020306558948
782.5763201802097,124.22787688180942
783.00408034,128.47527144160097
783.4318073442263,134.2980577376057
783.8595011785386,139.8563741927867
784.2871618285866,144.84350007263185
784.7147892800205,149.50792861392324
785.14238351849,154.3283462312506
785.5699445296452,158.75100105585398
785.9974722991358,163.07174460126961
786.4249668126118,167.19043081328692
786.8524280557232,172.31586550198872
787.27985601412,176.12318888647576
787.7072506734519,181.86141865510075
788.1346120193689,186.5057801474078
788.561940037521,192.34721465189182
788.9892347135582,196.97840181574895
789.41649603313,202.06384813037533
789.8437239818867,208.5239546543765
790.270918545478,213.49828183814247
790.6980797095542,218.47906717004918
791.1252074597649,223.51355263994594
791.55230178176,228.69206948684993
791.9793626611895,233.20586476608378
792.4063900837034,238.53546828712157
792.8333840349515,243.30138981969998
793.2603445005836,247.99522737373104
793.6872714662499,253.7210656691646
794.1141649176003,259.71067448091117
794.5410248402845,266.01277535298027
794.9678512199526,273.5350895744653
795.3946440422544,280.56899687906656
795.82140329284,287.6138043059991
796.2481289573592,294.53597515758946
796.6748210214618,298.9846129892287
797.1014794707978,304.08901312968
797.5281042910173,307.268063657865
797.95469546777,310.4102916866832
798.3812529867059,313.91145224730127
798.8077768334749,319.38995405187256
799.234266993727,324.28625767862866
799.6607234531122,330.4416619600097
800.0871461972799,335.4841525649901
800.5135352118806,341.07608816149286
800.9398904825641,346.7773741713753
801.3662119949803,353.9013118910956
801.7924997347789,359.4904099747629
802.21875368761,365.1135158764068
802.6449738391235,370.1572251465174
803.0711601749694,376.78318258783383
803.4973126807973,380.8382605920365
803.9234313422577,385.96443659394015
804.3495161449999,389.760832223384
804.7755670746743,393.60412351276705
805.2015841169305,398.4342859402344
805.6275672574186,402.67676510991276
806.0535164817885,406.84056604052216
806.4794317756899,413.19942534092854
806.9053131247731,418.18614027936553
807.3311605146878,421.83242310672796
807.7569739310838,424.5732792874895
808.1827533596112,430.9102221727737
808.6084987859199,435.8455508446012
809.03421019566,438.82876668136026
809.4598875744811,441.9873165547942
809.8855309080329,446.28637002120405
810.311140181966,451.0049809317635
810.73671538193,454.42598717882447
811.1622564935747,457.5934144968635
811.5877635025502,460.34544857485554
812.0132363945063,463.6351327330563
812.4386751550929,467.52034625248103
812.8640797699601,471.0733055039789
813.2894502247575,472.9645095109019
813.7147865051354,475.9491887069611
814.1400885967435,477.70054783963445
814.5653564852316,477.247445383558
814.9905901562499,476.90142659106243
815.4157895954482,475.16953435654284
815.8409547884767,472.2984919096175
816.2660857209846,470.27358917636764
816.6911823786224,468.5753262052943
817.11624474704,464.5516233191833
817.5412728118872,462.72630022315025
817.9662665588138,461.4542110998452
818.3912259734698,459.9260030919061
818.8161510415052,459.83090369832854
819.2410417485701,458.97511515730366
819.6658980803139,455.65505046978353
820.0907200223869,453.1138745821629
820.515507560439,448.14817765407497
820.9402606801201,443.339380746985
821.36497936708,438.4499757256954
821.7896636069687,432.02082413422875
822.2143133854361,426.1744963630987
822.6389286881323,417.9635800589558
823.0635095007069,414.05271640393784
823.48805580881,410.2780226977256
823.9125675980915,406.00057713156514
824.3370448542013,402.5498970738608
824.7614875627894,397.4011490687542
825.1858957095056,392.5925088722061
825.6102692799999,385.9261272515283
826.0346082599224,380.9164206682703
826.4589126349225,371.87885162933486
826.8831823906506,364.42739158256427
827.3074175127564,355.8051577209345
827.73161798689,349.22948174676674
828.1557837987011,340.6968999959582
828.5799149338397,333.12366051601805
829.0040113779559,325.35310240973286
829.4280731166994,316.8307353637372
829.85210013572,308.94682643020457
830.2760924206679,301.11114066593314
830.700049957193,292.2553086642366
831.1239727309451,285.36480165526325
831.5478607275741,276.67201682760964
831.97171393273,268.78229832974495
832.3955323320628,261.7018730813785
832.8193159112221,253.65341586133314
833.2430646558582,246.37255682180162
833.6667785516208,238.15281309705998
834.09045758416,231.93931024928344
834.5141017391255,223.47961920791542
834.9377110021674,215.26328794452527
835.3612853589353,208.3195306972263
835.7848247950797,201.17710926921967
836.20832929625,194.9299069225753
836.6317988480963,188.05063047783057
837.0552334362685,180.47283723627504
837.4786330464167,173.52702358393063
837.9019976641905,168.25144093562295
838.3253272752399,162.56114701490705
838.7486218652151,155.37448518301753
839.1718814197658,148.51278966418147
839.5951059245418,142.07976474449373
840.0182953651932,136.65611743658755
840.44144972737,130.4236014743794
840.864568996722,125.4060993293059
841.2876531588989,118.86705050573087
841.710702199551,114.19680156561208
842.133716104328,109.02550782727927
842.5566948588801,104.55075662211803
842.9796384488568,100.2889938970252
843.402546859908,96.75356249323004
843.8254200776842,93.02644357515912
844.248258087835,89.56346314335316
844.6710608760101,85.67948631787003
845.0938284278595,82.06757291582892
845.5165607290334,78.11096313099709
845.9392577651814,75.25387995463505
846.3619195219537,71.59765011793799
846.7845459849999,67.9413257730002
847.2071371399703,65.24539226663805
847.6296929725146,61.56971223909149
848.0522134682826,58.82968956551027
848.4746986129244,56.632048211375576
848.89714839209,53.998115581822695
849.3195627914291,51.659590946393585
849.7419417965918,49.5996172260601
850.1642853932278,47.812332705027416
850.5865935669872,45.19146841713203
851.0088663035201,43.43576869970804
851.4311035884759,41.315638089551946
851.8533054075049,40.17233334800365
852.2754717462569,37.98220230815127
852.6976025903821,36.03776301530485
853.1196979255301,34.83382251823885
853.5417577373507,33.380368866671844
853.9637820114941,31.008233707610316
854.3857707336102,30.186377774134925
854.8077238893488,28.604539481419494
855.2296414643599,27.05487730210298
855.6515234442934,26.23582048625576
856.0733698147993,25.65873362485729
856.4951805615274,23.476659736252728
856.9169556701277,23.04057514018578
857.3386951262501,21.35664384863358
857.7603989155443,21.276558140329158
858.1820670236606,19.972301272159086
858.6036994362487,18.466085442784234
859.0252961389584,18.12798109830905
859.44685711744,18.0910499348971
859.8683823573431,16.991778339269175
860.2898718443178,16.053279816690022
860.7113255640138,14.9620779615081
861.1327435020813,14.854479225961171
861.55412564417,14.426497206127081
861.97547197593,12.713325632822901
862.396782483011,12.875619256658567
862.818057151063,11.99149139041019
863.239295965736,12.1012232371301
863.6604989126799,11.0825418971408
864.0816659775447,11.180094230683878
864.5027971459801,10.354950091925403
864.9238924036362,10.157507744013486
865.3449517361629,9.185664204405583
865.76597512921,9.883864599317917
866.1869625684276,8.905920840523123
866.6079140394653,8.908061987695447
867.0288295279734,8.182801065454129
867.4497090196018,8.155063131737776
867.8705525,7.883413384708348
868.2913599548183,7.322297500501918
868.7121313697065,6.727877315618159
869.1328667303147,6.5888669186009565
869.5535660222924,6.925258087508624
869.97422923129,6.051144893164761
870.394856342957,5.9319198775779824
870.8154473429438,5.51539553619628
871.2360022168999,5.840027207758425
871.6565209504753,4.946361011884562
872.07700352932,5.218302128362282
872.4974499390839,5.204531587909798
872.917860165417,4.741119771206584
873.338234193969,4.817377124297408
873.75857201039,4.676591553104274
874.1788736003301,4.631625740770843
874.5991389494386,3.9766101168690255
875.0193680433661,3.892511335926386
875.4395608677621,3.9981220585924717
875.8597174082769,4.185833061155037
876.27983765056,3.4251866103563486
876.6999215802615,3.5718622390750454
877.1199691830312,2.9559467570909277
877.5399804445194,3.4740355420632767
877.9599553503757,3.2394317397692305
878.37989388625,2.9833353642106744
878.7997960377922,2.6195898955699306
879.2196617906526,3.0165115445181954
879.6394911304806,3.008637990060734
880.0592840429265,2.8600879781520945
880.47904051364,1.9371634401927906
880.8987605282712,2.746698260299695
881.3184440724698,2.2363831015771893
881.7380911318858,2.54334340945762
882.1577016921692,2.1874454394187666
882.57727573897,2.648908526010814
882.9968132579379,1.7631572738783774
883.4163142347229,1.755336622058877
883.8357786549751,2.213235513467609
884.2552065043441,1.9997813363885228
884.67459776848,2.3028313485985024
885.0939524330327,2.087798292373961
885.5132704836521,2.064297954355169
885.9325519059884,1.5930588472026415
886.3517966856909,1.7573130872549854
886.77100480841,1.610688522984475
887.1901762597955,1.7514409446130372
887.6093110254974,1.550065451230651
888.0284090911654,1.3251732431631211
888.4474704424496,1.2392540212253635
888.8664950650001,1.4464137953350757
889.2854829444664,1.2958637969394573
889.7044340664986,0.9145692674638184
890.1233484167467,1.5559332447169396
890.5422259808606,0.994762470788018
890.9610667444899,1.520742007261191
891.379870693285,0.8324500283454768
891.7986378128957,1.096432784713656
892.2173680889719,1.1648602246878283
892.6360615071633,0.8344061676132526
893.05471805312,1.1453194901989008
893.4733377124919,0.7346836564992145
893.891920470929,1.1590162393254388
894.310466314081,0.46683271090515177
894.7289752275981,1.5813425680386786
895.14744719713,0.746431484444102
895.5658822083267,1.3916712817885042
895.9842802468382,0.8481060450021118
896.4026412983142,0.8715535886561412
896.8209653484048,0.8539718376037939
897.2392523827601,0.8128967923129693
897.6575023870295,0.9243639955958258
898.0757153468634,0.8578889492938657
898.4938912479114,0.6858152991366779
898.9120300758237,0.41794352842642013
899.33013181625,1.1316182999457283
899.7481964548402,-4.546626829144685
900.1662239772445,1.0514486920178143
900.5842143691126,1.1785425204249833
901.0021676160945,0.6075985062523444
901.42008370384,0.8578959769046861
901.8379626179991,0.6036957243547505
902.2558043442217,0.7796710126937683
902.6736088681579,0.7229597251816244
903.0913761754573,0.5626348638311924
903.5091062517699,0.7796687111803919
903.9267990827459,0.7738066084896218
904.344454654035,0.3729703712310197
904.7620729512871,0.7992296727772157
905.1796539601521,0.5782585160295213
905.5971976662801,0.8363766432856039
906.0147040553207,0.2752027407863835
906.4321731129241,0.7386191069256967
906.8496048247403,0.7386046241122983
907.266999176419,0.6584307999768413
907.68435615361,0.5665418245878158
908.1016757419635,0.13051124908314193
908.5189579271292,0.8813142761214721
908.9362026947574,0.0014811799716483165
909.3534100304977,0.6838694872393063
909.7705799199999,0.4941916170762539
910.1877123489144,0.6252095585038262
910.6048073028907,0.8168097347546137
911.0218647675786,0.5880552937607604
911.4388847286284,0.3592810613571089
911.8558671716901,0.7385910349292857
912.2728120824131,0.5313437344654091
912.6897194464477,0.8383195030321815
913.1065892494438,0.12465021115916386
913.5234214770513,0.30647859853394266
913.9402161149201,0.4765986460519116
914.3569731486998,0.4140304611022856
914.773692564041,0.2771562559515246
915.190374346593,0.6995083145882859
915.6070184820061,0.6779848302735161
916.0236249559299,0.8637602039557493
916.4401937540147,0.4277088668158058
916.8567248619102,0.30258731160458296
917.2732182652663,-0.20970546967102166
917.6896739497329,0.29477244685642745
918.1060919009599,-0.03177629544636318
918.5224721045976,0.49419521652954757
918.9388145462954,0.01125418912221221
919.3551192117034,0.4022918650855587
919.7713860864716,0.3162642530517559
920.1876151562501,0.48833272352520396
920.6038064066884,0.10314250741333808
921.0199598234366,0.505936474072513
921.4360753921446,0.43359046177295113
921.8521530984625,0.5039628360654405
922.26819292804,0.49810182307776074
922.684194866527,0.30648727905229123
923.1001588995737,0.9008841608445408
923.5160850128299,0.462906178305559
923.9319731919453,0.32408560156487454
924.34782342257,0.3045317622843129
924.7636356903539,0.16962033624167816
925.179409980947,0.7796756674523806
925.5951462799991,0.511802039249929
926.01084457316,0.2693491514272921
926.42650484608,0.5665426106026104
926.8421270844087,0.24783596453470125
927.2577112737962,0.8989472397987015
927.6732573998922,0.35341564872571496
928.0887654483469,0.5899942535633897
928.50423540481,0.3025753595524492
928.9196672549315,0.5587180541911039
929.3350609843613,0.4042551230991336
929.7504165787493,0.5528549237051408
930.1657340237457,0.32409581752533256
930.581013305,-0.18232711949326585
930.9962544081623,0.5274442301569735
931.4114573188825,0.47073164781564003
931.8266220228106,0.4629128277884007
932.2417485055965,-0.004393794751194946
932.65683675289,0.2810665008104394
933.0718867503412,0.7151410504170315
933.4868984835998,-0.19211868818480582
933.9018719383158,0.0444870501193293
934.3168071001393,-0.19601162814088013
934.7317039547199,0.3064913812729486
935.1465624877079,0.4159801835132413
935.561382684753,0.02492477396098991
935.976164531505,-0.11389688762548644
936.390908013614,0.7601176291174596
936.80561311673,0.22045186041580678
937.2202798265026,0.4179403978597378
937.6349081285822,0.4492401725580919
938.0494980086183,0.7151488059425333
938.464049452261,0.7386106160799955
938.87856244516,-0.006356129926587073
939.2930369729655,0.06794942128088621
939.7074730213274,0.5685018428208934
940.1218705758954,0.34560860448380026
940.5362296223196,0.3768787496518229
940.95055014625,0.11877904619670687
941.3648321333363,0.3416889561006542
941.7790755692286,-0.33485056298111715
942.1932804395767,0.19309432418457106
942.6074467300305,0.3240746647009587
943.02157442624,-0.3856951214016391
943.4356635138552,0.39643347292144426
943.8497139785258,0.5372195616800042
944.2637258059018,0.36906928731482935
944.6776989816334,0.31822634546527695
945.09163349137,-0.04545638350789716
945.5055293207619,0.26348204775693773
945.919386455459,0.3084548324516021
946.3332048811111,-0.2644533025269169
946.7469845833681,0.3944836088110435
947.1607255478799,0.9673691819894259
947.5744277602967,0.27716676143775487
947.9880912062682,0.4570386515670748
948.4017158714443,0.1813487356786112
948.8153017414749,0.85200209978521
949.2288488020099,0.7992226147291035
949.6423570386996,0.12660301672573837
950.0558264371933,0.34754978166016315
950.4692569831413,0.36514827800046135
950.8826486621937,0.5176663571628666
951.2960014600001,0.47073660148642205
951.7093153622103,0.34754977421914646
952.1225903544746,0.5528813998065374
952.5358264224426,-0.14712977852249765
952.9490235517645,0.5215720331416378
953.3621817280899,0.7112474774021393
953.7753009370691,0.3201841571157189
954.1883811643518,0.45705542612404315
954.6014223955879,0.48247307385156546
955.0144246164273,0.3690695562412003
955.42738781252,0.5567683278013931
955.8403119695158,0.07771347566730924
956.2531970730649,0.21850000504777256
956.666043108817,0.8246484195699821
957.078850062422,0.29280819442767836
957.49161791953,0.33777691771105367
957.9043466657907,1.2411273545715602
958.3170362868542,0.341681975383338
958.7296867683702,-0.31723951034389586
959.1422980959888,0.37491752370718245
959.55487025536,-0.1491086576324534
959.9674032321335,-0.14712801950845744
960.3798970119593,0.4433503921885489
960.7923515804873,0.5509033579964608
961.2047669233677,-0.022000814246638356
961.61714302625,0.7581591612087379
962.0294798747842,0.40424622708023605
962.4417774546205,0.2947521202927703
962.8540357514087,0.12464131418440161
963.2662547507985,0.6115024004960645
963.67843443844,0.15202966485855995
964.0905747999832,0.5157050363695532
964.5026758210778,0.5469842435367696
964.9147374873738,0.040575587907284216
965.3267597845213,0.23609796572843322
965.73874269817,0.6291194701445022
966.15068621397,0.824634019002616
966.5625903175709,0.6408406241634736
966.9744549946231,0.1363679659811936
967.3862802307762,0.23414031015578018
967.79806601168,0.9028453661185267
968.2098123229847,0.33582457104486707
968.6215191503401,0.580232946436098
969.0331864793962,0.14420002720029856
969.444814295803,0.6428058042301643
969.85640258521,0.42184103096475667
970.2679513332674,0.4374835561016823
970.6794605256254,0.23414333785025576
971.0909301479335,0.07773545137585813
971.5023601858417,0.2204578624996003
971.9137506249999,0.5000734723258375
972.3251014510585,0.33581691387337287
972.7364126496666,0.5528709821727347
973.1476842064747,0.13247148092951022
973.5589161071325,0.5333172757052296
973.9701083372901,0.3768819058309987
974.3812608825972,0.5039835361649949
974.7923737287038,0.7503480121854125
975.2034468612597,-0.029807802825544627
975.6144802659153,-0.23904109520994155
976.02547392832,0.4140453829989781
976.436427834124,0.10314935234166
976.8473419689769,0.3847079208108397
977.2582163185291,0.13247114964811146
977.6690508684301,0.10118251123772382
978.07984560433,0.5176715311586406
978.4906005118787,0.16766675962740862
978.9013155767261,0.5274278391326419
979.3119907845222,0.1500692154303067
979.7226261209169,0.4335931502716477
980.13322157156,0.3553796081390317
980.5437771221016,0.3944799388861071
980.9542927581913,-0.03177445087202102
981.3647684654794,0.013193879333684322
981.7752042296156,-0.045468581010013054
982.18560003625,0.848100459790146
982.5959558710323,-0.03959761558830621
983.0062717196125,0.08945088696580683
983.4165475676406,0.3260443231530843
983.8267834007665,0.582177954931737
984.23697920464,0.457043513414618
984.6471349649111,0.5391706630788917
985.0572506672297,0.1696357792854002
985.4673262972459,0.5626271189751435
985.8773618406093,0.41403944855903774
986.2873572829699,0.5430798031572976
986.6973126099779,0.6134703862272914
987.107227807283,0.47464491744227644
987.5171028605351,0.3671116717398206
987.9269377553841,0.33386599884084944
988.33673247748,0.4590156408595476
988.7464870124728,0.14615972397571397
989.1562013460122,0.23219719547613238
989.5658754637483,-0.13541349434949268
989.975509351331,0.4218577919772315
990.38510299441,0.724925237488705
990.7946563786356,0.44923127634881155
991.2041694896573,0.3260336102359105
991.6136423131255,0.15593907819820174
992.0230748346899,0.6369348002874915
992.43246704,0.5078950570307654
992.8418189147064,0.1598561825944671
993.2511304444588,0.13052586362807972
993.6604016149066,0.26933856468230033
994.0696324117006,0.41794109799444357
994.47882282049,0.21263226217203623
994.8879728269252,0.3925159824368194
995.2970824166558,0.33386681883013125
995.7061515753319,0.21851174595367695
996.1151802886034,0.20873470942760264
996.5241685421202,0.34168324438739717
996.933116321532,0.3847184999156781
997.342023612489,-0.3328747040882263
997.750890400641,-0.05328136286053109
998.1597166716381,0.41207336273244266
998.5685024111301,0.04644721221893633
998.9772476047667,0.3788301015107862
999.3859522381982,0.40425916668270645
999.7946162970744,0.1872313548794864
1000.2032397670449,0.5821877316134163
1000.6118226337601,0.5469990949272727
1001.0203648828694,0.18136039629615652
1001.4288665000234,0.5802203139682831
1001.8373274708716,0.27129627198077344
1002.2457477810636,0.4120790838091182
1002.65412741625,-0.08261300196370769
1003.0624663620805,0.2830339125006418
1003.4707646042046,0.04252636174022939
1003.8790221282727,0.5782880533535035
1004.2872389199345,0.6310659157831537
1004.69541496484,0.06403866477276665
1005.1035502486392,0.7288203047370274
1005.5116447569817,-0.1295360059591104
1005.9196984755179,0.30062923572630496
1006.3277113898973,0.015155163108559577
1006.73568348577,0.49615382253307416
1007.1436147487859,0.4140252792893335
1007.5515051645949,0.3710219284509151
1007.9593547188471,0.357328902781191
1008.3671633971921,0.40229902870872536
1008.77493118528,0.37297070955489176
1009.1826580687607,0.6095699258839602
1009.5903440332843,0.777715549476639
1009.9979890645003,0.4003456236109031
1010.4055931480591,0.40816476940364055
1010.81315626961,0.5059289094593424
1011.2206784148036,0.31039577868180857
1011.6281595692894,0.37885103123019803
1012.0355997187174,-0.05328901032365252
1012.4429988487376,0.33385795851620514
1012.8503569450002,0.0718615364203572
1013.2576739931542,0.500058509379798
1013.6649499788506,0.29867765260154044
1014.0721848877387,0.4179320154209023
1014.4793787054684,0.5763349550671961
1014.8865314176902,0.744478516299182
1015.2936430100531,0.26542529365303835
1015.7007134682077,0.26740039329224885
1016.1077427778039,0.21263995951908043
1016.5147309244912,-0.1275897254866578
1016.9216778939201,0.44533520793338255
1017.32858367174,-0.008310645812983353
1017.735448243601,0.27520876313431586
1018.1422715951531,0.7073386214413944
1018.5490537120461,0.6780029310114628
1018.9557945799301,0.21263052024447404
1019.3624941844547,0.15202878138363474
1019.7691525112702,0.5548190681648038
1020.1757695460262,0.5391998783610319
1020.582345274373,-0.03568534163478887
1020.98887968196,0.20091535640392522
1021.3953727544376,0.46096500616371827
1021.8018244774553,0.674091236044859
1022.2082348366635,0.5939380768684686
1022.6146038177118,-0.04350192480480075
1023.02093140625,0.3104032202864744
1023.4272175879283,0.4120762251813943
1023.8334623483967,0.4355511092074664
1024.2396656733047,0.662356266102023
1024.6458275483026,-0.006364021033192557
1025.0519479590398,0.5000696550596189
1025.458026891167,0.7874868839347187
1025.864064330334,0.7425091496048708
1026.2700602621896,0.3397414169196509
1026.6760146723855,0.5391637233975217
1027.0819275465701,0.24978919776152964
1027.4877988703938,0.5997739381536604
1027.893628629507,0.7874876552251209
1028.299416809559,0.09923678316906148
1028.7051633962,0.43749764000490643
1029.11086837508,0.6506215130506661
1029.5165317318485,0.4746603397530009
1029.9221534521564,0.9537917873829542
1030.3277335216524,-0.03959028560467459
1030.733271925987,0.2517371304459175
1031.13876865081,1.1844273871405449
1031.5442236817717,0.43750034806963356
1031.9496370045213,0.5450454511845493
1032.3550086047094,0.8129236427857478
1032.7603384679855,0.05621892096171166
1033.16562658,0.818793606999975
1033.5708729264024,0.5489617712677415
1033.9760774928425,0.6584416241881286
1034.3812402649708,0.17745239066374552
1034.7863612284364,0.3319141130463663
1035.1914403688902,0.2517379839851088
1035.5964776719813,0.6310720957473421
1036.0014731233596,0.07380529847117145
1036.4064267086758,1.252865632738164
1036.8113384135795,0.25371136575307673
1037.21620822372,0.681916871877192
1037.6210361247481,0.7249248319771766
1038.025822102313,0.2537049766671231
1038.4305661420651,0.5372024971071738
1038.835268229654,0.871584767298458
1039.23992835073,0.3162759114904077
1039.6445464909427,0.9009061917268326
1040.0491226359422,0.9361043352775482
1040.4536567713783,0.8304860490654704
1040.858148882901,0.730796370192536
1041.2625989561602,0.6291212004556854
1041.6670069768056,1.5168444449767549
1042.0713729304875,0.7523080415631256
1042.4756968028553,0.7640433583886619
1042.8799785795597,0.7484055259127302
1043.2842182462502,0.934134651531437
1043.688415788576,0.7034153038916315
1044.0925711921886,1.0847220047633215
1044.496684442737,0.8676611827472698
1044.9007555258704,0.7679314737348903
1045.30478442724,0.14224006682320578
1045.708771132495,1.3076058964239081
1046.1127156272858,0.8774473539398429
1046.516617897262,0.7483821344908961
1046.9204779280733,1.0729806130659227
1047.32429570537,0.6662784566800042
1047.7280712148022,0.7660012218489669
1048.1318044420188,1.2411209073466694
1048.5354953726712,0.6799508387696278
1048.939143992408,0.3886209236169833
1049.3427502868801,0.8813609751922229
1049.7463142417369,0.8383332771775827
1050.1498358426281,1.3994895706279777
1050.5533150752044,1.2958932429802132
1050.956751925115,0.8129199532154132
1051.36014637801,0.6662596558697089
1051.7634984195395,1.293935707276077
1052.1668080353531,1.3956169548766582
1052.5700752111015,1.5911283806173628
1052.9732999324337,0.6916863070728425
1053.376482185,1.11014916479553
1053.7796219544505,1.4346994823012693
1054.1827192264348,1.1062079468386656
1054.5857739866026,1.1140406711736262
1054.9887862206047,1.4112444749462014
1055.39175591409,0.9713062040421505
1055.7946830527092,1.1453164180567939
1056.1975676221118,1.4307772720176644
1056.600409607948,1.2548299722512724
1057.0032089958675,1.139476320820009
1057.4059657715202,1.4444795784036017
1057.808679920556,1.4972963392055476
1058.211351428625,1.1296806310710394
1058.6139802813768,1.2176663135297332
1059.0165664644621,1.73388038322895
1059.4191099635302,1.1160102045158595
1059.8216107642306,0.6545400675948372
1060.2240688522143,0.7288396370922214
1060.6264842131304,1.710381811893285
1061.028856832629,2.044774392627744
1061.43118669636,0.9146000266603096
1061.8334737899734,1.6263195216345139
1062.2357180991196,1.3095505183419647
1062.6379196094474,1.6869190909862084
1063.0400783066077,1.4659983989564296
1063.44219417625,2.1425251218237946
1063.8442672040246,1.3857854621042662
1064.2462973755805,1.9958736900403835
1064.648284676569,1.6126842019877046
1065.0502290926383,2.314586192016833
1065.45213060944,1.7260497887964164
1065.8539892126232,2.031069555170731
1066.2558048878377,1.6791364447300765
1066.657577620734,1.35846015081448
1067.0593073969615,1.6106999703898026
1067.46099420217,1.7181976633571452
1067.86263802201,1.9118362873699937
1068.264238842131,1.581355961951033
1068.6657966481832,1.9039908728237407
1069.0673114258161,1.2782921354820616
1069.46878316068,1.669344923341157
1069.870211838425,1.8511690624419828
1070.2715974447003,1.8374826138264666
1070.672939965156,1.5402997674138135
1071.074239385443,1.9489479009179007
1071.4754956912102,2.04667817767762
1071.8767088681075,1.9235327451271331
1072.2778789017855,1.7984030263347535
1072.6790057778933,1.4894259554945677
1073.0800894820818,1.4875064099597637
1073.4811300000001,1.8902968883215294
1073.8821273172982,2.136639776289016
1074.2830814196266,2.1562091172416302
1074.683992292635,2.0643061076761597
1075.0848599219723,2.5414135791265267
1075.4856842932902,1.7084324035184295
1075.8864653922371,2.052609572166631
1076.2872032044638,1.5540017257041114
1076.68789771562,2.5766030443074897
1077.0885489113552,2.2226881777432794
1077.48915677732,1.9763295759183563
1077.889721299164,1.8120642837713348
1078.290242462537,2.085807809395021
1078.690720253089,2.3791395236950166
1079.09115465647,1.8551434859464848
1079.49154565833,2.1073346315616277
1079.8918932443187,2.756531764866523
1080.2921974000863,1.7436154359232745
1080.6924581112823,2.795594995784924
1081.092675363557,1.93920730728955
1081.4928491425599,2.1034449307455105
1081.8929794339415,1.9723979610185296
1082.2930662233514,1.8512068266142307
1082.6931094964393,2.025212881301158
1083.0931092388557,2.3360675625634855
1083.49306543625,2.0956455544973664
1083.8929780742724,2.285264835856296
1084.2928471385728,2.3673778701932093
1084.6926726148006,1.9978344209265089
1085.0924544886066,1.9020367157410902
1085.4921927456398,2.2422730155136605
1085.891887371551,2.4338606717693665
1086.2915383519899,1.9606697310536134
1086.691145672606,2.5902878955115085
1087.0907093190492,2.5374980576227415
1087.49022927697,2.146456917000222
1087.889705532018,2.252026367427902
1088.2891380698431,2.1444957289627666
1088.688526876095,2.4025729623162135
1089.087871936424,2.463200204288455
1089.4871732364802,2.369393329874441
1089.8864307619128,2.0115248298811963
1090.2856444983722,2.2442156340437265
1090.6848144315084,2.2676768873468234
1091.0839405469708,2.021303654257963
1091.48302283041,2.0272008113799274
1091.8820612674756,2.877795475631032
1092.2810558438173,2.5551556991349003
1092.6800065450857,2.7272054085450605
1093.0789133569297,2.2285547154894942
1093.477776265,1.9196551837606535
1093.8765952549466,2.402610883011633
1094.2753703124185,2.3243752253989385
1094.6741014230668,2.0761120211456046
1095.0727885725405,1.943138170352185
1095.47143174649,1.962663004974928
1095.8700309305652,2.521861270698537
1096.2685861104158,2.1347722406553657
1096.6670972716918,2.0584676369451103
1097.0655644000435,2.3420159169199337
1097.46398748112,1.931416081910399
1097.862366500572,2.146514746343513
