# Wavelength [nm],one_counts_50avgs_60.0ms
204.6342027473783,0.9182927725674119
205.09290097994656,-0.39100486110064026
205.55158468335466,0.23458694155723947
206.01025384325246,1.2126879433535578
206.46890844529,-2.8216502990119352e-05
206.9275484751171,3.5796851522321873
207.38617391838378,7.648453671423596
207.84478476073983,7.335642279984384
208.30338098783528,8.078674032008493
208.76196258532,6.024663679769844
209.22052953884392,7.589169877112937
209.67908183405694,7.902272702962634
210.13761945660903,8.70418344451393
210.59614239215006,7.804935897462705
211.05465062633,6.768061110927853
211.5131441447987,6.591779321791854
211.97162293320616,6.415947278591034
212.43008697720222,7.980876242286591
212.88853626243687,6.513873158950091
213.34697077456,9.272122405194331
213.80539049922152,10.347746437591717
214.26379542207135,7.31577840688324
214.72218552875944,5.418213779930838
215.18056080493565,7.843844872808646
215.63892123624998,8.762802333545885
216.0972668083523,4.909866856091519
216.55559750689255,5.809213744882847
217.01391331752063,6.337876279768217
217.47221422588646,8.333655456318176
217.93050021764,8.469701935361108
218.3887712784311,5.751237099396178
218.84702739390977,8.548272678913264
219.3052685497258,8.997573390285126
219.7634947315293,7.472243297685871
220.22170592496997,8.997919241224125
220.67990211569793,8.547667215054467
221.13808328936295,7.43283606966947
221.59624943161504,8.860818002423471
222.0544005281041,10.719055651985535
222.51253656448003,8.76299702684804
222.97065752639273,9.975720332212013
223.42876339949214,6.572383804078989
223.88685416942823,6.8462141766601405
224.34492982185088,7.589471475585725
224.80299034241003,6.9441840017727685
225.26103571675552,9.291231806729066
225.71906593053734,6.828378300839713
226.17708096940547,11.013028074890293
226.6350808190097,7.335810064832316
227.093065465,9.095398017537384
227.55103489302633,9.506843630780004
228.00898908873856,8.547673870492495
228.46692803778666,6.846378890018855
228.92485172582047,7.237868540788469
229.38276013849,6.846631659719179
229.8406532614451,9.390994859003907
230.29853108033578,8.567421697827875
230.75639358081185,7.66770293921995
231.21424074852328,6.533054041257174
231.67207256912,7.589606281770301
232.1298890282519,6.8271224477405
232.58769011156895,5.965655838849038
233.04547580472104,8.039434952941896
233.5032460933581,8.509126546147833
233.96100096312998,7.804480551385296
234.41874039968673,8.215525781051973
234.87646438867816,7.393969354892093
235.33417291575424,8.235604663556622
235.79186596656487,6.650560973888119
236.24954352676,8.254903343195863
236.7072055819895,7.922268383514613
237.16485211790337,8.587320507929448
237.62248312015146,6.689768602257651
238.08009857438367,6.416059563204193
238.53769846625,9.467763297879571
238.9952827814003,5.926855383156671
239.45285150548455,5.8879295058990735
239.91040462415262,9.076455079759477
240.36794212305446,9.115511969952514
240.82546398783998,10.269997788085448
241.28297020415908,7.335040189372961
241.74046075766174,9.66266302769089
242.19793563399782,7.687061515961496
242.65539481881726,6.55265064744772
243.11283829777,7.081855023286565
243.57026605650591,6.96349580204614
244.02767808067495,7.902722088143214
244.48507435592703,7.589657785621213
244.9424548679121,8.509319250243848
245.39981960228,6.924607116729796
245.85716854468072,8.09823495438711
246.31450168076415,7.707404460223209
246.77181899618026,8.372694872243954
247.22912047657888,6.475143487417718
247.68640610761,7.902791034633175
248.1436758749235,8.978587962117444
248.60092976416936,8.509118047389883
249.05816776099743,7.784789458869369
249.5153898510577,8.939859456588401
249.97259602,10.640599538060634
250.42978625347433,7.198763539528315
250.88696053713053,9.33023318343119
251.34411885661865,9.154615283469283
251.80126119758845,9.487681801752345
252.25838754569,9.310935997939467
252.71549788657313,7.9809224989535466
253.17259220588778,8.176723967810013
253.62967048928382,9.096138234366997
254.0867327224113,9.05676577105482
254.54377889092,7.237863642666703
255.00080898045994,8.880761188832139
255.45782297668097,7.882718052567938
255.91482086523303,7.961625789369087
256.37180263176606,8.371839664386492
256.82876826193,10.15215215580939
257.2857177413747,5.3990303552373575
257.7426510557501,8.333232010399684
258.19956819070626,10.015325925984015
258.6564691318929,7.531224847384848
259.11335386496006,9.506513588919596
259.57022237555753,8.450152102601336
260.02707464933536,8.137676330212756
260.4839106719435,8.332847419015813
260.94073042903176,7.218689642947034
261.39753390625,6.905121502565741
261.8543210892483,9.545846430829336
262.3110919636766,9.232691890236374
262.7678465151847,10.406588552573758
263.2245847294225,8.900520894517555
263.68130659203996,9.252448974905555
264.1380120886871,6.14255765913331
264.5947012050138,8.117965053225191
265.05137392666984,8.07904640889204
265.5080302393053,9.428373208534886
265.96467012857,9.663381706106257
266.4212935801139,8.19641614982907
266.87790057958694,9.858861479025244
267.3344911126391,10.836991125151862
267.7910651649201,7.707327711676591
268.24762272208005,9.99597174787096
268.70416376976874,9.19406443954287
269.16068829363616,7.844018203953425
269.61719627933223,10.347380473401685
270.0736877125069,7.707065821357546
270.53016257880995,10.406592470623046
270.9866208638915,8.685006338055445
271.4430625534014,8.78328590617059
271.89948763298946,7.315815554231747
272.35589608830566,8.43112712346948
272.812287905,8.607031798995912
273.2686630687223,8.098229894393462
273.7250215651226,8.508740707934955
274.1813633798506,8.039983437539433
274.6376884985565,8.353023576422828
275.09399690688997,9.311128474490538
275.5502885905011,7.980756886787354
276.0065635350398,10.387675078468213
276.4628217261559,7.707279439173391
276.91906314949927,8.998293416791569
277.37528779072,10.621438935787516
277.8314956354679,9.155561135857077
278.287686669393,8.313426240751589
278.74386087814503,9.330636264661756
279.2000182473741,9.643495988507325
279.65615876273,9.213482891622412
280.1122824098627,9.643626581908102
280.5683891744221,8.313730527982841
281.02447904205826,8.70480491938654
281.4805519984209,9.565372460300814
281.93660802916,8.157822498673383
282.3926471199255,8.939282386741183
282.8486692563674,7.902573912303659
283.30467442413544,10.249933143225192
283.76066260887967,9.23303383563821
284.21663379624994,8.997772866958506
284.67258797189635,9.369741375211824
285.12852512146856,7.6483826766314635
285.58444523061667,9.09619217948989
286.0403482849905,7.31599170686777
286.49623427024,9.839089309656913
286.9521031720151,9.409089897823911
287.40795497596577,10.797611499947621
287.86378966774186,8.35275395375691
288.3196072329933,7.628816003592213
288.77540765736995,10.054298891642482
289.23119092652195,7.805013444427999
289.68695702609904,8.19674394026994
290.14270594175105,8.548311652503259
290.5984376591281,9.096164247230554
291.05415216387996,7.628585205809387
291.50984944165674,10.13316365341877
291.9655294781082,10.328422730545412
292.4211922588842,8.939552680686504
292.87683776963485,10.054627030507284
293.33246599601006,7.061945814244929
293.7880769236595,10.426520119864719
294.2436705382333,10.386900316240869
294.6992468253814,10.719108860295933
295.15480577075374,10.250194177965113
295.61034736,11.443421426631943
296.06587157877027,9.858804572566733
296.52137841271457,10.797671218108597
296.97686784748265,10.778794734223226
297.4323398687245,9.389444984618102
297.88779446208997,9.702207364238248
298.3432316132291,9.193748801636964
298.7986513077918,9.663095905252995
299.25405353142787,10.524040894370877
299.70943826978726,10.269685063801617
300.16480550852,6.9832394702064065
300.62015523327597,10.054420116593903
301.07548742970494,10.151759046200077
301.5308020834571,9.956909470660577
301.98609918018207,10.210770635134999
302.44137870553,9.604756338811136
302.89664064515074,10.54433265156645
303.3518849846942,11.65856941015673
303.8071117098102,8.489899037785833
304.26232080614886,5.907867374097997
304.71751225936,11.679297753514515
305.1726860550935,7.023758862319838
305.62784217899934,10.191648416341678
306.0829806167274,10.054566187888618
306.53810135392763,8.861086457073519
306.99320437625,10.700598882722083
307.4482896693443,8.724790833636803
307.9033572188606,12.148095967131539
308.3584070104486,12.127636508181702
308.81343902975846,8.900617528135847
309.26845326244,10.17223997790608
309.72344969414314,8.88124323038845
310.17842831051775,9.781022599362032
310.6333890972138,10.876423463384526
311.08833203988127,12.108726258731117
311.54325712417,8.56800741041318
311.9981643357299,8.900992820721996
312.45305366021097,9.175054787294805
312.907925083263,11.149780254172747
313.3627785905361,10.602035010392086
313.81761416767995,9.428565206387304
314.2724318003447,11.24753496587956
314.7272314741802,9.115791676702692
315.18201317483624,12.186151696086966
315.63677688796287,12.029824119554618
316.09152259921,10.777975926526395
316.54625029422755,10.544028714002792
317.00095995866536,9.604466611080078
317.4556515781734,11.384832730220978
317.9103251384017,12.363290280702309
318.36498062500004,11.032805536143641
318.8196180236183,12.773731373882583
319.27423731990655,12.323516265490483
319.7288384995146,12.930473705286651
320.18342154809255,9.741367959193163
320.63798645129,11.130358600264984
321.0925331947571,13.537097343030482
321.5470617641438,9.74160671688604
322.0015721450999,11.424041530559094
322.45606432327526,9.917536719832071
322.91053828431995,10.074107021357996
323.3649940138839,10.856341600206434
323.81943149761696,10.484594667387434
324.273850721169,13.185394287051935
324.72825167019005,10.915043430753592
325.18263433033,10.34794800050377
325.63699868723876,12.636470916332684
326.0913447265662,9.174369797905754
326.5456724339622,10.347729963034809
326.99998179507685,13.008347971436073
327.45427279556003,12.734702153610577
327.9085454210615,13.105911726000038
328.36279965723134,11.052465381579275
328.81703548971944,12.049810831212312
329.2712529041757,11.189662099759047
329.72545188624997,10.230062520810343
330.1796324215923,12.519376387657957
330.63379449585256,8.25481375847594
331.0879380946807,11.991611396447666
331.54206320372646,11.71767166319858
331.99616980863993,10.308503597831617
332.4502578950711,12.676657826834472
332.90432744866973,11.95386817911664
333.3583784550858,11.32583672114206
333.8124108999692,12.108196764314151
334.26642476896996,12.069480515618785
334.72042004773795,14.51466319274924
335.17439672192296,11.364935677299727
335.628354777175,13.418827918123625
336.0822941991441,9.761155234378407
336.53621497348,12.949409926478623
336.9901170858327,12.42152921427175
337.44400052185216,11.913096503478236
337.89786526718825,13.027574867665976
338.3517113074909,12.656040537803989
338.80553862841,12.12826057924211
339.25934721559554,12.401831610133932
339.7131370546974,12.36301424286819
340.16690813136546,12.891102712102182
340.62066043124963,12.306944353950968
341.07439394,14.847441665513934
341.52810864326636,13.732202533886493
341.98180452669857,14.22145092670167
342.43548157594665,14.35806637700884
342.8891397766605,13.22355533887054
343.34277911449,14.71176906410049
343.7963995750851,14.573030862369912
344.25000114409573,13.028221004877835
344.70358380717187,14.357940812198606
345.15714754996327,13.086769253883453
345.61069235812,13.10629520756381
346.0642182172919,11.893529632320593
346.51772511312896,14.064898282818788
346.9712130312811,16.197455107378723
347.4246819573981,15.551574134515974
347.87813187713,16.50939485391639
348.3315627761267,14.240684725513304
348.7849746400382,14.37817792553328
349.2383674545142,18.075635856968724
349.6917412052049,17.155781232974597
350.14509587776,17.585866732150365
350.5984314578296,16.529953500218383
351.05174793106335,21.478541712917142
351.50504528311143,18.721469822215294
351.9583234996237,18.544214582391866
352.41158256625005,15.277728361081628
352.86482246864034,17.449394747948936
353.3180431924445,17.50831811890479
353.77124472331263,20.38470407797104
354.2244270468945,19.445266452820864
354.67759014884,22.047829624446475
355.1307340147991,25.899969391510652
355.5838586304218,29.639117418913273
356.03696398135787,34.137476137126264
356.4900500532573,35.760152795117236
356.94311683176994,40.90926764973252
357.3961643025459,50.9455517475769
357.849192451235,59.710722774453835
358.302201263487,70.30039545470186
358.75519072495206,82.06118907090831
359.20816082128,97.17506628884303
359.6611115381208,112.15143922040235
360.1140428611242,133.25585391018421
360.56695477594025,158.07052159583014
361.0198472682189,184.76044520044513
361.47272032361,216.60809470372146
361.9255739277635,251.01413467417248
362.3784080663293,287.08715310613957
362.83122272495746,332.69354714594357
363.28401788929773,384.18447355113267
363.73679354499995,430.4839033133849
364.1895496777143,483.76708808225453
364.6422862730906,542.8562224205489
365.0950033167787,607.8798238838972
365.54770079442847,670.2957256831926
366.00037869169,736.1379561219965
366.45303699421316,799.8310372972679
366.9056756876478,861.5734197243665
367.3582947576438,922.8646821999808
367.8108941898513,984.1696102872772
368.26347396992,1028.4472666111208
368.7160340834999,1082.8973527653666
369.16857451624094,1115.6529390101364
369.62109525379304,1144.182532158231
370.0735962818061,1167.703752498548
370.52607758593,1188.2773426622812
370.9785391518147,1204.003661927378
371.43098096511017,1207.1742682480053
371.88340301146627,1206.0660742122714
372.3358052765329,1203.8381900722868
372.78818774596,1195.5194764584623
373.2405504053975,1178.0949132722299
373.6928932404954,1164.2548419337238
374.1452162369035,1146.544270573371
374.59751938027165,1138.1903114940135
375.04980265625005,1114.7685128853518
375.50206605048834,1102.759311216245
375.95430954863656,1090.9232613953243
376.40653313634465,1072.5289783508688
376.8587367992625,1061.3325196210276
377.31092052304,1046.5476664833504
377.7630842933271,1040.4406655466214
378.21522809577374,1033.28773076243
378.6673519160298,1029.3780334561202
379.1194557397453,1027.6848176576536
379.57153955257,1030.5687370588328
380.0236033401539,1040.7292420536019
380.47564708814696,1046.2026186566811
380.9276707821991,1063.2596549347647
381.37967440796007,1078.0764621982792
381.83165795108,1107.4391572408288
382.2836213972087,1148.5500243680735
382.7355647319962,1189.1358196933593
383.18748794109223,1248.7909534244038
383.6393910101468,1308.9852398307348
384.09127392481,1378.4588680782572
384.54313667073154,1468.5659606000413
384.99497923356137,1573.614925607929
385.44680159894943,1674.7465793890083
385.8986037525457,1790.5577868213477
386.35038568000004,1913.9540980170245
386.8021473669623,2050.167111623724
387.2538887990825,2196.0657138726865
387.7056099620106,2348.234642410631
388.1573108413965,2507.3912347581118
388.60899142288997,2677.306618707771
389.0606516921411,2853.113107775983
389.51229163479974,3044.7152768022524
389.96391123651586,3223.610729336712
390.4155104829392,3392.7063692952006
390.86708935971996,3541.6041176891963
391.3186478525079,3681.967696277463
391.77018594695295,3797.5596374795655
392.22170362870503,3914.051215327549
392.67320088341404,3995.7331013948265
393.12467769673003,4062.2196412683525
393.5761340543027,4136.869734376956
394.02756994178213,4185.76634859954
394.4789853448183,4193.230717672518
394.93038024906093,4163.5175118009465
395.38175464016,4127.805630864811
395.8331085037655,4075.4873282705353
396.2844418255273,3986.767875213971
396.7357545910955,3926.2788459764265
397.18704678611965,3813.304583344707
397.63831839625,3715.347642409094
398.0895694071363,3620.4564355474945
398.5407998044286,3498.2837525672394
398.99200957377667,3395.8081765780535
399.44319870083046,3287.2685690661674
399.89436717124,3193.6749688791665
400.3455149706552,3095.8379388251615
400.7966420847258,2999.1242431171113
401.2477484991018,2905.429405509227
401.6988341994333,2828.2511022514045
402.14989917137,2773.083778609734
402.6009434005619,2704.3372070000614
403.05196687265897,2660.938671205535
403.502969573311,2620.2375314810356
403.9539514881681,2598.4112044966537
404.40491260288,2576.8388155745897
404.8558529030967,2553.5619437798837
405.30677237446815,2533.023945964484
405.75767100264426,2537.5823176327144
406.2085487732749,2545.6522713873283
406.65940567201,2551.352880528482
407.11024168449956,2572.080291521492
407.56105679639336,2591.0621223422086
408.01185099334145,2615.972757141083
408.46262426099366,2644.531771364099
408.91337658500004,2691.0328926670645
409.36410795101034,2734.304513367263
409.81481834467456,2775.0437135968514
410.26550775164264,2832.3352621509393
410.71617615756446,2895.9687908781407
411.16682354809,2960.5444095501944
411.6174499088691,3032.628584702098
412.06805522555175,3090.927830621405
412.51863948378787,3174.751075297609
412.96920266922734,3265.9573601402567
413.41974476752,3374.942040051174
413.8702657643159,3471.47037796032
414.32076564526494,3575.7148826126954
414.77124439601704,3682.781037817003
415.22170200222206,3790.9183583231816
415.67213844952994,3923.572996246299
416.1225537235907,4052.7502745796423
416.5729478100542,4183.865410437225
417.02332069457026,4298.521194683926
417.4736723627889,4421.974492838196
417.92400280036,4547.53786562076
418.37431199293354,4670.951792681102
418.82459992615935,4807.297994003722
419.2748665856874,4902.521637861232
419.7251119571677,5018.487276857865
420.17533602625,5087.036419413946
420.6255387785843,5189.295317620448
421.0757201998205,5279.850664205726
421.52588027560864,5322.730535932051
421.9760189915985,5376.063531724993
422.42613633344,5425.678829878736
422.87623228678314,5474.502862116626
423.3263068372778,5493.266939021986
423.7763599705739,5507.496431325405
424.22639167232126,5500.457133471073
424.67640192817004,5474.991101174223
425.12639072377,5462.273841479482
425.576358044771,5431.187302406138
426.0263038768231,5389.458211667162
426.4762282055761,5351.647976751671
426.92613101668,5308.766684603357
427.37601229578473,5275.449645993711
427.8258720285401,5232.605864994603
428.2757102005963,5208.640267532888
428.7255267976029,5173.594744328727
429.17532180521005,5135.015803155368
429.62509520906747,5079.222258488105
430.0748469948254,5029.5679333979
430.52457714813346,5000.182814757569
430.9742856546417,4969.174721244347
431.42397249999993,4961.639388482946
431.87363766985834,4957.511409893176
432.3232811498666,4943.397275054578
432.77290292567466,4954.328089280892
433.2225029829325,4977.329555688239
433.67208130729,5001.653080932748
434.12163788439716,5057.62002377181
434.5711726999038,5097.954693250439
435.0206857394598,5162.40540054436
435.47017698871525,5235.670920414707
435.91964643332005,5302.0653856352
436.36909405892396,5380.1065637966
436.8185198511769,5467.749396485284
437.2679237957291,5537.95016068224
437.7173058782301,5673.816796607857
438.16666608433,5762.539594063046
438.6160043996787,5859.173356891124
439.06532080992616,5961.091743169495
439.51461530072226,6052.261482211321
439.9638878577169,6143.613290711592
440.41313846655993,6223.902583053514
440.86236711290155,6280.315299189349
441.3115737823914,6320.879956791712
441.7607584606794,6377.784808920816
442.20992113341566,6408.012671223125
442.65906178625,6437.090494140542
443.10818040483235,6422.673051356952
443.55727697481257,6426.016431015164
444.00635148184057,6381.637858755382
444.45540391156646,6324.92123646983
444.90443424964,6249.680484591351
445.3534424817111,6168.039227411324
445.80242859342974,6057.921036455784
446.25139257044583,5926.0580308587705
446.70033439840927,5825.955880932322
447.14925406297,5679.983734863677
447.59815154977787,5557.031610335727
448.04702684448296,5439.146208269971
448.4958799327351,5312.337899283852
448.94471080018405,5207.725615166671
449.39351943248,5120.436209394083
449.8423058152727,5044.670080539212
450.2910699342122,4972.018178293644
450.73981177494824,4943.318995484663
451.18853132313086,4892.190956547913
451.63722856441007,4876.904866194804
452.08590348443556,4862.4053677873035
452.53455606885734,4857.631654713427
452.98318630332545,4876.143802912819
453.4317941734897,4913.673278480318
453.880379665,4962.366705597947
454.3289427635063,5022.128940802758
454.7774834546585,5108.121120828324
455.2260017241067,5191.341996027679
455.6744975575005,5280.414327199211
456.12297094049,5395.75586147437
456.57142185872516,5538.840613187665
457.0198502978558,5677.369252521507
457.4682562435318,5830.895443753482
457.9166396814033,6023.652445010003
458.36500059711994,6184.1395709151475
458.813338976332,6377.593454960323
459.261654804689,6548.461167444712
459.709948067841,6774.201469811252
460.158218751438,6987.400660772466
460.60646684113004,7193.650944385504
461.0546923225667,7429.507382573786
461.5028951813981,7630.637373840655
461.9510754032742,7851.41319673346
462.39923297384496,8091.682428296349
462.84736787876,8318.113998495131
463.2954801036695,8566.903908320006
463.7435696342233,8810.024298252745
464.1916364560715,9051.212751397301
464.6396805548637,9245.732889579123
465.08770191624996,9424.180009506286
465.53570052588026,9610.704272237928
465.9836763694046,9788.024678552783
466.4316294324727,9934.865992238098
466.87955970073443,10065.504628607738
467.32746715984007,10171.092181808373
467.7753517954391,10277.717237842087
468.2232135931818,10369.896557915952
468.67105253871784,10420.591386008613
469.11886861769733,10479.657040682323
469.56666181577003,10504.75224762263
470.01443211858594,10513.463606959414
470.46217951179494,10480.09844171583
470.9099039810471,10434.630973796411
471.3576055119921,10355.05438673326
471.80528409028,10286.556941726394
472.2529397015607,10203.51038824286
472.7005723314842,10100.87550467237
473.14818196570025,9979.281690752132
473.59576858985884,9814.242743593175
474.04333218961,9652.951362068903
474.49087275060356,9481.84970336575
474.9383902584894,9321.41515704743
475.38588469891744,9176.63706697658
475.8333560575377,9001.756280927
476.2808043200001,8834.67337035254
476.72822947195436,8623.400724231704
477.17563149905055,8453.401936507269
477.6230103869386,8275.540058482422
478.07036612126853,8138.043199823883
478.51769868769003,7991.7498626956485
478.9650080718531,7869.771071176738
479.4122942594077,7756.591643524653
479.85955723600387,7648.629766442271
480.3067969872913,7550.937223787693
480.75401349892,7420.905880451271
481.2012067565399,7305.29497101425
481.648376745801,7214.872328202371
482.09552345235306,7142.065145101857
482.54264686184604,7058.399205284364
482.98974695992996,6979.673460666902
483.43682373225477,6886.032757992223
483.8838771644702,6831.277566829301
484.33090724222626,6811.793485344314
484.7779139511728,6776.537350135916
485.22489727696,6732.998702361519
485.67185720523753,6715.140101465022
486.1187937216554,6708.819402140339
486.5657068118634,6704.683814820235
487.0125964615117,6701.724492183652
487.45946265625,6696.821206162864
487.9063053817283,6663.001623793469
488.3531246235965,6665.6015570946465
488.7999203675047,6671.502410115824
489.2466925991025,6676.41536704958
489.69344130403994,6687.300028496979
490.14016646796705,6710.751621941888
490.5868680765338,6748.603819332485
491.0335461153898,6789.944344774308
491.4802005701853,6829.383035187068
491.92683142657,6859.955886345519
492.37343867019393,6886.476209000765
492.82002228670694,6905.140695898901
493.266582261759,6937.619450768404
493.713118581,6979.636089541823
494.15963123008004,7030.49413189206
494.6061201946487,7099.079060417915
495.05258546035617,7127.723229206625
495.4990270128523,7186.441711730577
495.9454448377869,7233.527895916008
496.39183892081,7297.757020922627
496.8382092475715,7374.067634136327
497.28455580372145,7448.075138800885
497.73087857490947,7504.027010708592
498.1771775467857,7563.424924038743
498.623452705,7642.396219040654
499.0697040352024,7693.000913520483
499.5159315230426,7758.205849644817
499.9621351541706,7807.975244036702
500.4083149142364,7844.811540723763
500.85447078889007,7900.434940505821
501.30060276378117,7951.57764464976
501.7467108245597,7999.703530429465
502.19279495687584,8093.575509152842
502.63885514637934,8141.528074669199
503.08489137872,8179.94577547405
503.53090363954794,8263.570623905722
503.9768919145129,8305.79961975265
504.4228561892651,8367.041033559968
504.8687964494541,8436.15354569331
505.31471268073,8481.42300086941
505.7606048687427,8536.50642104887
506.2064729991422,8591.420191952762
506.6523170575783,8593.811618840118
507.09813702970087,8625.351096291362
507.54393290115996,8629.226892918008
507.98970465760556,8657.001895803074
508.4354522846874,8688.022696037842
508.88117576805547,8730.8637851928
509.32687509335966,8722.444000157691
509.7725502462501,8750.157802277008
510.21820121237636,8756.213555243976
510.66382797738856,8801.243785530993
511.1094305269366,8838.043948334453
511.5550088466705,8854.054753931649
512.0005629222401,8906.303650001346
512.4460927392951,8943.996509621089
512.8915982834857,8963.084455589531
513.3370795404619,8984.361611280001
513.7825364958733,9004.150690511122
514.22796913537,9052.578876178692
514.6733774446019,9052.517404451693
515.118761409219,9060.727707488715
515.564121014871,9046.571238862338
516.009456247208,9038.93414459547
516.45476709188,9017.83751992284
516.9000535345367,9017.02207764023
517.3453155608282,9047.107477323767
517.7905531564043,9049.772704644529
518.2357663069148,9068.022168968619
518.68095499801,9141.15582105326
519.1261192153396,9174.298819667352
519.5712589445534,9191.21238589249
520.0163741713013,9147.606410390612
520.4614648812337,9158.77154437309
520.9065310599999,9143.230057156868
521.3515726932503,9172.543405094259
521.7965897666345,9194.382245362021
522.2415822658027,9243.289728026048
522.6865501764045,9269.645708248718
523.13149348409,9307.40817943898
523.5764121745092,9294.777063001744
524.0213062333119,9310.893978739614
524.4661756461479,9326.32913181665
524.9110203986673,9313.674677855452
525.3558404765201,9310.702444102832
525.8006358653558,9298.296626441124
526.2454065508249,9299.8057751369
526.690152518577,9297.21855957763
527.1348737542621,9313.452530833722
527.57957024353,9319.61708230442
528.0242419720307,9381.000836515357
528.4688889254141,9410.270102757684
528.9135110893303,9466.155324897789
529.358108449429,9451.926896134899
529.8026809913599,9469.224883414894
530.2472287007735,9475.004561458802
530.6917515633194,9494.318526482644
531.1362495646474,9488.090066100258
531.5807226904077,9483.981745028994
532.02517092625,9442.440468482919
532.4695942578244,9435.382255270319
532.9139926707805,9387.958202191718
533.3583661507687,9388.644607061895
533.8027146834385,9386.009560069662
534.24703825444,9407.534696128663
534.6913368494231,9457.319172314303
535.1356104540378,9508.874080577743
535.5798590539338,9572.74733039096
536.0240826347614,9620.903573958749
536.46828118217,9610.755809343778
536.9124546818099,9670.29252049724
537.356603119331,9673.533480076001
537.8007264803831,9679.287674091034
538.2448247506161,9708.729730931102
538.68889791568,9696.54931088198
539.1329459612247,9669.07850342787
539.5769688729001,9676.153372857856
540.0209666363562,9665.783278225123
540.4649392372428,9659.739092808526
540.9088866612099,9686.164546233622
541.3528088939075,9702.565685193886
541.7967059209853,9729.773814302807
542.2405777280934,9740.779067256619
542.6844243008816,9777.329165941332
543.128245625,9794.645901631504
543.5720416860984,9836.407186701987
544.0158124698265,9836.452478888681
544.4595579618347,9882.885249996445
544.9032781477725,9885.324126843052
545.3469730132899,9885.519962796187
545.790642544037,9900.835484838419
546.2342867256638,9922.664053431834
546.67790554382,9942.316957858242
547.1214989841552,9951.542031158124
547.56506703232,9948.49057309777
548.008609673964,9901.258996790095
548.4521268947369,9885.974806927587
548.8956186802891,9875.831634281158
549.33908501627,9892.686462961363
549.7825258883299,9876.054050953217
550.2259412821187,9888.740335360651
550.6693311832862,9874.941338584347
551.1126955774822,9851.423764016798
551.556034450357,9844.026365087584
551.99934778756,9827.347441452559
552.4426355747415,9870.53555823002
552.8858977975514,9876.464133983505
553.3291344416394,9885.300156650426
553.7723454926557,9875.048570418003
554.21553093625,9870.260124733702
554.6586907580722,9885.747692997305
555.1018249437726,9838.818764901325
555.5449334790007,9821.586106727196
555.9880163494065,9813.071795040787
556.43107354064,9793.075903607241
556.8741050383512,9797.217618320528
557.3171108281898,9779.304237780083
557.7600908958058,9801.151631275412
558.2030452268492,9784.000220788406
558.64597380697,9795.116601029165
559.0888766218179,9774.324194517136
559.5317536570429,9752.24246958357
559.974604898295,9726.159499939058
560.4174303312241,9717.89916671038
560.86022994148,9660.126805944707
561.3030037147128,9649.217469390742
561.7457516365721,9620.132013553126
562.1884736927083,9611.449537957187
562.6311698687709,9601.398257755653
563.07384015041,9630.349386491574
563.5164845232755,9619.976438332089
563.9591029730174,9587.49949546077
564.4016954852855,9555.696734268326
564.8442620457297,9495.911095682544
565.28680264,9441.03763321411
565.7293172537464,9353.636173807698
566.1718058726185,9325.726198913388
566.6142684822667,9317.469844951755
567.0567050683404,9337.366929378548
567.49911561649,9390.213352027442
567.9415001123651,9419.526106939113
568.3838585416157,9469.794650206197
568.8261908898918,9489.812136310831
569.2684971428433,9492.100649293257
569.71077728612,9461.10451277426
570.153031305372,9440.465371427827
570.5952591862489,9403.916610127439
571.037460914401,9370.566922807095
571.4796364754782,9333.35413645468
571.92178585513,9296.087560457965
572.3639090390067,9287.514073150982
572.8060060127583,9291.21069152254
573.2480767620343,9284.92101257751
573.6901212724848,9280.588172159807
574.1321395297599,9300.4001629864
574.5741315195095,9297.553722612169
575.0160972273833,9263.647610352527
575.4580366390314,9219.005861294863
575.8999497401037,9224.09656809789
576.34183651625,9215.82165937261
576.7836969531204,9180.6355416223
577.2255310363646,9129.498475370026
577.6673387516327,9095.444812011334
578.1091200845746,9061.406049388374
578.5508750208401,9036.391715968692
578.9926035460791,9002.723487368099
579.4343056459417,8983.133870576508
579.8759813060778,8942.512996425117
580.3176305121373,8920.83640006166
580.75925324977,8893.356912048544
581.200849504626,8892.306828610135
581.642419262355,8889.20870014503
582.0839625086071,8908.369198184973
582.525479229032,8917.493990061077
582.9669694092801,8935.799656747697
583.4084330350007,8918.375117509313
583.8498700918442,8935.667612360487
584.2912805654602,8899.975945770453
584.732664441499,8926.94896568851
585.17402170561,8939.085394436992
585.6153523434435,8951.238947587553
586.0566563406493,8982.477846977588
586.4979336828775,8979.183960365921
586.9391843557777,8976.075118904626
587.380408345,8963.32436443087
587.8216056361942,8972.795502780273
588.2627762150107,8976.750232955874
588.7039200670987,8967.023392442587
589.1450371781085,8957.251764948083
589.58612753369,8956.986374172033
590.0271911194932,8955.442815532315
590.4682279211678,8950.106081830381
590.9092379243638,8953.613832328949
591.3502211147312,8957.843273140143
591.7911774779201,8976.756132296958
592.23210699958,9002.969454477414
592.673009665361,8988.939632238958
593.113885460913,8989.673259203237
593.5547343718861,8989.37799430023
593.99555638393,9014.827236465057
594.4363514826947,9005.004011406356
594.87711965383,9018.965283980744
595.3178608829862,9027.075604728234
595.7585751558129,9042.0495604892
596.19926245796,9042.97626967328
596.6399227750775,9059.287449314594
597.0805560928154,9047.808021406096
597.5211623968235,9053.13520183316
597.9617416727517,9050.230868131668
598.40229390625,9060.209070598625
598.8428190829684,9060.578660388017
599.2833171885566,9090.486968617195
599.7237882086647,9088.273954135231
600.1642321289424,9101.33547353796
600.60464893504,9110.964653814584
601.0450386126072,9117.553389620261
601.4854011472937,9128.20710930235
601.9257365247498,9152.025974275788
602.3660447306254,9140.350233881509
602.80632575057,9168.483770996947
603.246579570234,9162.29865588209
603.686806175267,9169.146806049015
604.1270055513191,9166.969570028674
604.5671776840401,9165.923432071093
605.00732255908,9146.279341915702
605.4474401620887,9166.054340482533
605.8875304787161,9153.749005190228
606.3275934946123,9156.053932559902
606.7676291954268,9174.293460388022
607.2076375668099,9194.526840258253
607.6476185944116,9227.347056490875
608.0875722638814,9239.072791698756
608.5274985608694,9263.523735519224
608.9673974710257,9325.070772441155
609.40726898,9355.583968323475
609.8471130734424,9377.931810860868
610.2869297370025,9388.262395702293
610.7267189563307,9412.221075592399
611.1664807170765,9406.66931640974
611.60621500489,9411.913744383479
612.0459218054211,9397.605883765338
612.4856011043198,9393.469850131802
612.9252528872358,9403.5669656859
613.3648771398193,9384.597628452178
613.80447384772,9385.268958416109
614.244042996588,9374.659365703272
614.6835845720731,9369.924226889889
615.123098559825,9365.789740238024
615.562584945494,9353.040251984201
616.00204371473,9390.57020556778
616.4414748531827,9412.803801621514
616.8808783465022,9446.487449468063
617.3202541803382,9485.175152580226
617.7596023403408,9512.760410313502
618.19892281216,9504.728781477112
618.6382155814456,9521.854552948806
619.0774806338472,9537.28156600454
619.5167179550155,9525.341847064752
619.9559275305998,9535.098259242925
620.39510934625,9567.317728271802
620.8342633876164,9553.069807776437
621.2733896403486,9568.013358264956
621.7124880900967,9595.01935341794
622.1515587225105,9595.612925566042
622.59060152324,9632.519675150772
623.0296164779352,9637.430557127449
623.4686035722458,9644.288953904932
623.9075627918219,9641.996783163475
624.3464941223133,9657.744352846397
624.78539754937,9659.394416995327
625.224273058642,9658.517640885095
625.6631206357789,9671.194142938684
626.101940266431,9680.700105375377
626.5407319362481,9698.84289368427
626.97949563088,9665.117312027209
627.4182313359768,9706.585630258629
627.8569390371881,9721.995951672914
628.2956187201643,9721.626110885274
628.7342703705549,9737.306315012283
629.17289397401,9768.791190524114
629.6114895161794,9769.934248736037
630.0500569827134,9790.617792137858
630.4885963592615,9823.834821384984
630.9271076314736,9845.362383489675
631.3655907849999,9851.038834376455
631.8040458054903,9869.462826820063
632.2424726785946,9851.537236017282
632.6808713899626,9843.270529714642
633.1192419252445,9824.667126293341
633.55758427009,9787.389452561361
633.995898410149,9790.077490861579
634.4341843310717,9767.298550616055
634.8724420185079,9784.923148721708
635.3106714581073,9802.006483884124
635.74887263552,9787.432133050554
636.1870455363959,9815.807314740383
636.6251901463851,9795.044712258958
637.063306451137,9786.909399274316
637.5013944363021,9793.426911468507
637.93945408753,9786.476317370856
638.3774853904708,9783.738171743673
638.8154883307741,9737.776833225531
639.2534628940903,9738.586342441611
639.6914090660688,9692.792043569774
640.1293268323601,9674.286751202399
640.5672161786135,9645.43500291459
641.0050770904794,9636.58532910614
641.4429095536074,9600.484379861315
641.8807135536476,9578.356538338756
642.3184890762501,9572.104162066169
642.7562361070643,9536.451517265865
643.1939546317404,9559.604171611934
643.6316446359288,9554.615759558332
644.0693061052785,9564.377134952241
644.50693902544,9574.656827471392
644.9445433820631,9577.508715124224
645.3821191607977,9565.687202033934
645.819666347294,9574.596190212053
646.2571849272014,9568.675419844934
646.69467488617,9575.892768274696
647.13213620985,9556.115354776854
647.5695688838911,9544.821534972238
648.006972893943,9508.948271108731
648.4443482256561,9506.929114675468
648.8816948646801,9467.88159038114
649.3190127966648,9462.680574864244
649.7563020072602,9462.345739907012
650.1935624821161,9461.015950136747
650.6307942068829,9451.353006733669
651.06799716721,9440.175935333407
651.5051713487476,9447.355976348405
651.9423167371453,9457.02492045009
652.3794333180534,9430.751254301664
652.8165210771217,9423.604666509968
653.25358,9393.642477110185
653.6906100723384,9348.696349395586
654.1276112797866,9310.924741749759
654.5645836079947,9275.81901323214
655.0015270426125,9249.792088143384
655.4384415692899,9198.207400613172
655.8753271736772,9159.819473344232
656.3121838414238,9141.514846276556
656.7490115581799,9119.264063376875
657.1858103095952,9102.653807443308
657.62258008132,9094.851612859198
658.059320859004,9052.936830724586
658.4960326282969,9047.89296159638
658.9327153748491,9035.797830364294
659.36936908431,9003.577530354434
659.8059937423301,9002.181042559276
660.2425893345587,8985.015181541425
660.6791558466462,8966.066718435733
661.1156932642423,8937.985559036691
661.552201572997,8902.38671155329
661.98868075856,8856.746846264363
662.4251308065815,8841.028809509922
662.8615517027114,8782.475814768648
663.2979434325994,8738.906801081948
663.7343059818957,8695.511478989549
664.17063933625,8667.61427343059
664.6069434813124,8645.47067411227
665.0432184027326,8636.286788737872
665.4794640861606,8627.628427174697
665.9156805172466,8621.703058016097
666.3518676816401,8622.531084906015
666.7880255649911,8608.24369790161
667.2241541529497,8598.691092856896
667.6602534311659,8592.938508205152
668.0963233852893,8601.576471770124
668.53236400097,8561.535547796762
668.968375263858,8561.625411139497
669.404357159603,8553.345381956227
669.840309673855,8542.424837874943
670.2762327922641,8555.895558615795
670.71212650048,8563.913168258507
671.1479907841527,8579.18503987313
671.5838256289322,8570.63430407253
672.0196310204683,8590.440383071811
672.4554069444108,8595.317456642719
672.8911533864101,8590.383265774863
673.3268703321156,8630.928224406423
673.7625577671773,8625.717290339164
674.1982156772455,8639.12401917881
674.6338440479698,8639.087954824257
675.069442865,8642.880236765086
675.5050121139864,8638.171103401966
675.9405517805785,8627.116702931584
676.3760618504267,8627.963679284203
676.8115423091805,8620.610959151049
677.24699314249,8595.052704213684
677.6824143360051,8613.159557233319
678.1178058753758,8599.619587196526
678.5531677462518,8584.190517663586
678.9884999342834,8567.941677694489
679.42380242512,8558.524914211717
679.859075204412,8558.464134579968
680.294318257809,8537.764234637598
680.729531570961,8512.569566912252
681.164715129518,8507.58980085218
681.5998689191301,8452.060279814097
682.0349929254468,8406.277208931147
682.4700871341182,8348.72693278667
682.9051515307942,8288.968874383245
683.3401861011249,8262.817349746296
683.77519083076,8236.919567695
684.2101657053496,8192.74606207846
684.6451107105433,8137.827254013348
685.0800258319914,8115.6880960829185
685.5149110553436,8068.183540465629
685.94976636625,8049.545183435442
686.3845917503603,7984.376412249492
686.8193871933246,7974.229200115012
687.2541526807927,7945.184932749068
687.6888881984145,7884.349967318289
688.12359373184,7834.7720990746075
688.5582692667192,7790.4882167389205
688.9929147887017,7727.542499830436
689.4275302834378,7680.645855332956
689.8621157365773,7640.9622704954245
690.29667113377,7607.213086566524
690.731196460666,7578.76633457544
691.165691702915,7575.852923717858
691.600156846167,7569.075741523359
692.0345918760721,7568.962982295204
692.46899677828,7561.8897094443855
692.9033715384406,7541.061023661096
693.3377161422043,7532.44403417387
693.7720305752202,7532.251235589627
694.206314823139,7514.860475082607
694.64056887161,7522.154762174547
695.0747927062836,7533.277429798817
695.5089863128094,7556.786210962432
695.9431496768375,7574.392367844882
696.3772827840177,7597.86912578117
696.81138562,7628.782696733321
697.2454581704343,7664.557768161886
697.6795004209706,7715.66368243513
698.1135123572586,7752.066104262786
698.5474939649486,7814.768265252485
698.98144522969,7873.254061886278
699.4153661371331,7915.082755192347
699.8492566729277,7973.764368346099
700.2831168227239,8001.296524181662
700.7169465721713,8013.708427288393
701.15074590692,8070.6588642185925
701.5845148126199,8092.952930478266
702.018253274921,8160.544641812702
702.451961279473,8221.096052526462
702.8856388119261,8283.369360105435
703.31928585793,8357.283463080657
703.7529024031347,8452.672244634598
704.1864884331901,8536.888146473242
704.6200439337463,8608.921531072368
705.0535688904529,8648.053246811573
705.48706328896,8697.609150792214
705.9205271149175,8727.1402678915
706.3539603539754,8779.8611647749
706.7873629917834,8824.322594069245
707.2207350139915,8864.545364172158
707.65407640625,8905.890798297389
708.0873871542083,8938.596673454493
708.5206672435165,8960.664196785514
708.9539166598245,8949.622763209945
709.3871353887826,8946.444840063881
709.82032341604,8913.133955692247
710.253480727247,8907.564570349085
710.6866073080537,8872.478465511987
711.1197031441098,8835.596946847925
711.5527682210652,8801.580487734227
711.9858025245699,8768.928032768026
712.4188060402739,8733.043550065931
712.8517787538269,8696.59286213038
713.284720650879,8661.958948813572
713.71763171708,8648.017965704426
714.15051193808,8551.401241601221
714.5833612995287,8498.042894584923
715.0161797870761,8458.088403839598
715.4489673863721,8342.502256928223
715.8817240830668,8214.438993056385
716.3144498628101,8182.760742138824
716.7471447112515,8266.697314210984
717.1798086140413,8315.035011314221
717.6124415568294,8259.902332140706
718.0450435252657,8178.444203598661
718.477614505,8105.883481372464
718.9101544816823,8065.46696861133
719.3426634409625,7963.8402486027135
719.7751413684907,7878.7257180813585
720.2075882499165,7850.257312148291
720.6400040708899,7871.208720259938
721.0723888170611,7942.4688643307
721.5047424740798,7961.401304646872
721.9370650275958,7942.1667483759975
722.3693564632592,7912.973517381277
722.80161676672,7897.55911992765
723.2338459236279,7874.328198880923
723.666043919633,7870.323796816467
724.098210740385,7864.9914484854835
724.5303463715342,7865.889892482482
724.9624507987301,7874.273590744628
725.3945240076226,7887.798270354958
725.8265659838621,7906.422748356694
726.2585767130983,7935.476767792823
726.6905561809809,7963.013596878323
727.1225043731599,7969.499708318545
727.5544212752854,7991.456817034697
727.9863068730074,8018.763749188795
728.4181611519755,8066.010799824144
728.8499840978396,8078.606330378487
729.28177569625,8102.166141874706
729.7135359328564,8132.987794948313
730.1452647933086,8167.872199697378
730.5769622632565,8197.848907593521
731.0086283283505,8212.606085670213
731.44026297424,8259.111044996118
731.8718661865751,8294.051831086126
732.3034379510057,8298.349677322562
732.7349782531817,8306.376828955988
733.1664870787533,8314.291592264266
733.59796441337,8333.39903482102
734.0294102426819,8318.636962438137
734.4608245523389,8301.350060060815
734.8922073279911,8289.581007722347
735.3235585552881,8251.811123126901
735.75487821988,8216.682473518387
736.1861663074167,8182.490380343183
736.6174228035482,8122.091692680273
737.0486476939243,8058.4197928169415
737.4798409641949,8034.0823907254635
737.91100260001,7972.7491373228495
738.3421325870195,7911.532025447571
738.7732309108733,7828.525003785753
739.2042975572214,7744.150533425496
739.6353325117136,7643.33731292471
740.0663357600001,7562.3124015719495
740.4973072877303,7475.334901141158
740.9282470805546,7362.245084083637
741.3591551241226,7280.270763475162
741.7900314040845,7169.057706229448
742.22087590609,7097.210091846576
742.651688615789,7012.576110079468
743.0824695188317,6910.7703003312
743.513218600868,6821.751073991464
743.9439358475472,6750.771166498315
744.37462124452,6671.472756142499
744.8052747774359,6580.483208321414
745.235896431945,6523.138634788607
745.666486193697,6437.834822901592
746.097044048342,6366.960442425658
746.52756998153,6308.343136224121
746.9580639789107,6256.591983785946
747.3885260261341,6208.127974991742
747.8189561088502,6148.551002207175
748.2493542127089,6082.257649820324
748.67972032336,6040.293159561572
749.1100544264534,6012.568962143087
749.5403565076393,5986.336842486534
749.9706265525675,5937.899545629538
750.4008645468876,5922.501191087864
750.8310704762499,5901.151130386181
751.2612443263042,5903.548110849299
751.6913860827005,5899.646556813322
752.1214957310887,5878.854775332518
752.5515732571184,5899.59339445647
752.9816186464399,5912.7318321628445
753.4116318847031,5938.271412002994
753.8416129575577,5941.535012194328
754.2715618506538,5971.870460546185
754.7014785496413,5999.676162440538
755.1313630401701,6042.539047994905
755.5612153078899,6099.0943352770955
755.991035338451,6170.181426017499
756.4208231175029,6245.134523949031
756.8505786306961,6324.104897993312
757.28030186368,6417.095883399568
757.7099928021047,6514.879699099711
758.1396514316201,6615.685603847267
758.5692777378763,6739.985542172281
758.9988717065229,6857.154976374843
759.4284333232099,6977.442238488355
759.8579625735874,7103.539643747014
760.2874594433055,7228.961840375833
760.7169239180134,7352.450130092697
761.1463559833617,7498.856780403997
761.5757556249999,7652.945578585309
762.0051228285784,7801.413313409297
762.4344575797465,7935.255321305276
762.8637598641546,8093.333800068869
763.2930296674524,8221.459709437686
763.72226697529,8368.618412071566
764.1514717733172,8511.60858348428
764.5806440471837,8640.24332010538
765.0097837825398,8770.388214330347
765.4388909650354,8914.746638128521
765.8679655803201,9035.105867584502
766.2970076140439,9173.980569840267
766.7260170518568,9280.85325462573
767.1549938794091,9404.30683603684
767.5839380823501,9503.884168734503
768.01284964633,9597.986550552016
768.4417285569987,9665.885457436707
768.8705748000062,9712.056560756131
769.2993883610022,9768.59379711899
769.7281692256369,9781.790275141606
770.1569173795599,9747.89241593331
770.5856328084216,9694.016706214283
771.0143154978714,9627.0345287772
771.4429654335594,9547.088283737705
771.8715826011356,9414.214428075438
772.30016698625,9295.033901329267
772.7287185745523,9146.063447922774
773.1572373516925,8961.185200477787
773.5857233033206,8793.108434066611
774.0141764150865,8591.774962814066
774.44259667264,8397.357504450334
774.870984061631,8185.501673224078
775.2993385677098,7995.908318717024
775.7276601765259,7782.895964472203
776.1559488737294,7594.2461974036805
776.58420464497,7384.5748131601895
777.012427475898,7204.863647195276
777.4406173521629,7023.78310305408
777.868774259415,6873.802722377266
778.2968981833039,6731.39612534539
778.72498910948,6598.367817693289
779.1530470235926,6466.447488532435
779.5810719112922,6348.42777174424
780.0090637582282,6247.4334751425295
780.437022550051,6139.492061077387
780.86494827241,6045.80188957957
781.2928409109555,5957.724203857083
781.7207004513373,5873.660114706838
782.1485268792054,5816.785439670774
782.5763201802097,5747.415915921356
783.00408034,5710.568231818909
783.4318073442263,5682.068521446214
783.8595011785386,5657.525848989809
784.2871618285866,5632.083270771809
784.7147892800205,5617.3749831976775
785.14238351849,5618.731799496507
785.5699445296452,5612.979994567917
785.9974722991358,5607.88357627563
786.4249668126118,5620.319821355162
786.8524280557232,5631.879601529036
787.27985601412,5671.196643388678
787.7072506734519,5694.076622903817
788.1346120193689,5720.38683950212
788.561940037521,5770.3111636287
788.9892347135582,5821.515816054865
789.41649603313,5874.711173007152
789.8437239818867,5911.515230376188
790.270918545478,5944.367389617783
790.6980797095542,5996.896283487466
791.1252074597649,6030.863042355064
791.55230178176,6062.374215307048
791.9793626611895,6096.779133092824
792.4063900837034,6125.716549271798
792.8333840349515,6162.477098498394
793.2603445005836,6213.111035672705
793.6872714662499,6272.752747542628
794.1141649176003,6319.980955139741
794.5410248402845,6386.083018928384
794.9678512199526,6471.958757082885
795.3946440422544,6552.576504667701
795.82140329284,6646.889345041199
796.2481289573592,6741.320399897845
796.6748210214618,6853.011616762461
797.1014794707978,6952.797501839143
797.5281042910173,7054.001997655125
797.95469546777,7161.236652651324
798.3812529867059,7256.417712371054
798.8077768334749,7378.841018709058
799.234266993727,7491.142802770571
799.6607234531122,7605.701640168411
800.0871461972799,7739.494795985276
800.5135352118806,7882.82234492585
800.9398904825641,8007.680620681528
801.3662119949803,8131.308550881389
801.7924997347789,8236.831651756396
802.21875368761,8336.783073358936
802.6449738391235,8429.639639943696
803.0711601749694,8492.666769667085
803.4973126807973,8568.76784405181
803.9234313422577,8612.503199185256
804.3495161449999,8663.304973387196
804.7755670746743,8689.038686353073
805.2015841169305,8708.76787702073
805.6275672574186,8708.002012303623
806.0535164817885,8675.847549419594
806.4794317756899,8660.816966121502
806.9053131247731,8595.612038948244
807.3311605146878,8538.344655144652
807.7569739310838,8444.748229468503
808.1827533596112,8328.094071340161
808.6084987859199,8184.218608810072
809.03421019566,8049.399682030381
809.4598875744811,7886.604412472181
809.8855309080329,7717.614232075351
810.311140181966,7532.318425242933
810.73671538193,7335.944788431886
811.1622564935747,7165.565520228153
811.5877635025502,6957.428326108152
812.0132363945063,6756.797788867238
812.4386751550929,6554.7023275653155
812.8640797699601,6339.7016067267805
813.2894502247575,6161.251498705437
813.7147865051354,5960.450456480204
814.1400885967435,5758.394477669981
814.5653564852316,5594.795723016496
814.9905901562499,5410.907898963138
815.4157895954482,5241.884602179991
815.8409547884767,5070.760621650326
816.2660857209846,4907.835550024208
816.6911823786224,4754.115156987936
817.11624474704,4605.308797882724
817.5412728118872,4463.447310976157
817.9662665588138,4330.652329239438
818.3912259734698,4207.189290695751
818.8161510415052,4110.116121333988
819.2410417485701,3996.6739154968036
819.6658980803139,3904.3661591336922
820.0907200223869,3817.9644928080793
820.515507560439,3730.6684173417793
820.9402606801201,3653.7183596860114
821.36497936708,3570.170120056068
821.7896636069687,3502.548292966328
822.2143133854361,3442.4797471267334
822.6389286881323,3374.966491970379
823.0635095007069,3329.0471826233193
823.48805580881,3285.1773149276173
823.9125675980915,3246.701673013301
824.3370448542013,3197.240057071423
824.7614875627894,3167.6649968812662
825.1858957095056,3126.1541442928383
825.6102692799999,3095.126370228062
826.0346082599224,3056.7014928406506
826.4589126349225,3038.202550828743
826.8831823906506,3002.990709894917
827.3074175127564,2965.949822157935
827.73161798689,2940.83397018031
828.1557837987011,2921.751697325551
828.5799149338397,2886.5290269155385
829.0040113779559,2869.761143301175
829.4280731166994,2859.2972432037013
829.85210013572,2846.41563065977
830.2760924206679,2835.448352310139
830.700049957193,2844.5969576871075
831.1239727309451,2851.3677528553626
831.5478607275741,2855.7592856225288
831.97171393273,2861.825018966304
832.3955323320628,2863.9704815656487
832.8193159112221,2879.648819017928
833.2430646558582,2874.3940949922885
833.6667785516208,2879.401134105451
834.09045758416,2883.6512585899604
834.5141017391255,2880.4442002435026
834.9377110021674,2891.459209922145
835.3612853589353,2910.2825610247746
835.7848247950797,2919.6638291175436
836.20832929625,2934.857882575535
836.6317988480963,2961.8585737170984
837.0552334362685,2970.098431174086
837.4786330464167,2986.915502516808
837.9019976641905,3025.2047358077975
838.3253272752399,3050.179905863064
838.7486218652151,3065.934206365806
839.1718814197658,3076.056435914701
839.5951059245418,3108.032861167322
840.0182953651932,3131.208069550312
840.44144972737,3175.1186068878237
840.864568996722,3202.139936532199
841.2876531588989,3239.1570882037004
841.710702199551,3285.3197180842512
842.133716104328,3332.5614393786677
842.5566948588801,3389.4958516507077
842.9796384488568,3453.512471427401
843.402546859908,3509.0449752763357
843.8254200776842,3570.5105659117685
844.248258087835,3653.861098507809
844.6710608760101,3714.0081923933085
845.0938284278595,3784.8546285791645
845.5165607290334,3840.8787063330806
845.9392577651814,3908.9773101550704
846.3619195219537,3981.6932464927945
846.7845459849999,4039.4043376879345
847.2071371399703,4104.148617051588
847.6296929725146,4165.624395883728
848.0522134682826,4225.328968216702
848.4746986129244,4313.610973605498
848.89714839209,4389.550678167438
849.3195627914291,4476.690891570646
849.7419417965918,4553.842426824778
850.1642853932278,4632.619910009608
850.5865935669872,4723.031029313837
851.0088663035201,4800.280447090364
851.4311035884759,4881.988202436351
851.8533054075049,4966.50160769367
852.2754717462569,5036.243789482527
852.6976025903821,5122.201665760476
853.1196979255301,5198.706900856149
853.5417577373507,5291.230198589362
853.9637820114941,5359.686736328164
854.3857707336102,5437.122821093881
854.8077238893488,5521.637308222247
855.2296414643599,5609.367897436207
855.6515234442934,5691.32075631269
856.0733698147993,5782.5019311365695
856.4951805615274,5882.172892995428
856.9169556701277,5968.199163322349
857.3386951262501,6057.624343113785
857.7603989155443,6137.910889522895
858.1820670236606,6222.295414356448
858.6036994362487,6311.322170392721
859.0252961389584,6378.116978356324
859.44685711744,6444.614274498646
859.8683823573431,6508.356116091685
860.2898718443178,6545.91374865671
860.7113255640138,6595.291690316676
861.1327435020813,6615.092476254957
861.55412564417,6630.743948055932
861.97547197593,6641.072656784122
862.396782483011,6645.7752791966805
862.818057151063,6616.943354160516
863.239295965736,6613.484142925993
863.6604989126799,6563.4595883952525
864.0816659775447,6515.916327134438
864.5027971459801,6465.33701851897
864.9238924036362,6421.503609206649
865.3449517361629,6359.779930582291
865.76597512921,6302.526281876579
866.1869625684276,6233.657350203975
866.6079140394653,6173.762176664018
867.0288295279734,6079.10343694068
867.4497090196018,6016.693803699165
867.8705525,5920.463058883565
868.2913599548183,5820.3764395121
868.7121313697065,5746.836702646845
869.1328667303147,5674.671337636021
869.5535660222924,5579.750981027087
869.97422923129,5496.153539059823
870.394856342957,5419.146178347788
870.8154473429438,5300.789347673496
871.2360022168999,5197.22341139922
871.6565209504753,5074.229444192945
872.07700352932,4929.6870019708385
872.4974499390839,4813.998804752209
872.917860165417,4738.429855909992
873.338234193969,4691.787129019859
873.75857201039,4711.1583657582805
874.1788736003301,4710.414971388945
874.5991389494386,4684.562340282121
875.0193680433661,4632.01581831354
875.4395608677621,4553.762772531549
875.8597174082769,4494.348879752551
876.27983765056,4445.947833390187
876.6999215802615,4384.164192806916
877.1199691830312,4340.131353233826
877.5399804445194,4292.862714582397
877.9599553503757,4255.115484096866
878.37989388625,4224.117474616523
878.7997960377922,4202.128828903431
879.2196617906526,4195.241136906816
879.6394911304806,4181.44749222116
880.0592840429265,4165.020540103275
880.47904051364,4160.251027002502
880.8987605282712,4151.078247946339
881.3184440724698,4148.952804545828
881.7380911318858,4142.853230748079
882.1577016921692,4138.271233714063
882.57727573897,4123.235337642683
882.9968132579379,4121.2379462016515
883.4163142347229,4103.320348108684
883.8357786549751,4099.732505440794
884.2552065043441,4078.3392535603384
884.67459776848,4076.6212231424274
885.0939524330327,4063.0507482766243
885.5132704836521,4059.5397078549454
885.9325519059884,4045.6962695650227
886.3517966856909,4039.724932299021
886.77100480841,4035.0115052301276
887.1901762597955,4021.3479373286004
887.6093110254974,4024.798580544064
888.0284090911654,4009.598226666801
888.4474704424496,4001.1764432364653
888.8664950650001,3985.6446380183265
889.2854829444664,3972.836783987811
889.7044340664986,3940.3514651812775
890.1233484167467,3924.3242978679705
890.5422259808606,3897.7914536781254
890.9610667444899,3871.135958345182
891.379870693285,3841.338165336946
891.7986378128957,3803.29652303412
892.2173680889719,3772.030257137603
892.6360615071633,3747.660344036032
893.05471805312,3710.3756208232435
893.4733377124919,3684.5767215847936
893.891920470929,3648.0045250505054
894.310466314081,3606.9003675154254
894.7289752275981,3583.7929018408367
895.14744719713,3535.9918842480156
895.5658822083267,3526.0636468964426
895.9842802468382,3477.025552922704
896.4026412983142,3446.1251597480364
896.8209653484048,3397.8783811943536
897.2392523827601,3342.551625187239
897.6575023870295,3296.375055939164
898.0757153468634,3241.523907718622
898.4938912479114,3191.401868671072
898.9120300758237,3145.3084025913913
899.33013181625,3079.6508261063586
899.7481964548402,3026.9188150339787
900.1662239772445,2972.0104499536155
900.5842143691126,2917.202593783011
901.0021676160945,2866.977694213787
901.42008370384,2811.4755884551014
901.8379626179991,2759.8742513364487
902.2558043442217,2704.38417921829
902.6736088681579,2660.16163135176
903.0913761754573,2614.1903011248187
903.5091062517699,2572.7117533865703
903.9267990827459,2520.2982890673757
904.344454654035,2476.6700200209707
904.7620729512871,2435.066498343396
905.1796539601521,2384.057408824491
905.5971976662801,2342.039733361745
906.0147040553207,2296.337899075229
906.4321731129241,2244.4197009477757
906.8496048247403,2196.5293746533157
907.266999176419,2145.0673951085646
907.68435615361,2097.5007423573124
908.1016757419635,2041.3051686244114
908.5189579271292,2001.3427112213105
908.9362026947574,1960.2418797600167
909.3534100304977,1912.1668417929934
909.7705799199999,1876.7134694827328
910.1877123489144,1820.4160001605085
910.6048073028907,1779.935816198505
911.0218647675786,1742.8639479268234
911.4388847286284,1703.9441682948402
911.8558671716901,1670.0464284624663
912.2728120824131,1620.6861773505507
912.6897194464477,1589.3305473491225
913.1065892494438,1555.9294221652458
913.5234214770513,1519.581327700873
913.9402161149201,1479.1475187553547
914.3569731486998,1439.5862231130382
914.773692564041,1401.490975502096
915.190374346593,1367.1446879878847
915.6070184820061,1328.5202205546975
916.0236249559299,1292.0149588856266
916.4401937540147,1252.192528533422
916.8567248619102,1225.5156480342146
917.2732182652663,1179.5981590378365
917.6896739497329,1151.2275784687054
918.1060919009599,1117.1563431966572
918.5224721045976,1085.7299538158206
918.9388145462954,1058.2828594784155
919.3551192117034,1027.789308141418
919.7713860864716,1006.3457865291837
920.1876151562501,976.2616922636711
920.6038064066884,950.1846777647435
921.0199598234366,924.757134762539
921.4360753921446,899.546661271243
921.8521530984625,870.473875533581
922.26819292804,839.9935764132093
922.684194866527,817.7635713976913
923.1001588995737,791.9665879759498
923.5160850128299,769.1411546360912
923.9319731919453,745.6825869823344
924.34782342257,726.5783595101775
924.7636356903539,705.8204749042436
925.179409980947,684.5366750178223
925.5951462799991,662.8364713003213
926.01084457316,643.8474280310062
926.42650484608,629.9670991912415
926.8421270844087,614.0272636411061
927.2577112737962,596.8702302141219
927.6732573998922,583.19877805392
928.0887654483469,574.4776510225888
928.50423540481,552.6788850001304
928.9196672549315,538.8994610972785
929.3350609843613,524.4633009654563
929.7504165787493,513.7621365469705
930.1657340237457,503.6220480188277
930.581013305,493.88766615136865
930.9962544081623,482.2495657939516
931.4114573188825,468.04912070042536
931.8266220228106,458.4990467723041
932.2417485055965,445.8369002545309
932.65683675289,438.53026004054544
933.0718867503412,426.0949377425763
933.4868984835998,418.2276188921168
933.9018719383158,411.42518321239515
934.3168071001393,404.61130804205925
934.7317039547199,390.86498170926933
935.1465624877079,387.6385960636874
935.561382684753,378.2901014515432
935.976164531505,368.93607508484376
936.390908013614,362.7673455832999
936.80561311673,353.1914572075669
937.2202798265026,353.77432215579506
937.6349081285822,341.43907015205184
938.0494980086183,333.4281989397363
938.464049452261,329.25225233431405
938.87856244516,322.6903203312159
939.2930369729655,317.33751905398304
939.7074730213274,311.5434761954463
940.1218705758954,312.4535702012133
940.5362296223196,310.6608305255624
940.95055014625,310.0625319665422
941.3648321333363,306.84734446471657
941.7790755692286,305.2667590280173
942.1932804395767,309.150512795285
942.6074467300305,313.5365800722809
943.02157442624,314.03696803503016
943.4356635138552,319.9861779741229
943.8497139785258,322.37542949542956
944.2637258059018,327.0687288031637
944.6776989816334,332.6622358011911
945.09163349137,338.170205919959
945.5055293207619,346.2122182030768
945.919386455459,353.5133393870084
946.3332048811111,365.08657289873054
946.7469845833681,371.21242245868734
947.1607255478799,375.88492412761525
947.5744277602967,388.03427114251804
947.9880912062682,397.25155618031846
948.4017158714443,406.2388059029516
948.8153017414749,422.95084197025284
949.2288488020099,432.16935163312917
949.6423570386996,442.74528369757104
950.0558264371933,455.6506880546574
950.4692569831413,464.2384104626925
950.8826486621937,481.4855016594024
951.2960014600001,495.6532822362816
951.7093153622103,506.57456805954763
952.1225903544746,517.4176563250189
952.5358264224426,538.2602629102921
952.9490235517645,549.8346382043823
953.3621817280899,563.41845807793
953.7753009370691,572.1191842288881
954.1883811643518,591.0654029751676
954.6014223955879,609.8832542433141
955.0144246164273,625.4266694545838
955.42738781252,641.0207278484539
955.8403119695158,657.9347155875755
956.2531970730649,670.0663626266271
956.666043108817,689.8064862939624
957.078850062422,710.5221828077387
957.49161791953,729.1641906268111
957.9043466657907,743.4927287571394
958.3170362868542,759.1104988662046
958.7296867683702,781.6730774151142
959.1422980959888,793.4931214993057
959.55487025536,808.2383936147294
959.9674032321335,824.4901482740369
960.3798970119593,841.577036213321
960.7923515804873,860.3150184823035
961.2047669233677,872.0457339221965
961.61714302625,885.655641767369
962.0294798747842,899.7911424458912
962.4417774546205,916.0280903414126
962.8540357514087,926.8190251903333
963.2662547507985,948.4139785158
963.67843443844,959.945215345885
964.0905747999832,960.8507210755367
964.5026758210778,979.1366709766252
964.9147374873738,990.7321916938511
965.3267597845213,997.4273901513989
965.73874269817,1011.6277519819706
966.15068621397,1022.4519425636295
966.5625903175709,1031.4467018562846
966.9744549946231,1045.4629993420929
967.3862802307762,1053.7564518502152
967.79806601168,1062.9646952302767
968.2098123229847,1083.6381034029741
968.6215191503401,1088.3319953779037
969.0331864793962,1098.8673229279857
969.444814295803,1114.6059179339668
969.85640258521,1118.3356656267454
970.2679513332674,1127.2579330692133
970.6794605256254,1131.6471955750958
971.0909301479335,1148.4269358986548
971.5023601858417,1158.8074740638508
971.9137506249999,1167.188704374716
972.3251014510585,1165.8485620531037
972.7364126496666,1175.7187001807747
973.1476842064747,1180.391158328922
973.5589161071325,1191.5447381367385
973.9701083372901,1195.184507066169
974.3812608825972,1200.9141710603014
974.7923737287038,1212.439514118983
975.2034468612597,1214.8837679558897
975.6144802659153,1222.5558882720918
976.02547392832,1223.5664579386578
976.436427834124,1231.9663125982922
976.8473419689769,1237.3880650193482
977.2582163185291,1242.165466270782
977.6690508684301,1237.463042889252
978.07984560433,1241.4112190241362
978.4906005118787,1252.7717576794792
978.9013155767261,1253.712769215451
979.3119907845222,1248.3868290846224
979.7226261209169,1255.0392098301036
980.13322157156,1253.0630122791047
980.5437771221016,1252.9632167245377
980.9542927581913,1250.715220307192
981.3647684654794,1250.906526857726
981.7752042296156,1248.4772702201292
982.18560003625,1243.557533098586
982.5959558710323,1235.0013423388184
983.0062717196125,1233.150784475107
983.4165475676406,1221.9663614339252
983.8267834007665,1225.424595889237
984.23697920464,1216.0365161382404
984.6471349649111,1207.5407718371744
985.0572506672297,1198.5080421789767
985.4673262972459,1197.9902811768716
985.8773618406093,1194.5135304973
986.2873572829699,1188.2549026019065
986.6973126099779,1180.5339966285064
987.107227807283,1187.2518849651965
987.5171028605351,1179.4292017675077
987.9269377553841,1181.6072891676079
988.33673247748,1177.1865354920867
988.7464870124728,1175.0570953587517
989.1562013460122,1170.867964669003
989.5658754637483,1173.190561998443
989.975509351331,1172.5159896912705
990.38510299441,1166.2909477710841
990.7946563786356,1170.9236436504723
991.2041694896573,1165.7655698221386
991.6136423131255,1159.4582086452117
992.0230748346899,1159.3384663888673
992.43246704,1148.577504049576
992.8418189147064,1134.8337179414088
993.2511304444588,1130.4098993958246
993.6604016149066,1119.8152436839423
994.0696324117006,1109.9558405680666
994.47882282049,1102.0604616810872
994.8879728269252,1093.9770647764467
995.2970824166558,1084.5658605695144
995.7061515753319,1080.472039464166
996.1151802886034,1072.2786501904632
996.5241685421202,1063.509576143096
996.933116321532,1048.0496619540356
997.342023612489,1040.4371567816675
997.750890400641,1032.0271979458664
998.1597166716381,1025.5643276643636
998.5685024111301,1018.489370606033
998.9772476047667,1017.7902778550572
999.3859522381982,1007.2505962844616
999.7946162970744,997.2444414164038
1000.2032397670449,995.5954862470722
1000.6118226337601,993.2755262657931
1001.0203648828694,995.1228085590557
1001.4288665000234,990.5482799965465
1001.8373274708716,982.509577447131
1002.2457477810636,980.3901921147574
1002.65412741625,980.2266728144295
1003.0624663620805,979.7627252394307
1003.4707646042046,973.9945047709879
1003.8790221282727,967.2592913407321
1004.2872389199345,966.8056178900059
1004.69541496484,958.1867235136483
1005.1035502486392,949.4974031112479
1005.5116447569817,945.1330344611247
1005.9196984755179,944.1649801022197
1006.3277113898973,937.4832175990266
1006.73568348577,933.0349569775684
1007.1436147487859,922.7515834022789
1007.5515051645949,917.5270579084904
1007.9593547188471,913.876232143892
1008.3671633971921,913.9409532309822
1008.77493118528,911.0636432496931
1009.1826580687607,906.2830091481666
1009.5903440332843,900.7414510048982
1009.9979890645003,901.4489961773068
1010.4055931480591,896.477203275173
1010.81315626961,902.7243964381139
1011.2206784148036,898.4098548473562
1011.6281595692894,901.7445553158914
1012.0355997187174,895.3070785306918
1012.4429988487376,898.5054456182727
1012.8503569450002,905.0304670269398
1013.2576739931542,900.685531661335
1013.6649499788506,905.2463211167799
1014.0721848877387,903.6967489328215
1014.4793787054684,901.4783267911903
1014.8865314176902,895.5831590686857
1015.2936430100531,894.7510973590058
1015.7007134682077,895.4444652882983
1016.1077427778039,888.9380051231215
1016.5147309244912,883.5865292078047
1016.9216778939201,879.8437985291581
1017.32858367174,875.7768515354481
1017.735448243601,873.32287789422
1018.1422715951531,862.2267779460384
1018.5490537120461,857.1033611607946
1018.9557945799301,854.3519815115471
1019.3624941844547,850.665366086794
1019.7691525112702,845.9211997680703
1020.1757695460262,838.7850323404293
1020.582345274373,837.7398270680902
1020.98887968196,829.6171572067099
1021.3953727544376,831.3692437373234
1021.8018244774553,829.7469195697555
1022.2082348366635,826.5684050857569
1022.6146038177118,825.031664242514
1023.02093140625,824.8436436830195
1023.4272175879283,821.9829267464438
1023.8334623483967,820.4365626934766
1024.2396656733047,815.3526659569173
1024.6458275483026,815.7006960335858
1025.0519479590398,811.3571664952985
1025.458026891167,809.1501108598391
1025.864064330334,806.9332250742292
1026.2700602621896,802.0729488839648
1026.6760146723855,791.171875989375
1027.0819275465701,791.7014486952881
1027.4877988703938,779.7728984599794
1027.893628629507,772.6677854254901
1028.299416809559,767.2239249125736
1028.7051633962,756.6436389141135
1029.11086837508,738.2001810969904
1029.5165317318485,739.192644636776
1029.9221534521564,698.2559937229696
1030.3277335216524,719.0295903679921
1030.733271925987,704.0361038049896
1031.13876865081,694.3925318971704
1031.5442236817717,682.7810425155187
1031.9496370045213,675.3781822730408
1032.3550086047094,661.8716943948589
1032.7603384679855,655.2105898741684
1033.16562658,643.1306679052403
1033.5708729264024,636.6109299395821
1033.9760774928425,633.1246659527462
1034.3812402649708,619.4543783015419
1034.7863612284364,614.4340374762322
1035.1914403688902,608.7048461434883
1035.5964776719813,598.9983388038206
1036.0014731233596,592.4317037232801
1036.4064267086758,586.0600734913311
1036.8113384135795,582.943245625016
1037.21620822372,578.6358153939611
1037.6210361247481,567.6990022444124
1038.025822102313,562.9328591347132
1038.4305661420651,558.6600763019134
1038.835268229654,546.4199608282227
1039.23992835073,542.3984527669681
1039.6445464909427,534.9879241892694
1040.0491226359422,527.0601406741616
1040.4536567713783,515.6297974762924
1040.858148882901,514.6045231451379
1041.2625989561602,498.73624034963456
1041.6670069768056,494.64902158901435
1042.0713729304875,480.704676588156
1042.4756968028553,470.70986545407516
1042.8799785795597,461.0248466357376
1043.2842182462502,450.407392337612
1043.688415788576,444.4009010280046
1044.0925711921886,436.7148315115559
1044.496684442737,427.3857920013462
1044.9007555258704,417.897107195965
1045.30478442724,414.1835600987017
1045.708771132495,404.8509969553729
1046.1127156272858,396.24088729742124
1046.516617897262,392.4879106864171
1046.9204779280733,386.7504583582465
1047.32429570537,381.6650647096717
1047.7280712148022,375.89595419489814
1048.1318044420188,373.0030006153575
1048.5354953726712,368.3542425724637
1048.939143992408,356.44086575411734
1049.3427502868801,354.74320549215827
1049.7463142417369,351.2681947621057
1050.1498358426281,349.70886572177005
1050.5533150752044,344.8450452267275
1050.956751925115,340.0127607691991
1051.36014637801,333.77609267837533
1051.7634984195395,329.70374850970717
1052.1668080353531,324.54604966919317
1052.5700752111015,318.629877866418
1052.9732999324337,316.0595678855533
1053.376482185,313.4551320386944
1053.7796219544505,305.30906551565437
1054.1827192264348,299.7355657016405
1054.5857739866026,296.45788161571704
1054.9887862206047,283.91824305606985
1055.39175591409,280.9631755634796
1055.7946830527092,269.4975449235456
1056.1975676221118,264.73366498432546
1056.600409607948,251.0510049451774
1057.0032089958675,241.3178171446411
1057.4059657715202,234.56473819277062
1057.808679920556,228.5614078043659
1058.211351428625,221.85182741804095
1058.6139802813768,213.5510794867335
1059.0165664644621,209.0120696616699
1059.4191099635302,201.75578393533115
1059.8216107642306,197.34840352868588
1060.2240688522143,194.00980943473783
1060.6264842131304,188.1208809475914
1061.028856832629,183.3595330277985
1061.43118669636,179.12168430590248
1061.8334737899734,172.9174634241415
1062.2357180991196,172.2652947001968
1062.6379196094474,168.38921810160772
1063.0400783066077,163.6527846091953
1063.44219417625,165.13924917175288
1063.8442672040246,159.21689406925637
1064.2462973755805,159.4343034071239
1064.648284676569,153.179714944335
1065.0502290926383,156.6814526139516
1065.45213060944,153.60458789770072
1065.8539892126232,149.8243096030047
1066.2558048878377,148.55127751705953
1066.657577620734,147.56914078897182
1067.0593073969615,147.61244974949335
1067.46099420217,146.50655428692068
1067.86263802201,146.71897555632816
1068.264238842131,141.93046107070518
1068.6657966481832,142.34152453995995
1069.0673114258161,141.97517451550664
1069.46878316068,139.70221818771645
1069.870211838425,142.79097285520285
1070.2715974447003,140.75429046640244
1070.672939965156,139.2529409804203
1071.074239385443,140.09201419994855
1071.4754956912102,140.96729120843383
1071.8767088681075,142.26326596184924
1072.2778789017855,138.74174212635157
1072.6790057778933,138.3401548882861
1073.0800894820818,139.0733994849286
1073.4811300000001,137.82649751266342
1073.8821273172982,139.227067155533
1074.2830814196266,138.42870176952835
1074.683992292635,141.13150714262235
1075.0848599219723,140.64058323496226
1075.4856842932902,139.51596198888433
1075.8864653922371,140.66285678153605
1076.2872032044638,138.78177187232072
1076.68789771562,143.12875696206387
1077.0885489113552,143.67851309850397
1077.48915677732,142.7520863475347
1077.889721299164,143.84334410567592
1078.290242462537,145.1446707280556
1078.690720253089,146.8745730714572
1079.09115465647,144.87269361988743
1079.49154565833,142.00442698747827
1079.8918932443187,143.20940108842154
1080.2921974000863,145.27940692178382
1080.6924581112823,147.2724027558946
1081.092675363557,146.28553892895027
1081.4928491425599,148.8436759930621
1081.8929794339415,151.31137954013803
1082.2930662233514,148.14412416024305
1082.6931094964393,150.2342500533666
1083.0931092388557,148.8376727665897
1083.49306543625,147.37094315060384
1083.8929780742724,151.57182487721298
1084.2928471385728,151.49039577818922
1084.6926726148006,155.77754882083593
1085.0924544886066,155.24453325514332
1085.4921927456398,154.1772275628918
1085.891887371551,151.32592868299503
1086.2915383519899,154.0256322457099
1086.691145672606,155.38555783090328
1087.0907093190492,153.4844453408843
1087.49022927697,157.82241245492773
1087.889705532018,155.14892879025157
1088.2891380698431,158.82917333664034
1088.688526876095,161.87733379987057
1089.087871936424,160.06162383044227
1089.4871732364802,162.6081366059468
1089.8864307619128,159.66953849564237
1090.2856444983722,160.00887935554294
1090.6848144315084,163.19836653439975
1091.0839405469708,163.80800251688845
1091.48302283041,164.615135503316
1091.8820612674756,163.28258213074542
1092.2810558438173,165.5894399679406
1092.6800065450857,167.31426064686713
1093.0789133569297,167.15205988069448
1093.477776265,169.78807843389083
1093.8765952549466,169.27907305711406
1094.2753703124185,168.17491852632446
1094.6741014230668,168.7589275730173
1095.0727885725405,171.56600633323433
1095.47143174649,175.14226961192946
1095.8700309305652,176.47161418251326
1096.2685861104158,172.6179230001946
1096.6670972716918,173.263069237877
1097.0655644000435,176.6579243198369
1097.46398748112,176.7709368181053
1097.862366500572,163.4882327935801
1098.2607014440491,106.9602106982752
1098.6589922972012,49.064710432439625
1099.0572390456782,-0.9187865150381356
1099.4554416751298,0.39098577115197486
1099.8536001712068,0.09773920551461401
1100.2517145195582,-0.39098265748796734
