# Wavelength [nm],one_counts_500avgs_8ms
207.84478476073983,36.16409975911209
208.30338098783528,37.32316975811803
208.76196258532,36.46227956348926
209.22052953884392,37.247533232661965
209.67908183405694,37.20660406370284
210.13761945660903,36.96166402699072
210.59614239215006,37.49563392157464
211.05465062633,37.27327737183761
211.5131441447987,36.49075803431505
211.97162293320616,36.55208540392661
212.43008697720222,37.05866953358192
212.88853626243687,37.573646016895836
213.34697077456,37.22338743726755
213.80539049922152,36.59388883212847
214.26379542207135,36.894875476131304
214.72218552875944,37.120803229633694
215.18056080493565,36.38143433525666
215.63892123624998,36.81283718398292
216.0972668083523,37.733285118529
216.55559750689255,36.05237414467112
217.01391331752063,36.68082019479664
217.47221422588646,36.99985643879481
217.93050021764,37.16976420196511
218.3887712784311,37.04292496610792
218.84702739390977,37.254057703937875
219.3052685497258,37.26163515208815
219.7634947315293,36.63421908493899
220.22170592496997,36.48990998361862
220.67990211569793,36.254354455625005
221.13808328936295,36.9227791576144
221.59624943161504,37.001267498712195
222.0544005281041,36.70609461565927
222.51253656448003,36.01366583305884
222.97065752639273,37.26919621781734
223.42876339949214,36.660696823996986
223.88685416942823,37.65303840819088
224.34492982185088,37.81855674792439
224.80299034241003,37.3070450441343
225.26103571675552,36.43465539205887
225.71906593053734,36.52410136762412
226.17708096940547,36.203792016282975
226.6350808190097,36.65029724893081
227.093065465,36.40298980528998
227.55103489302633,37.30152664696014
228.00898908873856,37.28828195966652
228.46692803778666,36.82345677655451
228.92485172582047,36.111761072875495
229.38276013849,37.59662810633927
229.8406532614451,37.391263177824655
230.29853108033578,37.4471945201162
230.75639358081185,36.69270151242529
231.21424074852328,37.08305723726784
231.67207256912,37.912744545400216
232.1298890282519,37.24250520499548
232.58769011156895,36.76460657851996
233.04547580472104,37.96234813361987
233.5032460933581,37.23788793539667
233.96100096312998,37.773890906456586
234.41874039968673,37.36350624667263
234.87646438867816,37.531687885118956
235.33417291575424,37.76663690032598
235.79186596656487,36.59654418993402
236.24954352676,37.49055038259195
236.7072055819895,36.60835393190328
237.16485211790337,36.91386515682461
237.62248312015146,36.99235715046021
238.08009857438367,36.84012443073968
238.53769846625,37.67641471542882
238.9952827814003,37.53374575134934
239.45285150548455,36.96246260616047
239.91040462415262,37.56154573076334
240.36794212305446,37.963450773745805
240.82546398783998,37.083925253088154
241.28297020415908,37.19488871952238
241.74046075766174,37.87354820435627
242.19793563399782,37.452767055131716
242.65539481881726,37.48815830311827
243.11283829777,37.74101526391331
243.57026605650591,36.85279376880929
244.02767808067495,38.11424551376598
244.48507435592703,37.70618530090144
244.9424548679121,37.08669123358541
245.39981960228,36.998291791900954
245.85716854468072,37.53603344658998
246.31450168076415,37.60225754698463
246.77181899618026,37.51614465103819
247.22912047657888,37.58329155574563
247.68640610761,38.140169569384014
248.1436758749235,37.98789502087982
248.60092976416936,38.34983891147948
249.05816776099743,38.36028458486523
249.5153898510577,39.14595887262686
249.97259602,38.822296345762226
250.42978625347433,38.80117340214231
250.88696053713053,38.26448154356635
251.34411885661865,38.09473338189052
251.80126119758845,38.353689995704585
252.25838754569,39.4895936897759
252.71549788657313,37.90770949022286
253.17259220588778,38.30287927217287
253.62967048928382,39.35472819366447
254.0867327224113,38.74048025137965
254.54377889092,39.65392368154319
255.00080898045994,39.1827529843887
255.45782297668097,39.55571383014481
255.91482086523303,39.31192067446925
256.37180263176606,38.91050386206801
256.82876826193,38.83253914872631
257.2857177413747,39.36489934198261
257.7426510557501,39.552749328138106
258.19956819070626,38.76186921284214
258.6564691318929,39.965096916243624
259.11335386496006,39.12732776377342
259.57022237555753,39.3996140659855
260.02707464933536,38.78616001715301
260.4839106719435,39.15906639295051
260.94073042903176,39.781882973740494
261.39753390625,39.39400348326929
261.8543210892483,39.2394318683902
262.3110919636766,40.399182176092495
262.7678465151847,40.26238490285414
263.2245847294225,40.38046041018564
263.68130659203996,39.884981391327685
264.1380120886871,40.48907832076286
264.5947012050138,40.03154814345308
265.05137392666984,39.515849280046076
265.5080302393053,40.737652259764275
265.96467012857,39.90866626673848
266.4212935801139,39.560211232554764
266.87790057958694,40.01228145717208
267.3344911126391,40.35206322960612
267.7910651649201,40.037692283262075
268.24762272208005,40.129191263323776
268.70416376976874,40.42274269845991
269.16068829363616,40.87479265384108
269.61719627933223,40.952399752483444
270.0736877125069,40.44054996670336
270.53016257880995,40.01231050648718
270.9866208638915,40.85899787896648
271.4430625534014,40.775598895206166
271.89948763298946,41.611464793290054
272.35589608830566,40.67119421200991
272.812287905,41.322895757773466
273.2686630687223,41.36335505576104
273.7250215651226,41.50399804863139
274.1813633798506,41.39936227414506
274.6376884985565,41.409426696398654
275.09399690688997,41.5185665516237
275.5502885905011,42.06153511559272
276.0065635350398,40.30947237395994
276.4628217261559,41.75493845787674
276.91906314949927,42.489249975327354
277.37528779072,41.98172743927509
277.8314956354679,41.63231672241444
278.287686669393,41.18000650521917
278.74386087814503,42.064407565997854
279.2000182473741,41.94050564762559
279.65615876273,41.86091832920541
280.1122824098627,41.8031437674978
280.5683891744221,42.11105812795304
281.02447904205826,42.27144349074549
281.4805519984209,41.874290978343794
281.93660802916,42.85477670780778
282.3926471199255,42.25167454565057
282.8486692563674,41.92531666365107
283.30467442413544,43.29946316382165
283.76066260887967,42.68022765945002
284.21663379624994,43.27406463108026
284.67258797189635,43.198130066202026
285.12852512146856,43.17256503838585
285.58444523061667,42.950427556087114
286.0403482849905,42.82811500410027
286.49623427024,43.116307104853504
286.9521031720151,43.55396770675374
287.40795497596577,43.27841468781666
287.86378966774186,44.10055489041029
288.3196072329933,42.74682348091218
288.77540765736995,43.364443689869624
289.23119092652195,43.13414866108662
289.68695702609904,43.955920761452916
290.14270594175105,43.96771762036649
290.5984376591281,43.43905152602915
291.05415216387996,43.21360334541669
291.50984944165674,44.28655025229356
291.9655294781082,44.116145092224166
292.4211922588842,44.38350164401679
292.87683776963485,44.49916064031185
293.33246599601006,43.721145163222936
293.7880769236595,44.11012222175838
294.2436705382333,44.44434151023233
294.6992468253814,44.852545239687636
295.15480577075374,45.08901874183338
295.61034736,44.94485747530866
296.06587157877027,45.064520051523026
296.52137841271457,45.101682670945635
296.97686784748265,45.77435003002155
297.4323398687245,44.95076778844677
297.88779446208997,45.62466328378215
298.3432316132291,45.267945491537915
298.7986513077918,46.15018764668642
299.25405353142787,45.05118826821445
299.70943826978726,46.212613318513114
300.16480550852,45.88875645297339
300.62015523327597,47.118342171176884
301.07548742970494,46.36276022492599
301.5308020834571,45.851162885512096
301.98609918018207,46.48193035897803
302.44137870553,46.13037070989504
302.89664064515074,46.76858726376273
303.3518849846942,45.960268427395015
303.8071117098102,46.29177951359081
304.26232080614886,47.094887719354816
304.71751225936,46.41227251024565
305.1726860550935,46.39894416249873
305.62784217899934,46.36625063200635
306.0829806167274,46.94373415227627
306.53810135392763,47.43512569140396
306.99320437625,47.34168646046197
307.4482896693443,46.99953685802277
307.9033572188606,47.78345777108034
308.3584070104486,47.115932352861286
308.81343902975846,47.8926154246051
309.26845326244,47.60182999200596
309.72344969414314,47.59605733560388
310.17842831051775,47.25519781897401
310.6333890972138,48.83403193164924
311.08833203988127,48.96441835478447
311.54325712417,48.61472879021161
311.9981643357299,48.642726305742535
312.45305366021097,48.971069981578836
312.907925083263,48.93505703888715
313.3627785905361,49.50995544570731
313.81761416767995,48.69444577286417
314.2724318003447,49.90707647502252
314.7272314741802,49.67294206294262
315.18201317483624,49.777591317803925
315.63677688796287,50.46299412894806
316.09152259921,49.8171291876934
316.54625029422755,50.890014291417586
317.00095995866536,50.247623344549154
317.4556515781734,51.324037848991345
317.9103251384017,50.26817339960145
318.36498062500004,51.19892366803606
318.8196180236183,51.653765658916505
319.27423731990655,51.21238456610994
319.7288384995146,51.6170147306934
320.18342154809255,50.486989875258416
320.63798645129,52.70008433212903
321.0925331947571,53.248599927741644
321.5470617641438,52.07927531316525
322.0015721450999,52.6380877524974
322.45606432327526,52.168794964222
322.91053828431995,53.03981333010263
323.3649940138839,52.58388351415881
323.81943149761696,52.76906231856572
324.273850721169,52.56192755080435
324.72825167019005,52.849195966793566
325.18263433033,53.5511020371348
325.63699868723876,53.75263843434082
326.0913447265662,53.025828502422755
326.5456724339622,54.01910008864787
326.99998179507685,54.19564609094909
327.45427279556003,54.04139362741444
327.9085454210615,54.444173465707294
328.36279965723134,53.803875000171224
328.81703548971944,55.0987369767901
329.2712529041757,54.59589080570384
329.72545188624997,55.55002832805367
330.1796324215923,55.6423666973894
330.63379449585256,54.850121832441616
331.0879380946807,55.369100158589255
331.54206320372646,56.188776248190834
331.99616980863993,55.959454217456496
332.4502578950711,55.77614392813273
332.90432744866973,55.874387176793846
333.3583784550858,55.88444494383069
333.8124108999692,56.603238364390876
334.26642476896996,57.655902494244685
334.72042004773795,56.89947675422516
335.17439672192296,57.46204404253016
335.628354777175,58.32737229006148
336.0822941991441,58.224242881740985
336.53621497348,58.66719995820401
336.9901170858327,59.23788218096178
337.44400052185216,59.758346133730626
337.89786526718825,59.96181061784248
338.3517113074909,60.35526392737398
338.80553862841,60.46290738958277
339.25934721559554,61.2664430702676
339.7131370546974,63.20815983477001
340.16690813136546,63.302250770619196
340.62066043124963,63.93843657872128
341.07439394,65.04064985025278
341.52810864326636,66.19712958556231
341.98180452669857,67.25897324632862
342.43548157594665,67.28029060359935
342.8891397766605,69.86862127939887
343.34277911449,70.74329176205237
343.7963995750851,73.39677075254076
344.25000114409573,74.53490376137292
344.70358380717187,75.32496361282301
345.15714754996327,77.5052916047789
345.61069235812,81.76088257959672
346.0642182172919,87.66757890924406
346.51772511312896,91.31965714033589
346.9712130312811,93.86558534626104
347.4246819573981,95.56227572221312
347.87813187713,95.67020619066784
348.3315627761267,95.11579305610547
348.7849746400382,93.78885420645734
349.2383674545142,92.60023388178888
349.6917412052049,92.28901415100957
350.14509587776,91.97526141429043
350.5984314578296,93.10485389554628
351.05174793106335,94.25107991654873
351.50504528311143,95.35369892027465
351.9583234996237,97.72243459814547
352.41158256625005,101.84114457986898
352.86482246864034,106.57284340453648
353.3180431924445,112.68421618927334
353.77124472331263,122.08650844029347
354.2244270468945,132.47139606818124
354.67759014884,146.26422999904287
355.1307340147991,163.11576776545672
355.5838586304218,183.0846249265391
356.03696398135787,210.49791254676825
356.4900500532573,240.74222879157307
356.94311683176994,280.29989384487607
357.3961643025459,327.3030542594723
357.849192451235,384.9880371920473
358.302201263487,452.5325854184978
358.75519072495206,531.8540770625953
359.20816082128,627.1970765269295
359.6611115381208,739.9174381037244
360.1140428611242,867.2680474987355
360.56695477594025,1011.8800835514559
361.0198472682189,1180.5277697789631
361.47272032361,1368.7757527795516
361.9255739277635,1577.7962060655414
362.3784080663293,1810.3907294100009
362.83122272495746,2064.2358650460837
363.28401788929773,2339.9486486592323
363.73679354499995,2638.5772338872607
364.1895496777143,2954.4790656638484
364.6422862730906,3281.866753731397
365.0950033167787,3622.5196164197905
365.54770079442847,3968.430933387679
366.00037869169,4313.722514359905
366.45303699421316,4651.229240067943
366.9056756876478,4971.386948471823
367.3582947576438,5278.79230430139
367.8108941898513,5563.232800131418
368.26347396992,5819.091575637541
368.7160340834999,6038.7153926501105
369.16857451624094,6233.801454509589
369.62109525379304,6374.3013366313235
370.0735962818061,6486.311406878186
370.52607758593,6562.379031209517
370.9785391518147,6610.170902005331
371.43098096511017,6621.469151031742
371.88340301146627,6608.757273884468
372.3358052765329,6575.044437435604
372.78818774596,6525.351652736053
373.2405504053975,6451.649171349826
373.6928932404954,6381.424146626415
374.1452162369035,6299.510791933005
374.59751938027165,6223.228803237048
375.04980265625005,6143.425778228836
375.50206605048834,6072.069008990297
375.95430954863656,5995.221642831609
376.40653313634465,5933.137161360789
376.8587367992625,5874.810681909891
377.31092052304,5836.596762717499
377.7630842933271,5801.964237019462
378.21522809577374,5789.752115695946
378.6673519160298,5786.99714477987
379.1194557397453,5806.838067888585
379.57153955257,5855.618568313486
380.0236033401539,5933.88303733875
380.47564708814696,6037.575657696864
380.9276707821991,6182.81446011
381.37967440796007,6362.021144042557
381.83165795108,6586.101550893005
382.2836213972087,6854.991737094688
382.7355647319962,7182.05835857875
383.18748794109223,7563.003905666985
383.6393910101468,8000.124935436188
384.09127392481,8490.535842855714
384.54313667073154,9041.056808861711
384.99497923356137,9668.35808833613
385.44680159894943,10341.461855688989
385.8986037525457,11078.318388957916
386.35038568000004,11870.849175122754
386.8021473669623,12724.42206355475
387.2538887990825,13604.537427949896
387.7056099620106,14530.97913281589
388.1573108413965,15492.837578059529
388.60899142288997,16476.585648106255
389.0606516921411,17434.89390273361
389.51229163479974,18379.75230093119
389.96391123651586,19288.890427839444
390.4155104829392,20137.874152758002
390.86708935971996,20926.47464546503
391.3186478525079,21630.77196954801
391.77018594695295,22230.32881695503
392.22170362870503,22723.075119914356
392.67320088341404,23098.87279217853
393.12467769673003,23356.79968961292
393.5761340543027,23513.484251559352
394.02756994178213,23551.335470159036
394.4789853448183,23431.72445437562
394.93038024906093,23239.35557246086
395.38175464016,22941.502008648327
395.8331085037655,22573.012549450003
396.2844418255273,22137.174861804062
396.7357545910955,21651.588989947297
397.18704678611965,21087.05051791309
397.63831839625,20513.14852851105
398.0895694071363,19921.868294309665
398.5407998044286,19347.06239718386
398.99200957377667,18757.983046546775
399.44319870083046,18193.413032259545
399.89436717124,17652.566874209504
400.3455149706552,17148.322719759017
400.7966420847258,16687.13188789979
401.2477484991018,16266.050030826378
401.6988341994333,15875.294093329898
402.14989917137,15553.910832644404
402.6009434005619,15273.440144459631
403.05196687265897,15049.826078673716
403.502969573311,14856.178204518756
403.9539514881681,14702.196269325788
404.40491260288,14602.224388458162
404.8558529030967,14555.635220710763
405.30677237446815,14539.717135135781
405.75767100264426,14563.501966444428
406.2085487732749,14626.835352983742
406.65940567201,14722.93067474656
407.11024168449956,14848.522184690122
407.56105679639336,15017.201323214467
408.01185099334145,15211.981678615397
408.46262426099366,15448.142078518924
408.91337658500004,15693.12577040717
409.36410795101034,15991.706348811247
409.81481834467456,16318.048418637061
410.26550775164264,16675.108016996055
410.71617615756446,17071.22538782114
411.16682354809,17508.92978284329
411.6174499088691,17958.409523344904
412.06805522555175,18451.614069715455
412.51863948378787,18964.434138580236
412.96920266922734,19512.453004213752
413.41974476752,20098.299714112694
413.8702657643159,20697.57809117068
414.32076564526494,21332.26851532085
414.77124439601704,21969.20797846259
415.22170200222206,22629.372421061107
415.67213844952994,23315.718420450703
416.1225537235907,23994.013012440955
416.5729478100542,24688.070327779198
417.02332069457026,25380.75559896358
417.4736723627889,26045.872513105744
417.92400280036,26723.175532624948
418.37431199293354,27350.26010267055
418.82459992615935,27980.710097416428
419.2748665856874,28553.852591734594
419.7251119571677,29092.896928099864
420.17533602625,29567.630103635438
420.6255387785843,29990.40682722319
421.0757201998205,30386.35675848756
421.52588027560864,30688.75981314191
421.9760189915985,30936.69940837597
422.42613633344,31112.87273971021
422.87623228678314,31237.322167536397
423.3263068372778,31286.054076746514
423.7763599705739,31282.856301757263
424.22639167232126,31241.54600357096
424.67640192817004,31142.393039150116
425.12639072377,30993.89839165747
425.576358044771,30797.890455160603
426.0263038768231,30581.916627142276
426.4762282055761,30355.712340688824
426.92613101668,30126.076461538487
427.37601229578473,29852.630577538283
427.8258720285401,29591.582600620244
428.2757102005963,29360.412290139568
428.7255267976029,29125.357602578963
429.17532180521005,28942.103864588542
429.62509520906747,28761.32126145985
430.0748469948254,28624.00090841288
430.52457714813346,28510.9635736334
430.9742856546417,28470.269358859812
431.42397249999993,28440.43394871875
431.87363766985834,28468.309608702366
432.3232811498666,28531.29174730563
432.77290292567466,28672.697466209942
433.2225029829325,28872.739417069162
433.67208130729,29121.998993108205
434.12163788439716,29437.636165500266
434.5711726999038,29797.623417419058
435.0206857394598,30189.69030023611
435.47017698871525,30644.981176553323
435.91964643332005,31123.732644026117
436.36909405892396,31636.45817136261
436.8185198511769,32172.4549778334
437.2679237957291,32714.923830768756
437.7173058782301,33275.75798837037
438.16666608433,33831.212849762145
438.6160043996787,34367.86276633615
439.06532080992616,34876.26398473859
439.51461530072226,35355.18252020816
439.9638878577169,35782.17327525403
440.41313846655993,36150.6949074752
440.86236711290155,36453.95517244502
441.3115737823914,36676.6970432101
441.7607584606794,36787.27133560447
442.20992113341566,36837.34722900227
442.65906178625,36784.758462475846
443.10818040483235,36639.33144174476
443.55727697481257,36395.78578665357
444.00635148184057,36079.941580032806
444.45540391156646,35669.900014302664
444.90443424964,35162.01870889854
445.3534424817111,34612.02140859739
445.80242859342974,34043.94454763876
446.25139257044583,33421.369400128344
446.70033439840927,32762.404249784107
447.14925406297,32097.719455860562
447.59815154977787,31436.649837885478
448.04702684448296,30823.220600700482
448.4958799327351,30214.181416155465
448.94471080018405,29677.95440004287
449.39351943248,29225.989086485915
449.8423058152727,28824.720998552082
450.2910699342122,28497.082962901448
450.73981177494824,28252.826696923225
451.18853132313086,28088.884694937246
451.63722856441007,27994.50615247146
452.08590348443556,28018.315555227837
452.53455606885734,28103.886110025407
452.98318630332545,28295.028625242318
453.4317941734897,28577.23437846466
453.880379665,28951.652645620874
454.3289427635063,29397.228142193802
454.7774834546585,29898.80308674624
455.2260017241067,30498.124823931943
455.6744975575005,31176.43285913693
456.12297094049,31944.38540189273
456.57142185872516,32758.94125815395
457.0198502978558,33654.01926145891
457.4682562435318,34600.10180308598
457.9166396814033,35617.583266335976
458.36500059711994,36680.40783670998
458.813338976332,37806.32588236221
459.261654804689,38925.897805850575
459.709948067841,40134.41533343526
460.158218751438,41354.96380214064
460.60646684113004,42613.7056004485
461.0546923225667,43895.90568363556
461.5028951813981,45213.21701792508
461.9510754032742,46519.19609350466
462.39923297384496,47826.983503651
462.84736787876,49095.523185670405
463.2954801036695,50357.56301245906
463.7435696342233,51577.763370303255
464.1916364560715,52765.15908794145
464.6396805548637,53875.97977825852
465.08770191624996,54904.697596403275
465.53570052588026,55844.40065872828
465.9836763694046,56749.99542754677
466.4316294324727,57495.129045421
466.87955970073443,58181.79605827885
467.32746715984007,58738.71616082036
467.7753517954391,59199.93510076109
468.2232135931818,59523.12491209704
468.67105253871784,59762.85629548064
469.11886861769733,59861.423618867084
469.56666181577003,59851.87976782148
470.01443211858594,59697.46035131369
470.46217951179494,59414.98456385036
470.9099039810471,59025.46561836398
471.3576055119921,58555.84420311302
471.80528409028,57962.33146247849
472.2529397015607,57313.01779589739
472.7005723314842,56561.056886236955
473.14818196570025,55768.1706023549
473.59576858985884,54911.63252156603
474.04333218961,54014.15942964279
474.49087275060356,53089.75383671757
474.9383902584894,52151.56974386472
475.38588469891744,51216.47421549455
475.8333560575377,50266.31082192467
476.2808043200001,49336.500340006474
476.72822947195436,48422.12051842424
477.17563149905055,47543.97100915152
477.6230103869386,46701.46549185782
478.07036612126853,45862.70988195144
478.51769868769003,45086.679109698176
478.9650080718531,44340.59634011791
479.4122942594077,43605.390114322574
479.85955723600387,42946.64511284029
480.3067969872913,42326.71284439334
480.75401349892,41749.640628193105
481.2012067565399,41244.565928439166
481.648376745801,40765.387806287574
482.09552345235306,40339.673376526975
482.54264686184604,39976.886996024376
482.98974695992996,39645.42132603943
483.43682373225477,39374.127796339795
483.8838771644702,39132.222980380044
484.33090724222626,38946.81020501134
484.7779139511728,38761.14105750733
485.22489727696,38616.22330782059
485.67185720523753,38494.84885359081
486.1187937216554,38397.67857521465
486.5657068118634,38327.76813485112
487.0125964615117,38292.898556957414
487.45946265625,38274.81852036683
487.9063053817283,38287.0243784355
488.3531246235965,38327.84587099214
488.7999203675047,38408.64193460225
489.2466925991025,38506.0080036519
489.69344130403994,38607.84844826163
490.14016646796705,38720.10903339335
490.5868680765338,38897.589017449056
491.0335461153898,39079.967405604766
491.4802005701853,39283.34415451234
491.92683142657,39494.07500933495
492.37343867019393,39716.19104692637
492.82002228670694,39966.73607459851
493.266582261759,40210.75398452378
493.713118581,40481.316667323255
494.15963123008004,40749.91966737875
494.6061201946487,41060.95010772113
495.05258546035617,41360.29186115872
495.4990270128523,41666.376912217514
495.9454448377869,41986.74982868837
496.39183892081,42303.99610049576
496.8382092475715,42652.9784779747
497.28455580372145,42972.72370496432
497.73087857490947,43324.08814021032
498.1771775467857,43693.126522257444
498.623452705,44022.7866436794
499.0697040352024,44366.59319961319
499.5159315230426,44692.208704440614
499.9621351541706,45017.926344079206
500.4083149142364,45322.23262523461
500.85447078889007,45628.804700488545
501.30060276378117,45940.877079910635
501.7467108245597,46264.332677047605
502.19279495687584,46581.092367723206
502.63885514637934,46875.05970001819
503.08489137872,47156.268532362716
503.53090363954794,47436.36360770363
503.9768919145129,47663.90746135915
504.4228561892651,47952.466125227635
504.8687964494541,48189.41291120976
505.31471268073,48463.33405080606
505.7606048687427,48667.14235358268
506.2064729991422,48865.47415059363
506.6523170575783,49020.22978503293
507.09813702970087,49229.422044912455
507.54393290115996,49388.567077332955
507.98970465760556,49573.599770057415
508.4354522846874,49777.35520246691
508.88117576805547,49975.834589116464
509.32687509335966,50142.52996512198
509.7725502462501,50306.09869767574
510.21820121237636,50392.66732250299
510.66382797738856,50509.082739621386
511.1094305269366,50603.427524567
511.5550088466705,50731.56471253903
512.0005629222401,50852.89313761273
512.4460927392951,50994.33454297543
512.8915982834857,51140.90112245568
513.3370795404619,51314.43977039927
513.7825364958733,51402.098196261475
514.22796913537,51498.565324106225
514.6733774446019,51530.08939704735
515.118761409219,51581.291558609075
515.564121014871,51636.64359378606
516.009456247208,51692.105682006164
516.45476709188,51771.0254060718
516.9000535345367,51855.439655983355
517.3453155608282,51987.85555049476
517.7905531564043,52047.289633618915
518.2357663069148,52072.11431187678
518.68095499801,52130.63863509203
519.1261192153396,52221.87920461811
519.5712589445534,52268.2214114911
520.0163741713013,52303.21357201099
520.4614648812337,52371.19807295745
520.9065310599999,52464.58718534888
521.3515726932503,52561.39016389229
521.7965897666345,52582.10492802547
522.2415822658027,52635.220807008984
522.6865501764045,52692.20855350003
523.13149348409,52771.274567480075
523.5764121745092,52839.122568392355
524.0213062333119,52903.75425881145
524.4661756461479,52930.1666100447
524.9110203986673,52969.21398930402
525.3558404765201,52981.959222360274
525.8006358653558,53046.29440891967
526.2454065508249,53117.35334549624
526.690152518577,53199.60994535593
527.1348737542621,53240.9164585172
527.57957024353,53284.58931502099
528.0242419720307,53367.012090665485
528.4688889254141,53427.83804206739
528.9135110893303,53476.06406170237
529.358108449429,53529.12891430503
529.8026809913599,53631.86303068921
530.2472287007735,53681.49990150261
530.6917515633194,53745.22427662179
531.1362495646474,53828.117667679006
531.5807226904077,53911.06040769122
532.02517092625,53981.44777408086
532.4695942578244,54030.58141508929
532.9139926707805,54102.19869123738
533.3583661507687,54186.849478313256
533.8027146834385,54247.56275623894
534.24703825444,54337.013676181865
534.6913368494231,54443.226245401434
535.1356104540378,54517.00099502365
535.5798590539338,54634.20527882593
536.0240826347614,54687.65589013617
536.46828118217,54732.53654566404
536.9124546818099,54825.22665274267
537.356603119331,54896.00640743259
537.8007264803831,54965.17660797597
538.2448247506161,55066.84380424491
538.68889791568,55098.319629175225
539.1329459612247,55142.86043436192
539.5769688729001,55171.56780910934
540.0209666363562,55205.85068267568
540.4649392372428,55282.83179403096
540.9088866612099,55340.17617481924
541.3528088939075,55410.172652922636
541.7967059209853,55440.71398015769
542.2405777280934,55496.560074155495
542.6844243008816,55578.89377681969
543.128245625,55650.67324495385
543.5720416860984,55679.47997116474
544.0158124698265,55716.128655354456
544.4595579618347,55721.07074110454
544.9032781477725,55748.948773150216
545.3469730132899,55797.940857634894
545.790642544037,55822.649550580216
546.2342867256638,55875.07766076886
546.67790554382,55853.3037415139
547.1214989841552,55876.17741563749
547.56506703232,55898.759557239835
548.008609673964,55883.67563580332
548.4521268947369,55894.24757380829
548.8956186802891,55912.360990962334
549.33908501627,55909.25651640967
549.7825258883299,55936.4590272276
550.2259412821187,55957.03823834447
550.6693311832862,55906.639552810666
551.1126955774822,55843.29251689404
551.556034450357,55807.681289532295
551.99934778756,55770.6006599061
552.4426355747415,55759.90571539266
552.8858977975514,55756.246165726196
553.3291344416394,55707.92523409119
553.7723454926557,55679.04552554606
554.21553093625,55648.5055144836
554.6586907580722,55601.787241131686
555.1018249437726,55518.1103346605
555.5449334790007,55442.57706432247
555.9880163494065,55388.68618616284
556.43107354064,55296.70842989849
556.8741050383512,55251.53663589908
557.3171108281898,55167.27518492409
557.7600908958058,55137.95546493055
558.2030452268492,55067.86495199663
558.64597380697,55013.91213451562
559.0888766218179,54935.43886915555
559.5317536570429,54873.72649185956
559.974604898295,54764.17268298257
560.4174303312241,54695.56268927595
560.86022994148,54600.19790476914
561.3030037147128,54502.92348106397
561.7457516365721,54433.01619542023
562.1884736927083,54297.6109438076
562.6311698687709,54220.67051545392
563.07384015041,54085.03512954879
563.5164845232755,53989.0442362149
563.9591029730174,53868.60243616531
564.4016954852855,53758.89807675337
564.8442620457297,53706.721464896385
565.28680264,53625.020778139624
565.7293172537464,53499.500083184335
566.1718058726185,53364.64905306023
566.6142684822667,53227.37677941566
567.0567050683404,53091.31670640077
567.49911561649,52939.407886491055
567.9415001123651,52828.12794375279
568.3838585416157,52773.62059620707
568.8261908898918,52702.94910057373
569.2684971428433,52690.72002398263
569.71077728612,52667.34412652266
570.153031305372,52639.94130851059
570.5952591862489,52572.12060332254
571.037460914401,52486.36024779256
571.4796364754782,52368.848335937466
571.92178585513,52259.924222916
572.3639090390067,52090.73234998594
572.8060060127583,52010.521868954536
573.2480767620343,51882.10011459389
573.6901212724848,51788.573505146305
574.1321395297599,51683.78544738418
574.5741315195095,51628.67593365846
575.0160972273833,51482.35947381964
575.4580366390314,51369.782501062466
575.8999497401037,51339.56398269372
576.34183651625,51251.21911226581
576.7836969531204,51168.17287495129
577.2255310363646,51068.61274859594
577.6673387516327,50948.475188503566
578.1091200845746,50873.25780945928
578.5508750208401,50790.850219692715
578.9926035460791,50728.69265069537
579.4343056459417,50661.43762457865
579.8759813060778,50605.5168264895
580.3176305121373,50535.35321468153
580.75925324977,50440.863431527294
581.200849504626,50401.13419168991
581.642419262355,50378.42778181002
582.0839625086071,50292.91220446106
582.525479229032,50242.144491348714
582.9669694092801,50187.27388869631
583.4084330350007,50161.14452024683
583.8498700918442,50122.269701650934
584.2912805654602,50123.83063538909
584.732664441499,50102.14627461201
585.17402170561,50095.046927545765
585.6153523434435,50014.50005464251
586.0566563406493,50009.49543840295
586.4979336828775,50044.363836165125
586.9391843557777,50034.67500010474
587.380408345,50034.05352580121
587.8216056361942,50023.29482443035
588.2627762150107,50033.24113836656
588.7039200670987,50041.76273829053
589.1450371781085,50063.22544580816
589.58612753369,50081.24487229249
590.0271911194932,50098.08921438015
590.4682279211678,50118.625067604684
590.9092379243638,50117.0024597231
591.3502211147312,50163.04371918641
591.7911774779201,50173.765388520245
592.23210699958,50210.38314241414
592.673009665361,50221.20788900363
593.113885460913,50248.90737283846
593.5547343718861,50280.42487651495
593.99555638393,50329.61784465387
594.4363514826947,50329.27793975844
594.87711965383,50370.067960694636
595.3178608829862,50395.19036501558
595.7585751558129,50407.22366618106
596.19926245796,50460.10028682674
596.6399227750775,50525.75403088855
597.0805560928154,50557.93327740702
597.5211623968235,50609.42084686189
597.9617416727517,50665.501593804234
598.40229390625,50711.62035622802
598.8428190829684,50739.600620007644
599.2833171885566,50793.51305835847
599.7237882086647,50841.98817839897
600.1642321289424,50875.95776765957
600.60464893504,50933.7956565463
601.0450386126072,50977.16721784622
601.4854011472937,50998.5881018547
601.9257365247498,51055.07676290687
602.3660447306254,51112.70326867409
602.80632575057,51162.9077898257
603.246579570234,51184.98091256834
603.686806175267,51237.959162337596
604.1270055513191,51271.9659356304
604.5671776840401,51306.55283070999
605.00732255908,51331.772445552866
605.4474401620887,51385.809482052166
605.8875304787161,51401.78968088429
606.3275934946123,51453.3946227709
606.7676291954268,51508.74010572727
607.2076375668099,51539.394063644824
607.6476185944116,51599.655415081645
608.0875722638814,51633.636963913275
608.5274985608694,51710.08824887969
608.9673974710257,51760.42704137884
609.40726898,51797.74935676917
609.8471130734424,51871.76910704209
610.2869297370025,51909.28620529143
610.7267189563307,51977.66748957713
611.1664807170765,52018.35443400992
611.60621500489,52039.84195738297
612.0459218054211,52084.51569011938
612.4856011043198,52128.00886619943
612.9252528872358,52162.5390897375
613.3648771398193,52242.59213389064
613.80447384772,52271.73739880443
614.244042996588,52325.07056389666
614.6835845720731,52370.13793754164
615.123098559825,52430.79976262366
615.562584945494,52487.95443211985
616.00204371473,52551.15586286501
616.4414748531827,52636.603585526376
616.8808783465022,52678.66529882004
617.3202541803382,52702.41632063745
617.7596023403408,52799.329457402804
618.19892281216,52799.079222077846
618.6382155814456,52867.46236189137
619.0774806338472,52921.735317759325
619.5167179550155,52958.616635820865
619.9559275305998,53032.66876300487
620.39510934625,53083.26561196897
620.8342633876164,53102.42848909713
621.2733896403486,53167.927870456515
621.7124880900967,53197.52950911455
622.1515587225105,53245.48296752453
622.59060152324,53297.13620127354
623.0296164779352,53336.328905220194
623.4686035722458,53386.968460530086
623.9075627918219,53415.368575281565
624.3464941223133,53447.745636538966
624.78539754937,53485.755324934136
625.224273058642,53539.3439598359
625.6631206357789,53581.47240757362
626.101940266431,53599.13809309138
626.5407319362481,53682.77644223482
626.97949563088,53746.30419491039
627.4182313359768,53802.970254888976
627.8569390371881,53831.81812556796
628.2956187201643,53840.103213512106
628.7342703705549,53868.99717614205
629.17289397401,53909.84408737638
629.6114895161794,53951.611960142916
630.0500569827134,53995.39244839685
630.4885963592615,54011.20151083474
630.9271076314736,54053.007179666536
631.3655907849999,54066.614652215714
631.8040458054903,54120.751532121336
632.2424726785946,54124.26212791022
632.6808713899626,54100.79214028673
633.1192419252445,54148.560887161686
633.55758427009,54175.74238563049
633.995898410149,54180.1355006275
634.4341843310717,54194.26889632456
634.8724420185079,54183.921174065894
635.3106714581073,54187.44208792344
635.74887263552,54162.95817700074
636.1870455363959,54202.93591874558
636.6251901463851,54162.75870520861
637.063306451137,54167.122478986006
637.5013944363021,54149.76857086407
637.93945408753,54098.667301682835
638.3774853904708,54084.06422214279
638.8154883307741,54051.8873202228
639.2534628940903,54035.912302550365
639.6914090660688,53950.44585243774
640.1293268323601,53889.55479736455
640.5672161786135,53810.85321841392
641.0050770904794,53738.94605081792
641.4429095536074,53666.78561361003
641.8807135536476,53578.69730583434
642.3184890762501,53513.88325269732
642.7562361070643,53445.83705318648
643.1939546317404,53382.01345206697
643.6316446359288,53287.8640747758
644.0693061052785,53248.88622663875
644.50693902544,53196.00572588187
644.9445433820631,53122.20791419967
645.3821191607977,53037.24872497398
645.819666347294,52975.493534269604
646.2571849272014,52898.768446152295
646.69467488617,52807.61054318499
647.13213620985,52714.198506608955
647.5695688838911,52655.384407855905
648.006972893943,52563.192030589045
648.4443482256561,52480.668257222635
648.8816948646801,52416.184277076114
649.3190127966648,52300.687993319385
649.7563020072602,52160.701962447165
650.1935624821161,52053.918026713574
650.6307942068829,51881.249621497576
651.06799716721,51787.31797608355
651.5051713487476,51683.91518069079
651.9423167371453,51548.63245165818
652.3794333180534,51455.23321222764
652.8165210771217,51341.94998937915
653.25358,51189.36588479681
653.6906100723384,51040.80284981242
654.1276112797866,50909.370251882036
654.5645836079947,50778.91946294442
655.0015270426125,50636.85087290526
655.4384415692899,50478.07961243517
655.8753271736772,50337.96277110455
656.3121838414238,50201.600693448294
656.7490115581799,50056.71816429163
657.1858103095952,49888.54996054732
657.62258008132,49778.14735448757
658.059320859004,49629.30534960377
658.4960326282969,49518.631920178326
658.9327153748491,49336.32253802854
659.36936908431,49184.27280085871
659.8059937423301,49068.50805541492
660.2425893345587,48911.9318276737
660.6791558466462,48741.40448999379
661.1156932642423,48610.773284529976
661.552201572997,48507.39316134474
661.98868075856,48385.13383494529
662.4251308065815,48299.08867369038
662.8615517027114,48177.22778914177
663.2979434325994,48114.67984777914
663.7343059818957,48026.31601684394
664.17063933625,47973.66097703245
664.6069434813124,47877.724667353905
665.0432184027326,47778.7320321917
665.4794640861606,47717.33601155115
665.9156805172466,47642.86678198067
666.3518676816401,47582.10935975388
666.7880255649911,47521.35637761894
667.2241541529497,47457.7396325371
667.6602534311659,47424.43494439685
668.0963233852893,47418.24466055545
668.53236400097,47414.56476278896
668.968375263858,47403.75083701199
669.404357159603,47430.328406679655
669.840309673855,47420.404252612236
670.2762327922641,47429.41760640509
670.71212650048,47431.050343909024
671.1479907841527,47491.637892645216
671.5838256289322,47476.591633340955
672.0196310204683,47491.11939587788
672.4554069444108,47509.21512308055
672.8911533864101,47537.0273349046
673.3268703321156,47529.76212574202
673.7625577671773,47570.4161691227
674.1982156772455,47531.866247184276
674.6338440479698,47505.53623356123
675.069442865,47466.661537589476
675.5050121139864,47474.94849892555
675.9405517805785,47480.35658482599
676.3760618504267,47438.63989284128
676.8115423091805,47366.20455616062
677.24699314249,47274.86704550634
677.6824143360051,47178.72273224469
678.1178058753758,47076.694664931194
678.5531677462518,46970.068164053904
678.9884999342834,46855.61347221622
679.42380242512,46704.11222007706
679.859075204412,46532.397401405215
680.294318257809,46292.78419385123
680.729531570961,46108.3886846393
681.164715129518,45940.42429581487
681.5998689191301,45721.48925398008
682.0349929254468,45502.01895795227
682.4700871341182,45299.598333594135
682.9051515307942,45050.48444111578
683.3401861011249,44862.54580084663
683.77519083076,44621.6072475911
684.2101657053496,44400.833651788336
684.6451107105433,44131.80932450024
685.0800258319914,43937.747547498955
685.5149110553436,43665.72476512116
685.94976636625,43411.07323344048
686.3845917503603,43165.01464782153
686.8193871933246,42911.971502725486
687.2541526807927,42684.32530954744
687.6888881984145,42498.902616058935
688.12359373184,42302.918582411374
688.5582692667192,42150.81363755516
688.9929147887017,41978.0894989903
689.4275302834378,41857.011260749045
689.8621157365773,41734.99563238156
690.29667113377,41682.59869352925
690.731196460666,41640.62793610485
691.165691702915,41624.45562125231
691.600156846167,41607.1741299538
692.0345918760721,41585.15585752088
692.46899677828,41592.80215949586
692.9033715384406,41599.62381390314
693.3377161422043,41620.69578632373
693.7720305752202,41703.252385296306
694.206314823139,41795.790649187016
694.64056887161,41933.978167029294
695.0747927062836,42099.46219341875
695.5089863128094,42254.46912350052
695.9431496768375,42425.453184054444
696.3772827840177,42647.49831788143
696.81138562,42880.688174001094
697.2454581704343,43114.08226629531
697.6795004209706,43350.51410575871
698.1135123572586,43597.98529588642
698.5474939649486,43888.97493595542
698.98144522969,44184.682396156895
699.4153661371331,44479.54465578729
699.8492566729277,44776.18247155108
700.2831168227239,45107.64505013355
700.7169465721713,45391.40055801215
701.15074590692,45682.94006557619
701.5845148126199,45940.31765015723
702.018253274921,46246.54274445973
702.451961279473,46518.77960332923
702.8856388119261,46760.54209116367
703.31928585793,47023.19714704276
703.7529024031347,47275.91251442138
704.1864884331901,47483.54177728478
704.6200439337463,47652.064274776625
705.0535688904529,47792.769400704834
705.48706328896,47924.86667436689
705.9205271149175,48035.42013175388
706.3539603539754,48074.58648414219
706.7873629917834,48129.00816900222
707.2207350139915,48131.98043158125
707.65407640625,48169.66573816263
708.0873871542083,48160.879800306924
708.5206672435165,48105.106121042125
708.9539166598245,48004.44381678338
709.3871353887826,47863.904175048505
709.82032341604,47731.668983634554
710.253480727247,47579.151482005844
710.6866073080537,47401.279381654436
711.1197031441098,47214.41275571774
711.5527682210652,47051.628481800595
711.9858025245699,46839.24253818085
712.4188060402739,46640.73947239878
712.8517787538269,46418.979384566584
713.284720650879,46194.090687781114
713.71763171708,45909.3894981852
714.15051193808,45660.60990691751
714.5833612995287,45444.24722569126
715.0161797870761,45247.28751196913
715.4489673863721,44952.57056580011
715.8817240830668,44680.44494554002
716.3144498628101,44398.72495583595
716.7471447112515,44179.322957428834
717.1798086140413,44050.12530052049
717.6124415568294,43927.33393631122
718.0450435252657,43832.19539486444
718.477614505,43772.08351118391
718.9101544816823,43751.35971922792
719.3426634409625,43627.02543689594
719.7751413684907,43480.29420733277
720.2075882499165,43293.445209308455
720.6400040708899,43255.26474003436
721.0723888170611,43298.77567264984
721.5047424740798,43325.47889874543
721.9370650275958,43309.54811661798
722.3693564632592,43329.38285047199
722.80161676672,43399.26718077033
723.2338459236279,43458.97931670339
723.666043919633,43587.91607780722
724.098210740385,43760.02067607715
724.5303463715342,43913.0703639612
724.9624507987301,44030.712507149736
725.3945240076226,44154.055367840716
725.8265659838621,44325.87572078485
726.2585767130983,44463.69009043762
726.6905561809809,44640.291962148214
727.1225043731599,44793.17367796947
727.5544212752854,44968.813681654654
727.9863068730074,45141.92877434739
728.4181611519755,45255.324875836544
728.8499840978396,45406.5022386315
729.28177569625,45552.91309180558
729.7135359328564,45653.35542738371
730.1452647933086,45746.49672563677
730.5769622632565,45839.85777763386
731.0086283283505,45923.75773225369
731.44026297424,45940.97977637202
731.8718661865751,45911.52633642672
732.3034379510057,45830.14602483033
732.7349782531817,45722.745905590884
733.1664870787533,45593.44878884191
733.59796441337,45486.272391458384
734.0294102426819,45315.94172866781
734.4608245523389,45105.5535238632
734.8922073279911,44886.66145326632
735.3235585552881,44655.162696775245
735.75487821988,44366.86133033221
736.1861663074167,44092.88437606082
736.6174228035482,43735.40114265349
737.0486476939243,43353.12989817858
737.4798409641949,42952.34371497688
737.91100260001,42547.01100975786
738.3421325870195,42101.12507049439
738.7732309108733,41654.61913278518
739.2042975572214,41182.0000303244
739.6353325117136,40727.99579606422
740.0663357600001,40241.15314699957
740.4973072877303,39794.90607482196
740.9282470805546,39291.57687452543
741.3591551241226,38795.647405566866
741.7900314040845,38299.28231669372
742.22087590609,37840.680449799125
742.651688615789,37348.29320866972
743.0824695188317,36829.322746686696
743.513218600868,36370.241022048984
743.9439358475472,35908.841373298936
744.37462124452,35484.03781038794
744.8052747774359,35049.0095956035
745.235896431945,34641.01551522402
745.666486193697,34288.372133643126
746.097044048342,33944.50205757694
746.52756998153,33606.20379565048
746.9580639789107,33282.169430318776
747.3885260261341,32988.98121348341
747.8189561088502,32700.895435402086
748.2493542127089,32485.060676824767
748.67972032336,32297.935506784775
749.1100544264534,32149.577800744843
749.5403565076393,32075.592735468505
749.9706265525675,31995.066524186244
750.4008645468876,31976.058851818838
750.8310704762499,31986.403718958765
751.2612443263042,32001.945840218228
751.6913860827005,32070.0197782622
752.1214957310887,32129.261077496874
752.5515732571184,32285.32892579309
752.9816186464399,32458.566856231155
753.4116318847031,32685.186848674435
753.8416129575577,32951.548215793504
754.2715618506538,33259.50940064608
754.7014785496413,33588.308641881165
755.1313630401701,33982.815468500565
755.5612153078899,34431.60910761923
755.991035338451,34866.05821110197
756.4208231175029,35334.71391040233
756.8505786306961,35837.823732835335
757.28030186368,36392.29748067808
757.7099928021047,36981.17145742602
758.1396514316201,37565.384485439994
758.5692777378763,38189.54714310726
758.9988717065229,38867.9484019323
759.4284333232099,39568.863437988366
759.8579625735874,40245.1246724379
760.2874594433055,41009.87400605606
760.7169239180134,41820.98179107797
761.1463559833617,42630.73435065549
761.5757556249999,43446.8559387466
762.0051228285784,44248.40990169067
762.4344575797465,45032.81230071043
762.8637598641546,45820.36322459824
763.2930296674524,46591.67666088777
763.72226697529,47347.97323643323
764.1514717733172,48124.095422006285
764.5806440471837,48869.835733872875
765.0097837825398,49546.10387613368
765.4388909650354,50225.71739501075
765.8679655803201,50780.49787181633
766.2970076140439,51322.33985403731
766.7260170518568,51769.084595800494
767.1549938794091,52089.37908030124
767.5839380823501,52290.95841505187
768.01284964633,52386.530764426985
768.4417285569987,52345.0418440477
768.8705748000062,52191.772771353186
769.2993883610022,51932.96717755518
769.7281692256369,51564.14490940672
770.1569173795599,51081.738178696636
770.5856328084216,50511.47716981855
771.0143154978714,49843.806177495295
771.4429654335594,49053.723297069286
771.8715826011356,48207.262431555
772.30016698625,47207.292688956484
772.7287185745523,46281.20166374994
773.1572373516925,45271.43360566209
773.5857233033206,44226.79994861245
774.0141764150865,43179.2046135493
774.44259667264,42117.43047374614
774.870984061631,41074.12514395361
775.2993385677098,40089.62564464231
775.7276601765259,39087.16421628498
776.1559488737294,38157.70492866048
776.58420464497,37289.15053054153
777.012427475898,36467.10794960428
777.4406173521629,35683.83525568954
777.868774259415,34962.08626196837
778.2968981833039,34301.62891381868
778.72498910948,33654.2847124675
779.1530470235926,33125.421692119584
779.5810719112922,32588.425707442548
780.0090637582282,32152.30130668764
780.437022550051,31740.53417072337
780.86494827241,31414.93801534213
781.2928409109555,31126.680259901572
781.7207004513373,30867.48736267022
782.1485268792054,30664.68016594859
782.5763201802097,30544.60981494415
783.00408034,30440.353083097336
783.4318073442263,30366.235237869132
783.8595011785386,30326.990265046403
784.2871618285866,30326.485734129237
784.7147892800205,30342.785166606267
785.14238351849,30371.808356436486
785.5699445296452,30425.939825321682
785.9974722991358,30529.344913056284
786.4249668126118,30638.884266172696
786.8524280557232,30787.84251074541
787.27985601412,30944.90496991871
787.7072506734519,31147.23599548515
788.1346120193689,31366.181920417977
788.561940037521,31618.813603071896
788.9892347135582,31828.882336185765
789.41649603313,32073.142701761728
789.8437239818867,32329.98961729788
790.270918545478,32596.805265008483
790.6980797095542,32847.66035008285
791.1252074597649,33134.98224788995
791.55230178176,33461.92297185242
791.9793626611895,33808.75127011968
792.4063900837034,34148.7825940846
792.8333840349515,34534.75205381417
793.2603445005836,34953.61126338383
793.6872714662499,35352.612409059446
794.1141649176003,35830.759593441166
794.5410248402845,36307.45203624934
794.9678512199526,36788.31546600707
795.3946440422544,37316.86452961562
795.82140329284,37832.832161707935
796.2481289573592,38325.5913220823
796.6748210214618,38868.48597783234
797.1014794707978,39433.281549004714
797.5281042910173,39947.69727294611
797.95469546777,40503.09498229579
798.3812529867059,41117.33348184098
798.8077768334749,41747.91229505373
799.234266993727,42348.54399814092
799.6607234531122,43012.05168789757
800.0871461972799,43615.8727774922
800.5135352118806,44205.41368443475
800.9398904825641,44774.12506788409
801.3662119949803,45301.47059076075
801.7924997347789,45708.57938642127
802.21875368761,46090.86739315974
802.6449738391235,46356.755715584455
803.0711601749694,46572.38466545584
803.4973126807973,46706.4412039133
803.9234313422577,46796.31384167708
804.3495161449999,46755.509458806926
804.7755670746743,46651.32945056208
805.2015841169305,46495.54819789547
805.6275672574186,46187.392807593424
806.0535164817885,45745.61100196297
806.4794317756899,45245.17357373934
806.9053131247731,44627.497324721095
807.3311605146878,43976.44126499602
807.7569739310838,43230.1454260002
808.1827533596112,42378.48647625028
808.6084987859199,41477.22491369738
809.03421019566,40424.03889648724
809.4598875744811,39392.39892044532
809.8855309080329,38319.46537036418
810.311140181966,37219.93563804814
810.73671538193,36122.53081486985
811.1622564935747,35045.748634613694
811.5877635025502,33973.0238053165
812.0132363945063,32932.82169045437
812.4386751550929,31918.895971793696
812.8640797699601,30908.17860526826
813.2894502247575,29928.532121664448
813.7147865051354,28978.102026835626
814.1400885967435,28053.090260470362
814.5653564852316,27196.097090671963
814.9905901562499,26383.22788994117
815.4157895954482,25582.73308254842
815.8409547884767,24804.337014368743
816.2660857209846,24081.951611344793
816.6911823786224,23408.31962995529
817.11624474704,22791.53922545571
817.5412728118872,22225.600074760634
817.9662665588138,21705.049639789402
818.3912259734698,21210.612171570967
818.8161510415052,20770.017958756234
819.2410417485701,20349.9694352778
819.6658980803139,19929.816521834306
820.0907200223869,19542.309278082863
820.515507560439,19149.988467192346
820.9402606801201,18806.596910212294
821.36497936708,18463.20557089837
821.7896636069687,18146.409144044857
822.2143133854361,17865.69866286503
822.6389286881323,17606.9709887151
823.0635095007069,17363.454891149726
823.48805580881,17165.527307480177
823.9125675980915,16972.514245712187
824.3370448542013,16801.44805939142
824.7614875627894,16627.518600425687
825.1858957095056,16474.783392954625
825.6102692799999,16316.280175249485
826.0346082599224,16176.094922911572
826.4589126349225,16043.840041443944
826.8831823906506,15913.872578594022
827.3074175127564,15794.64444534502
827.73161798689,15682.12611302788
828.1557837987011,15589.683213040575
828.5799149338397,15505.554270884453
829.0040113779559,15459.698293235746
829.4280731166994,15417.053471016176
829.85210013572,15398.081897708718
830.2760924206679,15383.101885922608
830.700049957193,15398.755411927921
831.1239727309451,15396.176205667061
831.5478607275741,15418.77384311293
831.97171393273,15433.841847626536
832.3955323320628,15451.221786702044
832.8193159112221,15480.305782860556
833.2430646558582,15510.318717935961
833.6667785516208,15556.228509952773
834.09045758416,15605.478648610624
834.5141017391255,15682.219856262735
834.9377110021674,15776.709670953865
835.3612853589353,15882.01837117527
835.7848247950797,16028.357229785726
836.20832929625,16186.79551996132
836.6317988480963,16360.454902123904
837.0552334362685,16526.35916103339
837.4786330464167,16701.469843140596
837.9019976641905,16885.869952812693
838.3253272752399,17061.94191250636
838.7486218652151,17256.093862661433
839.1718814197658,17445.40710427641
839.5951059245418,17650.217467248673
840.0182953651932,17845.868916821666
840.44144972737,18082.470257915753
840.864568996722,18324.766166520854
841.2876531588989,18582.163781001535
841.710702199551,18863.631850425296
842.133716104328,19175.47974216671
842.5566948588801,19496.287667494606
842.9796384488568,19845.297448918685
843.402546859908,20165.655783431946
843.8254200776842,20509.553971146906
844.248258087835,20863.689087963354
844.6710608760101,21218.719266103817
845.0938284278595,21601.48932530749
845.5165607290334,21966.966731774726
845.9392577651814,22357.274715090123
846.3619195219537,22768.335941231107
846.7845459849999,23174.06442024333
847.2071371399703,23576.758549645296
847.6296929725146,23991.683882794074
848.0522134682826,24449.4608228927
848.4746986129244,24894.424002540487
848.89714839209,25375.362644317844
849.3195627914291,25886.852675379727
849.7419417965918,26421.93872348603
850.1642853932278,26925.40476481878
850.5865935669872,27463.07566230324
851.0088663035201,28010.856135065867
851.4311035884759,28580.037216551686
851.8533054075049,29113.793432515384
852.2754717462569,29620.614066031256
852.6976025903821,30174.21438034107
853.1196979255301,30649.446719085932
853.5417577373507,31154.616752914713
853.9637820114941,31652.41327965979
854.3857707336102,32136.40108298455
854.8077238893488,32655.170003139145
855.2296414643599,33174.67895915975
855.6515234442934,33639.98055268106
856.0733698147993,34107.51636073094
856.4951805615274,34568.22091377958
856.9169556701277,35014.93726650821
857.3386951262501,35438.58927772281
857.7603989155443,35840.02764662971
858.1820670236606,36161.26461447406
858.6036994362487,36501.91004811915
859.0252961389584,36816.66118428626
859.44685711744,37045.012450336646
859.8683823573431,37179.59281426357
860.2898718443178,37228.16422585563
860.7113255640138,37278.92637537007
861.1327435020813,37294.320033950884
861.55412564417,37201.7468403387
861.97547197593,37090.596582533166
862.396782483011,36929.376220772596
862.818057151063,36759.58544788089
863.239295965736,36553.29830316487
863.6604989126799,36329.87107668343
864.0816659775447,36046.6962146942
864.5027971459801,35699.61795984142
864.9238924036362,35365.252589953016
865.3449517361629,35000.41706272243
865.76597512921,34637.416238278296
866.1869625684276,34230.39129833819
866.6079140394653,33766.342366411736
867.0288295279734,33266.82218309137
867.4497090196018,32778.72785976101
867.8705525,32297.856698542768
868.2913599548183,31768.870797389314
868.7121313697065,31281.141429875057
869.1328667303147,30781.287045002737
869.5535660222924,30304.01012779059
869.97422923129,29808.13977848749
870.394856342957,29363.459219606753
870.8154473429438,28895.963083519113
871.2360022168999,28460.027551718882
871.6565209504753,28043.47360909601
872.07700352932,27658.522953492742
872.4974499390839,27269.264567288865
872.917860165417,26926.196248887234
873.338234193969,26605.512513444668
873.75857201039,26363.122345286483
874.1788736003301,26143.951011042976
874.5991389494386,25912.010275403973
875.0193680433661,25730.363512572436
875.4395608677621,25581.412053100637
875.8597174082769,25439.1749011943
876.27983765056,25365.83627551933
876.6999215802615,25319.79505927748
877.1199691830312,25261.94341403278
877.5399804445194,25179.29983677246
877.9599553503757,25083.464029668125
878.37989388625,25011.410633598905
878.7997960377922,24964.474025573156
879.2196617906526,24952.153821691154
879.6394911304806,24967.497359516405
880.0592840429265,24974.163071996772
880.47904051364,24979.637044720632
880.8987605282712,24998.749426103037
881.3184440724698,25030.101128104387
881.7380911318858,25007.551369580888
882.1577016921692,25013.073979158256
882.57727573897,25012.02853139861
882.9968132579379,24964.88780970189
883.4163142347229,24947.308376370638
883.8357786549751,24912.16612253541
884.2552065043441,24888.692999687173
884.67459776848,24858.96734128388
885.0939524330327,24795.615520018942
885.5132704836521,24747.39769649714
885.9325519059884,24708.323466574726
886.3517966856909,24665.362575344887
886.77100480841,24608.12517134241
887.1901762597955,24546.537858735846
887.6093110254974,24502.002545491774
888.0284090911654,24451.54597046172
888.4474704424496,24402.744864739834
888.8664950650001,24325.79480885306
889.2854829444664,24246.26353864311
889.7044340664986,24115.24320257233
890.1233484167467,23976.419753846065
890.5422259808606,23803.05865337781
890.9610667444899,23658.122372664195
891.379870693285,23478.634017374425
891.7986378128957,23298.190788256816
892.2173680889719,23039.011738312256
892.6360615071633,22816.189116827984
893.05471805312,22573.743448492896
893.4733377124919,22340.036506949153
893.891920470929,22112.70997016135
894.310466314081,21855.315326653155
894.7289752275981,21595.03858444584
895.14744719713,21357.16859528935
895.5658822083267,21118.044468986976
895.9842802468382,20863.99883435082
896.4026412983142,20615.831490495566
896.8209653484048,20338.797731384406
897.2392523827601,20064.056502115727
897.6575023870295,19761.007756161907
898.0757153468634,19477.31196878643
898.4938912479114,19163.192139882838
898.9120300758237,18833.49777087678
899.33013181625,18514.866158759578
899.7481964548402,18175.15641080131
900.1662239772445,17844.787660384995
900.5842143691126,17522.502778738537
901.0021676160945,17201.22119534747
901.42008370384,16880.99856280791
901.8379626179991,16540.187799352683
902.2558043442217,16242.888119050374
902.6736088681579,15951.253684593827
903.0913761754573,15661.198016326376
903.5091062517699,15382.241274664864
903.9267990827459,15097.750726569968
904.344454654035,14834.255784559444
904.7620729512871,14561.978380893508
905.1796539601521,14280.670240820386
905.5971976662801,13994.934417675477
906.0147040553207,13706.139844905754
906.4321731129241,13419.633184329623
906.8496048247403,13134.301507131533
907.266999176419,12852.634320398753
907.68435615361,12572.134606011852
908.1016757419635,12270.27689432178
908.5189579271292,11986.8090119401
908.9362026947574,11717.911629492864
909.3534100304977,11447.51721754837
909.7705799199999,11174.471222845701
910.1877123489144,10935.88972384905
910.6048073028907,10690.973729956311
911.0218647675786,10456.299178354298
911.4388847286284,10230.770177258097
911.8558671716901,10001.0986899386
912.2728120824131,9791.869447198644
912.6897194464477,9579.376838971837
913.1065892494438,9364.935283687893
913.5234214770513,9145.961442762178
913.9402161149201,8924.135193377055
914.3569731486998,8707.841483505954
914.773692564041,8485.668868039107
915.190374346593,8272.856369246903
915.6070184820061,8064.681298375703
916.0236249559299,7860.791659938475
916.4401937540147,7655.229286017868
916.8567248619102,7453.896555599863
917.2732182652663,7263.0040080538465
917.6896739497329,7071.946933176078
918.1060919009599,6883.316140289468
918.5224721045976,6715.864420071277
918.9388145462954,6544.6398191251465
919.3551192117034,6383.639535621244
919.7713860864716,6227.682574838574
920.1876151562501,6080.385661846049
920.6038064066884,5930.060925194123
921.0199598234366,5779.982213451809
921.4360753921446,5629.305063919703
921.8521530984625,5483.020945307878
922.26819292804,5335.807744101293
922.684194866527,5195.027581692165
923.1001588995737,5056.666750896173
923.5160850128299,4932.503830204773
923.9319731919453,4795.468084538197
924.34782342257,4672.900336473503
924.7636356903539,4554.355411935131
925.179409980947,4442.031559585797
925.5951462799991,4330.783405668746
926.01084457316,4227.560199927841
926.42650484608,4132.473524357165
926.8421270844087,4036.0766785166265
927.2577112737962,3957.5030527270505
927.6732573998922,3872.6284537487445
928.0887654483469,3795.8932479068667
928.50423540481,3720.983168647464
928.9196672549315,3645.3988416945786
929.3350609843613,3573.8593415399896
929.7504165787493,3507.0145088500894
930.1657340237457,3438.377975124857
930.581013305,3378.020845644813
930.9962544081623,3320.5198991999378
931.4114573188825,3263.8357860773394
931.8266220228106,3205.663064007535
932.2417485055965,3159.1705209761376
932.65683675289,3113.0433187401995
933.0718867503412,3067.981961317194
933.4868984835998,3023.3146706635
933.9018719383158,2984.5175693829565
934.3168071001393,2948.641212722203
934.7317039547199,2911.810158569897
935.1465624877079,2880.6868993190483
935.561382684753,2853.1313274921013
935.976164531505,2826.9612151975234
936.390908013614,2800.7326028251714
936.80561311673,2781.4672243670066
937.2202798265026,2763.9951350271745
937.6349081285822,2750.8430074864223
938.0494980086183,2733.686884364651
938.464049452261,2721.8365445713725
938.87856244516,2716.096548615074
939.2930369729655,2714.9615662845595
939.7074730213274,2715.0459901452323
940.1218705758954,2717.411537925696
940.5362296223196,2733.0634721342803
940.95055014625,2754.0034051906014
941.3648321333363,2776.3547346039695
941.7790755692286,2808.5058278604897
942.1932804395767,2840.23936093968
942.6074467300305,2872.509352567389
943.02157442624,2909.858498006104
943.4356635138552,2956.9226392797873
943.8497139785258,3001.67903266201
944.2637258059018,3052.0494529773687
944.6776989816334,3106.9405149875547
945.09163349137,3164.077912539673
945.5055293207619,3229.1116670569795
945.919386455459,3295.0236082849933
946.3332048811111,3365.9536711162323
946.7469845833681,3437.9176770930785
947.1607255478799,3511.3699726450827
947.5744277602967,3587.7241680853444
947.9880912062682,3660.7639643612306
948.4017158714443,3741.2123379400823
948.8153017414749,3825.7248021287123
949.2288488020099,3914.335371749243
949.6423570386996,4000.038572211284
950.0558264371933,4096.728012793429
950.4692569831413,4190.601409193737
950.8826486621937,4291.201633248244
951.2960014600001,4383.0812604248595
951.7093153622103,4480.5236368644655
952.1225903544746,4580.211988122864
952.5358264224426,4688.062634451509
952.9490235517645,4798.37124879221
953.3621817280899,4903.666458162968
953.7753009370691,5020.251637087485
954.1883811643518,5140.53431072291
954.6014223955879,5259.406932265394
955.0144246164273,5379.562252538241
955.42738781252,5502.931668667793
955.8403119695158,5621.796642295289
956.2531970730649,5745.6025858647145
956.666043108817,5876.10410575098
957.078850062422,5999.448143465263
957.49161791953,6126.318350896171
957.9043466657907,6248.751664878688
958.3170362868542,6370.190849191089
958.7296867683702,6488.19868163509
959.1422980959888,6605.728324949923
959.55487025536,6709.525373464172
959.9674032321335,6814.446603873902
960.3798970119593,6921.683499104163
960.7923515804873,7017.268159369138
961.2047669233677,7123.516688783113
961.61714302625,7220.646769961235
962.0294798747842,7317.725652150431
962.4417774546205,7401.148861344588
962.8540357514087,7494.405636028525
963.2662547507985,7587.724589438988
963.67843443844,7682.350462331457
964.0905747999832,7773.568035324279
964.5026758210778,7863.507659630329
964.9147374873738,7954.751311832622
965.3267597845213,8025.41720853815
965.73874269817,8105.338771705441
966.15068621397,8184.655947637457
966.5625903175709,8257.94373503783
966.9744549946231,8333.299849716735
967.3862802307762,8399.05899213232
967.79806601168,8463.197166834732
968.2098123229847,8520.74710588533
968.6215191503401,8584.141553064139
969.0331864793962,8650.469018571112
969.444814295803,8696.34851326485
969.85640258521,8732.550044618212
970.2679513332674,8777.814347629846
970.6794605256254,8814.333309142283
971.0909301479335,8854.908723791683
971.5023601858417,8878.156398907076
971.9137506249999,8920.276177284879
972.3251014510585,8955.994633980801
972.7364126496666,8994.914674471156
973.1476842064747,9019.76280809851
973.5589161071325,9061.902693888534
973.9701083372901,9094.1732785509
974.3812608825972,9123.011270385146
974.7923737287038,9147.371630529185
975.2034468612597,9164.4155033125
975.6144802659153,9190.790408585088
976.02547392832,9220.283513310396
976.436427834124,9229.212901518615
976.8473419689769,9236.217131098487
977.2582163185291,9260.35057953998
977.6690508684301,9266.67118658218
978.07984560433,9280.570625951688
978.4906005118787,9277.65368183989
978.9013155767261,9269.403131315705
979.3119907845222,9264.770436880006
979.7226261209169,9263.177095095778
980.13322157156,9258.369864133278
980.5437771221016,9251.807253603238
980.9542927581913,9234.967154995613
981.3647684654794,9230.312305941818
981.7752042296156,9208.277031569063
982.18560003625,9194.515697167551
982.5959558710323,9174.795507897106
983.0062717196125,9162.923907084985
983.4165475676406,9153.522139786282
983.8267834007665,9138.849736087994
984.23697920464,9121.935124401245
984.6471349649111,9103.69800239817
985.0572506672297,9085.478162115742
985.4673262972459,9079.553775767543
985.8773618406093,9066.968714401917
986.2873572829699,9053.571609385357
986.6973126099779,9029.722610843015
987.107227807283,9018.22026947145
987.5171028605351,9000.409993714695
987.9269377553841,8983.671604688809
988.33673247748,8974.613904819378
988.7464870124728,8957.295343720312
989.1562013460122,8943.109216978835
989.5658754637483,8930.755257024462
989.975509351331,8916.66838635394
990.38510299441,8901.273295840281
990.7946563786356,8888.64001321281
991.2041694896573,8853.54922158361
991.6136423131255,8830.38141922103
992.0230748346899,8818.573819928099
992.43246704,8797.776452362557
992.8418189147064,8770.670696642932
993.2511304444588,8743.71028828708
993.6604016149066,8728.465319195058
994.0696324117006,8712.348699071454
994.47882282049,8696.48274762141
994.8879728269252,8682.159744044566
995.2970824166558,8656.394857718331
995.7061515753319,8644.586919713827
996.1151802886034,8633.07223516378
996.5241685421202,8620.185014690735
996.933116321532,8607.71769647192
997.342023612489,8599.930786020435
997.750890400641,8584.164321418662
998.1597166716381,8575.60027067664
998.5685024111301,8573.231493954729
998.9772476047667,8561.215880062555
999.3859522381982,8571.922937416215
999.7946162970744,8575.371286624879
1000.2032397670449,8583.07390373996
1000.6118226337601,8583.433938648343
1001.0203648828694,8589.373645274198
1001.4288665000234,8593.08569307785
1001.8373274708716,8597.650302149195
1002.2457477810636,8603.527427120249
1002.65412741625,8602.707194305216
1003.0624663620805,8601.783968591606
1003.4707646042046,8607.538151532272
1003.8790221282727,8602.536403468599
1004.2872389199345,8611.909828037566
1004.69541496484,8618.972219155507
1005.1035502486392,8622.669328779279
1005.5116447569817,8618.399894060127
1005.9196984755179,8626.201931721644
1006.3277113898973,8632.759349411552
1006.73568348577,8632.023681508901
1007.1436147487859,8645.678914338903
1007.5515051645949,8658.034545716337
1007.9593547188471,8679.411888779576
1008.3671633971921,8691.995815312186
1008.77493118528,8703.780257655511
1009.1826580687607,8731.18106881449
1009.5903440332843,8765.9074631727
1009.9979890645003,8792.209641816617
1010.4055931480591,8823.938301103559
1010.81315626961,8866.113241334762
1011.2206784148036,8896.136328387503
1011.6281595692894,8935.811599854618
1012.0355997187174,8963.987714121527
1012.4429988487376,8994.357932482993
1012.8503569450002,9017.912922676967
1013.2576739931542,9043.600629629911
1013.6649499788506,9065.940090027212
1014.0721848877387,9076.696677628901
1014.4793787054684,9082.24063957516
1014.8865314176902,9094.856443896973
1015.2936430100531,9102.56480093723
1015.7007134682077,9095.286800992872
1016.1077427778039,9094.42062574917
1016.5147309244912,9103.53252278834
1016.9216778939201,9096.38516859295
1017.32858367174,9092.540423734643
1017.735448243601,9090.370857596225
1018.1422715951531,9088.351636645706
1018.5490537120461,9090.406158982758
1018.9557945799301,9094.131092637419
1019.3624941844547,9114.282826683067
1019.7691525112702,9118.976450158818
1020.1757695460262,9123.930535529467
1020.582345274373,9138.071663502435
1020.98887968196,9154.287657571685
1021.3953727544376,9163.675692778832
1021.8018244774553,9177.474005723236
1022.2082348366635,9203.865237014774
1022.6146038177118,9221.797387401943
1023.02093140625,9233.816003453912
1023.4272175879283,9253.383174216247
1023.8334623483967,9263.815642333586
1024.2396656733047,9254.157836890423
1024.6458275483026,9263.596615381635
1025.0519479590398,9253.811645894379
1025.458026891167,9229.50638010447
1025.864064330334,9209.186712250443
1026.2700602621896,9183.236864407285
1026.6760146723855,9140.09316608115
1027.0819275465701,9084.59709717597
1027.4877988703938,9030.61339204969
1027.893628629507,8971.44922690566
1028.299416809559,8908.404061871788
1028.7051633962,8828.809215086038
1029.11086837508,8760.512008314443
1029.5165317318485,8685.139247336798
1029.9221534521564,8610.762987109694
1030.3277335216524,8531.995022760631
1030.733271925987,8448.00423420136
1031.13876865081,8374.381326930301
1031.5442236817717,8294.979567469627
1031.9496370045213,8223.720964965694
1032.3550086047094,8153.45604569071
1032.7603384679855,8087.818518964838
1033.16562658,8012.26118629164
1033.5708729264024,7938.897993507411
1033.9760774928425,7874.634855448459
1034.3812402649708,7798.891001706324
1034.7863612284364,7724.148868277622
1035.1914403688902,7656.688529583171
1035.5964776719813,7592.544011880856
1036.0014731233596,7523.756250374057
1036.4064267086758,7460.159819041527
1036.8113384135795,7393.25983406675
1037.21620822372,7318.394934450267
1037.6210361247481,7247.094603865736
1038.025822102313,7174.731031407966
1038.4305661420651,7087.855921564147
1038.835268229654,7003.130357382112
1039.23992835073,6915.920075661297
1039.6445464909427,6825.13708680286
1040.0491226359422,6732.422301480538
1040.4536567713783,6638.966126225925
1040.858148882901,6550.134446380775
1041.2625989561602,6452.070086252967
1041.6670069768056,6369.421071320559
1042.0713729304875,6275.779450140354
1042.4756968028553,6178.694428506603
1042.8799785795597,6091.695025830961
1043.2842182462502,6007.994410741088
1043.688415788576,5932.369416726932
1044.0925711921886,5868.536743661371
1044.496684442737,5803.044435907737
1044.9007555258704,5749.873487674799
1045.30478442724,5687.352950339149
1045.708771132495,5624.568166416076
1046.1127156272858,5544.692599388709
1046.516617897262,5473.866801007329
1046.9204779280733,5412.136687796931
1047.32429570537,5360.493620621793
1047.7280712148022,5312.161913141468
1048.1318044420188,5261.450998530092
1048.5354953726712,5212.2888655177385
1048.939143992408,5155.762855427618
1049.3427502868801,5093.4136644677465
1049.7463142417369,5048.456055710281
1050.1498358426281,4987.48969195533
1050.5533150752044,4928.771516365303
1050.956751925115,4863.724961863234
1051.36014637801,4789.413038538778
1051.7634984195395,4721.080344972202
1052.1668080353531,4651.497121925061
1052.5700752111015,4584.144659965795
1052.9732999324337,4513.55095362402
1053.376482185,4447.816393743372
1053.7796219544505,4379.983815049011
1054.1827192264348,4306.284660519989
1054.5857739866026,4233.418308896647
1054.9887862206047,4148.744754490274
1055.39175591409,4069.8285150796632
1055.7946830527092,3988.7709041769504
1056.1975676221118,3900.198463015646
1056.600409607948,3815.371278387959
1057.0032089958675,3735.451770044781
1057.4059657715202,3655.7558589595856
1057.808679920556,3574.916728339503
1058.211351428625,3491.7967702179153
1058.6139802813768,3410.021073589879
1059.0165664644621,3332.136382484891
1059.4191099635302,3249.6799172398605
1059.8216107642306,3174.1029955058384
1060.2240688522143,3101.3720060649434
1060.6264842131304,3020.227919041208
1061.028856832629,2944.5349166070123
1061.43118669636,2867.6956039171
1061.8334737899734,2795.5392412012975
1062.2357180991196,2717.7461608247113
1062.6379196094474,2644.070783613261
1063.0400783066077,2575.767379265296
1063.44219417625,2505.700386091677
1063.8442672040246,2435.0263855002427
1064.2462973755805,2356.1643335366202
1064.648284676569,2291.3487068613076
1065.0502290926383,2220.7050435495134
1065.45213060944,2153.0602025205226
1065.8539892126232,2079.8913523776037
1066.2558048878377,2006.5127755013968
1066.657577620734,1939.281616906152
1067.0593073969615,1878.0774319726875
1067.46099420217,1814.84326559686
1067.86263802201,1749.0643511173625
1068.264238842131,1692.0577634135861
1068.6657966481832,1636.1340790208812
1069.0673114258161,1583.2837395115873
1069.46878316068,1530.6351679928118
1069.870211838425,1478.6060565636021
1070.2715974447003,1426.7431217125022
1070.672939965156,1375.2873812611049
1071.074239385443,1331.2113412940032
1071.4754956912102,1286.7430544042763
1071.8767088681075,1240.1422575999195
1072.2778789017855,1194.905386069636
1072.6790057778933,1155.2163861549047
1073.0800894820818,1111.224832108386
1073.4811300000001,1072.7437060302175
1073.8821273172982,1034.5801853730663
1074.2830814196266,998.7162445207866
1074.683992292635,958.1654443609108
1075.0848599219723,921.8495316480736
1075.4856842932902,886.9537956276926
1075.8864653922371,852.767693752161
1076.2872032044638,816.7835088331635
1076.68789771562,782.084283695749
1077.0885489113552,750.2736670946491
1077.48915677732,719.9655332457359
1077.889721299164,690.8792211723658
1078.290242462537,661.3263101852708
1078.690720253089,634.971784979188
1079.09115465647,607.3396834645773
1079.49154565833,584.7348043998461
1079.8918932443187,560.9797979057555
1080.2921974000863,539.9551878306265
1080.6924581112823,520.4006354005236
1081.092675363557,499.8734138299956
1081.4928491425599,478.71914964885144
1081.8929794339415,463.10468753476437
1082.2930662233514,444.45977529540147
1082.6931094964393,426.8766484853643
1083.0931092388557,411.80142621633183
1083.49306543625,399.5013974431953
1083.8929780742724,384.1674777158139
1084.2928471385728,371.73939188920076
1084.6926726148006,359.87365471726514
1085.0924544886066,347.1279151423166
1085.4921927456398,334.74468482414255
1085.891887371551,322.73391719774884
1086.2915383519899,311.8594714935306
1086.691145672606,302.8110383730979
1087.0907093190492,293.9972895360579
1087.49022927697,285.80557992310435
1087.889705532018,279.71251399902496
1088.2891380698431,274.34846084348567
1088.688526876095,267.0488494620073
1089.087871936424,261.44275289487916
1089.4871732364802,253.98968974292745
1089.8864307619128,248.51577381194522
1090.2856444983722,244.79180431607253
1090.6848144315084,240.71360852195508
1091.0839405469708,237.26824093482986
1091.48302283041,234.25346016254682
1091.8820612674756,231.4078867348539
1092.2810558438173,228.70992420303054
1092.6800065450857,225.94389468254604
1093.0789133569297,223.89041723371201
1093.477776265,222.1880449336267
1093.8765952549466,218.27115643712386
1094.2753703124185,216.4040936016592
1094.6741014230668,213.52074888758094
1095.0727885725405,213.03614546400786
1095.47143174649,209.07807779092826
1095.8700309305652,208.0770281707746
1096.2685861104158,207.2588387094678
1096.6670972716918,204.26689906548103
1097.0655644000435,202.61299040005898
1097.46398748112,198.71957660918997
1097.862366500572,190.36114941025895
