# Wavelength [nm],shape_counts_50avgs_60.0ms
204.6342027473783,1.660745081578483
205.09290097994656,-0.44965909945756266
205.55158468335466,0.23457951979449376
206.01025384325246,1.7994671696623357
206.46890844529,2.0733814526722725
206.9275484751171,3.4036405531670155
207.38617391838378,4.714192509544532
207.84478476073983,2.1712652819363925
208.30338098783528,4.049059239713571
208.76196258532,4.244539939357651
209.22052953884392,4.537824855784848
209.67908183405694,5.59413004050981
210.13761945660903,5.457115418612801
210.59614239215006,3.071028968214179
211.05465062633,4.068588252677998
211.5131441447987,3.5794788926606174
211.97162293320616,4.909733780851994
212.43008697720222,4.909741617105823
212.88853626243687,5.222799956767169
213.34697077456,4.890267316656107
213.80539049922152,4.831424955216583
214.26379542207135,5.242261264654445
214.72218552875944,4.029387042025775
215.18056080493565,5.926853038678182
215.63892123624998,5.750498914166393
216.0972668083523,3.110229103145528
216.55559750689255,4.811628954420868
217.01391331752063,5.027222251290354
217.47221422588646,4.284115154613765
217.93050021764,6.7483560662983635
218.3887712784311,3.208124122767252
218.84702739390977,6.748592003286468
219.3052685497258,4.772569376090942
219.7634947315293,6.670174576886595
220.22170592496997,5.1052818929303925
220.67990211569793,4.420445920362319
221.13808328936295,4.479225084654395
221.59624943161504,8.156619577321358
222.0544005281041,6.552588173324857
222.51253656448003,6.141807583030449
222.97065752639273,5.222551125181816
223.42876339949214,2.7188983890456058
223.88685416942823,4.401118065802109
224.34492982185088,4.4401880288833055
224.80299034241003,3.8339657953047137
225.26103571675552,7.432870034019047
225.71906593053734,3.9912689142177236
226.17708096940547,6.689885299635293
226.6350808190097,5.80992562593061
227.093065465,4.107548684083852
227.55103489302633,6.494298376226645
228.00898908873856,4.303123892991863
228.46692803778666,4.89023392925283
228.92485172582047,3.8927353916435408
229.38276013849,3.4037735408646483
229.8406532614451,3.775834140075041
230.29853108033578,4.185883888964376
230.75639358081185,4.79229120848143
231.21424074852328,5.770192717413224
231.67207256912,3.9316820712320606
232.1298890282519,4.381840303226284
232.58769011156895,4.420485642393686
233.04547580472104,6.4549484180987875
233.5032460933581,4.303349576103074
233.96100096312998,7.119853384385962
234.41874039968673,3.853409051742787
234.87646438867816,4.205564097362718
235.33417291575424,3.8341139717762758
235.79186596656487,2.621067407460991
236.24954352676,5.320647106335159
236.7072055819895,3.7361014082650783
237.16485211790337,5.594435728564129
237.62248312015146,3.794820885841631
238.08009857438367,4.792448473036366
238.53769846625,4.538249017878009
238.9952827814003,4.498936346350611
239.45285150548455,2.953706199469103
239.91040462415262,5.2619726062665535
240.36794212305446,4.28380487786805
240.82546398783998,6.4358009394619415
241.28297020415908,2.601485566975896
241.74046075766174,5.731006255971415
242.19793563399782,3.266482334312599
242.65539481881726,4.635703627074342
243.11283829777,2.993092250429129
243.57026605650591,4.968277345306788
244.02767808067495,4.127354009089196
244.48507435592703,4.518516828779944
244.9424548679121,5.946697789230733
245.39981960228,3.0710136637022245
245.85716854468072,4.322925365160074
246.31450168076415,4.831748621844589
246.77181899618026,4.968733481000953
247.22912047657888,3.892885828379235
247.68640610761,6.318317606545058
248.1436758749235,4.7337069068086635
248.60092976416936,4.264292177784164
249.05816776099743,4.850759420173631
249.5153898510577,1.7996573101759665
249.97259602,5.613637216687422
250.42978625347433,3.9709869191110485
250.88696053713053,3.6772833278408896
251.34411885661865,6.572489926172025
251.80126119758845,4.460103231894962
252.25838754569,6.748454773365083
252.71549788657313,5.9856114833744485
253.17259220588778,3.520975611108902
253.62967048928382,6.142226472893682
254.0867327224113,5.183643953189922
254.54377889092,3.3254692653458093
255.00080898045994,6.983283589037946
255.45782297668097,4.889932240204139
255.91482086523303,2.9537433856226443
256.37180263176606,4.08802974653409
256.82876826193,5.633441101042621
257.2857177413747,4.1275046192342515
257.7426510557501,3.716611061316378
258.19956819070626,5.203175756662468
258.6564691318929,5.183742997560387
259.11335386496006,5.63338823332996
259.57022237555753,4.7922829398708515
260.02707464933536,4.753430278432248
260.4839106719435,7.061392958019347
260.94073042903176,3.853835628691165
261.39753390625,2.2494797781959335
261.8543210892483,5.320525604074312
262.3110919636766,3.931640230158621
262.7678465151847,2.6993684732052614
263.2245847294225,4.890333809984455
263.68130659203996,4.420730032980622
264.1380120886871,1.9561546323642887
264.5947012050138,5.085844822267596
265.05137392666984,3.9710416366991055
265.5080302393053,6.513766687731078
265.96467012857,5.144580025177156
266.4212935801139,4.831702992512234
266.87790057958694,4.577266579870255
267.3344911126391,5.2032228192467755
267.7910651649201,3.775393942928318
268.24762272208005,5.5749357602715435
268.70416376976874,4.714336990575056
269.16068829363616,3.5992640547138564
269.61719627933223,6.924259107851206
270.0736877125069,3.3644714305289583
270.53016257880995,6.768136099839424
270.9866208638915,6.142012575371311
271.4430625534014,4.949099746337367
271.89948763298946,3.4622284031763755
272.35589608830566,4.73385735192273
272.812287905,4.577310720382819
273.2686630687223,3.090577896246714
273.7250215651226,4.322772079371205
274.1813633798506,0.9976046085618435
274.6376884985565,2.464774528491077
275.09399690688997,5.594398776301922
275.5502885905011,3.696891122230646
276.0065635350398,4.929724397226273
276.4628217261559,5.6728699051254665
276.91906314949927,4.812045725957269
277.37528779072,5.007397251689284
277.8314956354679,4.851643790492133
278.287686669393,3.9121131170555117
278.74386087814503,6.298577002089999
279.2000182473741,7.002788267204956
279.65615876273,4.929388010050268
280.1122824098627,5.066325661190142
280.5683891744221,4.694807292895128
281.02447904205826,5.2618739288827285
281.4805519984209,4.322931195298025
281.93660802916,2.6605853606944336
282.3926471199255,5.222675271454662
282.8486692563674,6.024730551672448
283.30467442413544,6.55289396212293
283.76066260887967,4.714255269004738
284.21663379624994,6.200560245223656
284.67258797189635,4.440283302549425
285.12852512146856,2.6211115588496128
285.58444523061667,4.440365117934206
286.0403482849905,3.833992835809809
286.49623427024,6.3767762204458265
286.9521031720151,3.3840743354604257
287.40795497596577,6.31802781047886
287.86378966774186,4.5773092963986315
288.3196072329933,5.0662761779386045
288.77540765736995,7.257005411805146
289.23119092652195,4.342620178222887
289.68695702609904,4.22545915408169
290.14270594175105,4.812021774432914
290.5984376591281,6.18144226873514
291.05415216387996,5.2421053107326685
291.50984944165674,4.010149883944585
291.9655294781082,5.848786397257641
292.4211922588842,3.090616807650761
292.87683776963485,4.420832224265183
293.33246599601006,5.614343769395525
293.7880769236595,3.638430875403621
294.2436705382333,6.513766640683066
294.6992468253814,5.946260865685872
295.15480577075374,6.005206655499187
295.61034736,5.9270607110021345
296.06587157877027,3.716504126992916
296.52137841271457,7.863438852727043
296.97686784748265,5.9468030944700345
297.4323398687245,6.0052262678603725
297.88779446208997,4.264199214326659
298.3432316132291,6.513755109192857
298.7986513077918,4.929246411050578
299.25405353142787,6.435634204628499
299.70943826978726,4.753331563479719
300.16480550852,4.166422979072564
300.62015523327597,6.572384251857436
301.07548742970494,5.555007634463635
301.5308020834571,6.083570110630426
301.98609918018207,4.753136686030139
302.44137870553,6.768226271558511
302.89664064515074,6.475143259962117
303.3518849846942,6.396410473078653
303.8071117098102,5.633777848582973
304.26232080614886,3.403835229092799
304.71751225936,7.16005423984096
305.1726860550935,5.2824330467147895
305.62784217899934,6.318337500897236
306.0829806167274,7.061588184916552
306.53810135392763,5.144461383101756
306.99320437625,6.709841124948774
307.4482896693443,5.34042432014774
307.9033572188606,8.431173124563422
308.3584070104486,5.868080789956274
308.81343902975846,8.000714201504586
309.26845326244,6.083640102654577
309.72344969414314,7.414033840429489
310.17842831051775,4.949110598331231
310.6333890972138,8.137673407467943
311.08833203988127,9.526488916052834
311.54325712417,6.885664328933501
311.9981643357299,5.4187485080476705
312.45305366021097,5.94710261339138
312.907925083263,8.82191257972687
313.3627785905361,9.037058446016921
313.81761416767995,6.807270489097256
314.2724318003447,9.62393862142234
314.7272314741802,7.726891425941012
315.18201317483624,11.44280371191548
315.63677688796287,8.07846486442854
316.09152259921,8.15679674858341
316.54625029422755,7.785694983496995
317.00095995866536,9.584875820974972
317.4556515781734,8.70480130516625
317.9103251384017,11.052612020388686
318.36498062500004,8.920042777496796
318.8196180236183,11.13052892728092
319.27423731990655,12.069194942931802
319.7288384995146,8.959294766064872
320.18342154809255,9.702249343516776
320.63798645129,10.778271339055223
321.0925331947571,10.719945314847081
321.5470617641438,8.646114451220164
322.0015721450999,11.95221381077559
322.45606432327526,9.956642072592594
322.91053828431995,11.482578433989836
323.3649940138839,11.149712236248838
323.81943149761696,11.560446652490235
324.273850721169,11.15079528115426
324.72825167019005,12.519086614263209
325.18263433033,9.761036923098018
325.63699868723876,12.949551893942164
326.0913447265662,10.113356069658124
326.5456724339622,12.323435107472754
326.99998179507685,12.754070646740601
327.45427279556003,14.417178641643666
327.9085454210615,10.954096908982756
328.36279965723134,13.497827073412964
328.81703548971944,14.827711643979484
329.2712529041757,14.495860309596452
329.72545188624997,11.364667770398306
330.1796324215923,15.082042589912774
330.63379449585256,11.79558267565676
331.0879380946807,15.552174648713653
331.54206320372646,14.69128605474777
331.99616980863993,13.164532117451522
332.4502578950711,15.493867963418055
332.90432744866973,16.003980228152667
333.3583784550858,15.1012902490545
333.8124108999692,16.235840296774278
334.26642476896996,15.708163600643779
334.72042004773795,15.942796546772264
335.17439672192296,14.397107957152137
335.628354777175,17.057299746759668
336.0822941991441,13.869276907379636
336.53621497348,18.329159788715522
336.9901170858327,15.942833621757337
337.44400052185216,15.375711954614872
337.89786526718825,18.915808431448852
338.3517113074909,17.390197594871275
338.80553862841,19.30790122773523
339.25934721559554,17.038096795069116
339.7131370546974,17.997184682401333
340.16690813136546,18.486085666596175
340.62066043124963,18.255435478170735
341.07439394,19.87527658838266
341.52810864326636,20.34451579813924
341.98180452669857,19.17096439300152
342.43548157594665,22.65278088052002
342.8891397766605,21.28354478706244
343.34277911449,21.618300871619923
343.7963995750851,23.00464716287678
344.25000114409573,20.755825655348566
344.70358380717187,20.75498191360107
345.15714754996327,19.914298621099782
345.61069235812,20.911953283539
346.0642182172919,21.18600748346902
346.51772511312896,23.33792913533467
346.9712130312811,24.766512710854315
347.4246819573981,23.318283233183138
347.87813187713,24.843163568680687
348.3315627761267,21.576832359756985
348.7849746400382,22.79075876813597
349.2383674545142,24.37527218564748
349.6917412052049,27.094324793448077
350.14509587776,26.291655774086646
350.5984314578296,28.89453005981386
351.05174793106335,28.854080272068025
351.50504528311143,27.858241134234692
351.9583234996237,27.89557762576516
352.41158256625005,27.89645414279172
352.86482246864034,28.150969073165292
353.3180431924445,29.149226303332405
353.77124472331263,30.539150756493672
354.2244270468945,29.4232688633187
354.67759014884,31.615561330733623
355.1307340147991,31.964882106149613
355.5838586304218,33.5523583418949
356.03696398135787,33.98089275785632
356.4900500532573,30.810241827996673
356.94311683176994,33.74773476869043
357.3961643025459,36.720263615406466
357.849192451235,34.72350749452937
358.302201263487,34.078978752523184
358.75519072495206,34.78252345079677
359.20816082128,36.505386163584795
359.6611115381208,33.550984479299125
360.1140428611242,38.01154461871633
360.56695477594025,37.44495419079057
361.0198472682189,37.07183673261595
361.47272032361,40.30263582493024
361.9255739277635,40.595215309364306
362.3784080663293,37.89834043322986
362.83122272495746,37.7584472319095
363.28401788929773,42.258960590159504
363.73679354499995,43.39288571484866
364.1895496777143,39.12635233920859
364.6422862730906,42.767176975796154
365.0950033167787,43.04046050921967
365.54770079442847,43.45301395832025
366.00037869169,46.09211832120353
366.45303699421316,46.24770116709629
366.9056756876478,45.720002908444535
367.3582947576438,46.03841620165637
367.8108941898513,44.859903329860735
368.26347396992,46.645521683137304
368.7160340834999,47.81361016878492
369.16857451624094,49.38148197800834
369.62109525379304,49.69282434126619
370.0735962818061,51.31703692939552
370.52607758593,48.128753303201904
370.9785391518147,53.60686688881392
371.43098096511017,53.09680932379329
371.88340301146627,52.746234087341136
372.3358052765329,54.335011853808155
372.78818774596,55.701726262919365
373.2405504053975,54.45047244019557
373.6928932404954,54.95616991979205
374.1452162369035,55.50631441220763
374.59751938027165,57.247605509701465
375.04980265625005,60.454604808572235
375.50206605048834,62.19761766551921
375.95430954863656,62.57047463489328
376.40653313634465,61.04660185230372
376.8587367992625,61.951896567022075
377.31092052304,63.823810782191146
377.7630842933271,66.99210691074266
378.21522809577374,67.38505835869256
378.6673519160298,69.12775750193845
379.1194557397453,68.54075224806611
379.57153955257,68.11055352151939
380.0236033401539,72.3945292865326
380.47564708814696,75.38838604653148
380.9276707821991,74.13446971627076
381.37967440796007,75.48558239573799
381.83165795108,76.52111873379916
382.2836213972087,77.40597702793187
382.7355647319962,78.71542815303812
383.18748794109223,78.79868867398825
383.6393910101468,81.06143444051385
384.09127392481,81.18042488570828
384.54313667073154,84.15881425379578
384.99497923356137,84.90130780364338
385.44680159894943,87.2287340502475
385.8986037525457,87.01883415213646
386.35038568000004,88.89407793111792
386.8021473669623,90.34570691768437
387.2538887990825,90.28466293139067
387.7056099620106,93.126042222344
388.1573108413965,94.89927851954593
388.60899142288997,97.38761607317373
389.0606516921411,97.78086516599163
389.51229163479974,99.95538849395447
389.96391123651586,100.5217393808698
390.4155104829392,106.19716465193571
390.86708935971996,103.79295222328739
391.3186478525079,108.4749448267747
391.77018594695295,111.93287346953991
392.22170362870503,109.0779858257203
392.67320088341404,110.8417788127505
393.12467769673003,113.48195044659205
393.5761340543027,117.45765166886375
394.02756994178213,119.22007565274573
394.4789853448183,119.72586499378703
394.93038024906093,119.65428517304596
395.38175464016,122.50825326569662
395.8331085037655,124.36510244478877
396.2844418255273,127.81535027321402
396.7357545910955,131.57051626588895
397.18704678611965,133.65428583509785
397.63831839625,132.37668373848499
398.0895694071363,136.01385350855986
398.5407998044286,137.54546148129822
398.99200957377667,137.25268542075577
399.44319870083046,138.5989147722214
399.89436717124,144.0639215318926
400.3455149706552,144.55752356662182
400.7966420847258,147.87413641766892
401.2477484991018,149.90553930292765
401.6988341994333,152.18327900534467
402.14989917137,153.1481203551928
402.6009434005619,157.89592026778638
403.05196687265897,157.82153224167436
403.502969573311,161.36256845253433
403.9539514881681,162.7026790709553
404.40491260288,167.80497705647383
404.8558529030967,166.42367726216108
405.30677237446815,172.20988129475205
405.75767100264426,172.76399029595024
406.2085487732749,173.43654503386392
406.65940567201,176.87178203031027
407.11024168449956,179.2773748711822
407.56105679639336,181.35619462989473
408.01185099334145,183.46164176299348
408.46262426099366,189.35649087149778
408.91337658500004,189.51861062802215
409.36410795101034,192.2042038832634
409.81481834467456,192.85440361065403
410.26550775164264,195.63422824357485
410.71617615756446,195.12817178268654
411.16682354809,202.67720470927847
411.6174499088691,203.50168768399362
412.06805522555175,208.4288106386704
412.51863948378787,212.1458453700606
412.96920266922734,213.1080052698836
413.41974476752,215.34343815471618
413.8702657643159,218.53996298041704
414.32076564526494,223.2188789805246
414.77124439601704,222.89812053839893
415.22170200222206,224.57703990690197
415.67213844952994,229.595476019636
416.1225537235907,232.22249322972797
416.5729478100542,235.8254348009717
417.02332069457026,238.71484342011271
417.4736723627889,240.18437710491108
417.92400280036,241.248805338521
418.37431199293354,245.29158348780112
418.82459992615935,249.7770990246986
419.2748665856874,255.22218398713375
419.7251119571677,257.2234830468846
420.17533602625,260.1428399324906
420.6255387785843,263.3105851594335
421.0757201998205,268.5079250494359
421.52588027560864,271.61205552956767
421.9760189915985,273.377699445489
422.42613633344,273.6554469060757
422.87623228678314,282.23779116315546
423.3263068372778,285.7822169946272
423.7763599705739,292.3784815684394
424.22639167232126,294.48466509694725
424.67640192817004,297.33515708914416
425.12639072377,299.16690084483974
425.576358044771,300.5259066454912
426.0263038768231,304.59841097628026
426.4762282055761,307.8551569669108
426.92613101668,316.6136223551383
427.37601229578473,320.0286680762484
427.8258720285401,323.6771570478139
428.2757102005963,328.0641339203239
428.7255267976029,327.14139670069676
429.17532180521005,332.97814648942995
429.62509520906747,338.05786548991654
430.0748469948254,343.98821687540544
430.52457714813346,343.27941348173766
430.9742856546417,350.7012176482238
431.42397249999993,352.47833254700754
431.87363766985834,359.52372039666983
432.3232811498666,360.8725845846383
432.77290292567466,364.47791648081835
433.2225029829325,367.44665096431777
433.67208130729,371.5678305020498
434.12163788439716,374.04454566293435
434.5711726999038,378.1895043403118
435.0206857394598,382.71982028603736
435.47017698871525,386.7270982619533
435.91964643332005,397.26972414231506
436.36909405892396,399.9331437548696
436.8185198511769,404.3346979188392
437.2679237957291,405.8695063711588
437.7173058782301,414.92429086094387
438.16666608433,415.42521661149027
438.6160043996787,418.5502942981357
439.06532080992616,423.5223565304222
439.51461530072226,428.245753976998
439.9638878577169,429.6924705845094
440.41313846655993,435.17429914663796
440.86236711290155,440.86160150593366
441.3115737823914,445.8368164894729
441.7607584606794,450.50069901506697
442.20992113341566,456.4606759024372
442.65906178625,459.65705671236776
443.10818040483235,470.11498193449876
443.55727697481257,470.8060968712848
444.00635148184057,474.15901203936244
444.45540391156646,476.71379895676347
444.90443424964,485.38185845585053
445.3534424817111,488.39684924236275
445.80242859342974,492.05285807470864
446.25139257044583,500.55371963846795
446.70033439840927,505.6216860750075
447.14925406297,510.6335689386825
447.59815154977787,509.869999397029
448.04702684448296,513.0780712722371
448.4958799327351,520.4977508465101
448.94471080018405,528.4388196514947
449.39351943248,534.5246759380266
449.8423058152727,542.2782149886827
450.2910699342122,546.2478516013178
450.73981177494824,555.3561714300663
451.18853132313086,560.099712697511
451.63722856441007,565.6262008177818
452.08590348443556,576.0285252005752
452.53455606885734,571.749006109201
452.98318630332545,579.0516332018957
453.4317941734897,585.208768517673
453.880379665,590.4494889866204
454.3289427635063,599.8959557191666
454.7774834546585,604.9304390736187
455.2260017241067,608.7114450502679
455.6744975575005,613.3313164785511
456.12297094049,616.437106523221
456.57142185872516,620.7126571992245
457.0198502978558,630.8727264313122
457.4682562435318,632.9315196324977
457.9166396814033,644.1636669687516
458.36500059711994,649.546219613228
458.813338976332,658.0807319573028
459.261654804689,666.5075546384171
459.709948067841,668.5765279797338
460.158218751438,668.718267097003
460.60646684113004,675.7471622169468
461.0546923225667,687.8567502494404
461.5028951813981,689.0591625136955
461.9510754032742,694.258807647484
462.39923297384496,697.9581864368097
462.84736787876,711.4742903562291
463.2954801036695,715.7653757274885
463.7435696342233,720.7946676174817
464.1916364560715,731.062970403177
464.6396805548637,738.4100111274578
465.08770191624996,744.1124322165655
465.53570052588026,751.8671679937431
465.9836763694046,759.9438676670712
466.4316294324727,762.9316443483533
466.87955970073443,773.2251478420151
467.32746715984007,781.8800101181155
467.7753517954391,786.5549658990224
468.2232135931818,789.0878897488717
468.67105253871784,795.4922558594809
469.11886861769733,806.0593506855735
469.56666181577003,811.552850541544
470.01443211858594,820.9073341553795
470.46217951179494,826.1021587170721
470.9099039810471,835.8489710759465
471.3576055119921,836.2906063732278
471.80528409028,851.0347567804612
472.2529397015607,858.3806337815464
472.7005723314842,862.2124830775218
473.14818196570025,872.7030647601119
473.59576858985884,878.7756382076668
474.04333218961,884.6421313866331
474.49087275060356,887.6135255943285
474.9383902584894,898.5821416425935
475.38588469891744,910.5273682123293
475.8333560575377,916.656184958784
476.2808043200001,921.9980380200382
476.72822947195436,928.1466411236494
477.17563149905055,934.2477720466446
477.6230103869386,947.32999266667
478.07036612126853,958.8057246944705
478.51769868769003,959.4097657462235
478.9650080718531,967.5738206968009
479.4122942594077,969.8430061425203
479.85955723600387,985.2186453478324
480.3067969872913,990.9704498319594
480.75401349892,997.5415769984903
481.2012067565399,1008.0801511349632
481.648376745801,1015.6171748611442
482.09552345235306,1030.9577465268549
482.54264686184604,1040.0424075605636
482.98974695992996,1047.6475151539787
483.43682373225477,1051.7477670340984
483.8838771644702,1055.6286039740269
484.33090724222626,1073.401812707993
484.7779139511728,1075.9858904621133
485.22489727696,1080.3319213382808
485.67185720523753,1092.8005920540472
486.1187937216554,1093.7434974899215
486.5657068118634,1105.8148776893524
487.0125964615117,1113.9174581894576
487.45946265625,1121.0174106584534
487.9063053817283,1130.9594435267372
488.3531246235965,1139.4374200900077
488.7999203675047,1153.5484002703133
489.2466925991025,1158.6095557482402
489.69344130403994,1164.1245229785866
490.14016646796705,1169.2035890399704
490.5868680765338,1182.752501299179
491.0335461153898,1195.8496774358598
491.4802005701853,1202.0016551501953
491.92683142657,1209.0596520090942
492.37343867019393,1216.6923120616184
492.82002228670694,1229.0801561595765
493.266582261759,1233.9061661697408
493.713118581,1244.7406930927466
494.15963123008004,1250.6935870657435
494.6061201946487,1264.0362369819734
495.05258546035617,1272.174352378086
495.4990270128523,1283.3917719049227
495.9454448377869,1292.9696078985562
496.39183892081,1291.1077158632493
496.8382092475715,1305.2364875807855
497.28455580372145,1313.136662268855
497.73087857490947,1331.0593954536241
498.1771775467857,1335.8356801300665
498.623452705,1350.8828123472974
499.0697040352024,1361.3886487600757
499.5159315230426,1376.6171081663445
499.9621351541706,1376.0299993487697
500.4083149142364,1390.3760952089106
500.85447078889007,1403.3736260525345
501.30060276378117,1415.9804145080534
501.7467108245597,1420.1814488097816
502.19279495687584,1435.9318813478174
502.63885514637934,1439.0967523677273
503.08489137872,1447.3021209875835
503.53090363954794,1455.3417475188778
503.9768919145129,1469.5499312984039
504.4228561892651,1477.7421859796398
504.8687964494541,1484.2211727595593
505.31471268073,1498.1980099210011
505.7606048687427,1510.3562132529637
506.2064729991422,1521.78212870369
506.6523170575783,1526.770967416833
507.09813702970087,1534.8479923290074
507.54393290115996,1548.7913954826222
507.98970465760556,1554.903150068882
508.4354522846874,1573.2346086479163
508.88117576805547,1583.7184040152995
509.32687509335966,1595.6962149232886
509.7725502462501,1610.8876443143868
510.21820121237636,1612.2106330855802
510.66382797738856,1638.0465329119654
511.1094305269366,1636.6611248395711
511.5550088466705,1659.6602451470737
512.0005629222401,1662.9816712688346
512.4460927392951,1687.66387439771
512.8915982834857,1688.159135771196
513.3370795404619,1702.8433967044634
513.7825364958733,1712.1050228471083
514.22796913537,1728.201820981429
514.6733774446019,1738.7745563539545
515.118761409219,1745.5787071514067
515.564121014871,1752.7337151868046
516.009456247208,1760.9863671042574
516.45476709188,1774.2082266033333
516.9000535345367,1776.8492778280915
517.3453155608282,1790.3046269337576
517.7905531564043,1795.224604884939
518.2357663069148,1803.3145275848854
518.68095499801,1821.6194459515361
519.1261192153396,1842.8637593044734
519.5712589445534,1853.9796257749113
520.0163741713013,1866.7155795463
520.4614648812337,1873.1694448975015
520.9065310599999,1884.8062191657837
521.3515726932503,1897.7095537176176
521.7965897666345,1905.824184990814
522.2415822658027,1925.481637241943
522.6865501764045,1938.8805982702106
523.13149348409,1947.3327973997468
523.5764121745092,1958.3586163435723
524.0213062333119,1975.5668776637306
524.4661756461479,1977.3708616970375
524.9110203986673,1992.8601504814658
525.3558404765201,2001.9252531800223
525.8006358653558,2015.6891767803568
526.2454065508249,2027.3220019054284
526.690152518577,2046.7640343753649
527.1348737542621,2055.804409026597
527.57957024353,2073.828344732721
528.0242419720307,2086.8182051744325
528.4688889254141,2094.91744999338
528.9135110893303,2105.82605212679
529.358108449429,2115.6552551489126
529.8026809913599,2134.0897384945315
530.2472287007735,2142.654447771795
530.6917515633194,2172.595909030892
531.1362495646474,2182.2845962581055
531.5807226904077,2202.4342981805025
532.02517092625,2211.474740851134
532.4695942578244,2230.3536974632434
532.9139926707805,2226.6008329164806
533.3583661507687,2240.3264850616765
533.8027146834385,2242.928244542332
534.24703825444,2260.766233267101
534.6913368494231,2277.044409856754
535.1356104540378,2287.4088766509212
535.5798590539338,2304.180970897584
536.0240826347614,2320.6649629658086
536.46828118217,2331.093219273523
536.9124546818099,2346.265622204581
537.356603119331,2363.616445993444
537.8007264803831,2377.6350211847125
538.2448247506161,2378.085855688259
538.68889791568,2399.4400909790766
539.1329459612247,2406.667223528129
539.5769688729001,2424.101402979923
540.0209666363562,2439.602874173609
540.4649392372428,2457.774615387076
540.9088866612099,2470.4334422715037
541.3528088939075,2484.3744016670303
541.7967059209853,2497.3419857193044
542.2405777280934,2507.641372370175
542.6844243008816,2523.691585783321
543.128245625,2526.6493043852965
543.5720416860984,2542.7592841986607
544.0158124698265,2567.393958949498
544.4595579618347,2571.4327744500183
544.9032781477725,2590.432292021817
545.3469730132899,2608.228947391561
545.790642544037,2621.0155672894202
546.2342867256638,2630.7676453529793
546.67790554382,2641.1133601872384
547.1214989841552,2661.9722184048824
547.56506703232,2656.1144741907347
548.008609673964,2688.00709105622
548.4521268947369,2693.469277320104
548.8956186802891,2709.132148167822
549.33908501627,2731.643407130868
549.7825258883299,2747.966096367842
550.2259412821187,2748.580025703263
550.6693311832862,2775.4104682703655
551.1126955774822,2777.7235555065167
551.556034450357,2787.8794062099214
551.99934778756,2794.0090632557262
552.4426355747415,2828.7419052047244
552.8858977975514,2843.3160018854664
553.3291344416394,2859.6542968679346
553.7723454926557,2880.535510159201
554.21553093625,2893.7174978865783
554.6586907580722,2904.508279212493
555.1018249437726,2908.299390457936
555.5449334790007,2924.9181656699707
555.9880163494065,2941.048678942326
556.43107354064,2950.587226246274
556.8741050383512,2945.2978938693486
557.3171108281898,2966.6024444607306
557.7600908958058,2984.585312847235
558.2030452268492,3005.9768561815245
558.64597380697,3021.155190687398
559.0888766218179,3044.1655691614496
559.5317536570429,3064.140878329702
559.974604898295,3088.5733208751103
560.4174303312241,3109.284079009355
560.86022994148,3111.27234817371
561.3030037147128,3134.818832554532
561.7457516365721,3150.058892834992
562.1884736927083,3154.6333727841234
562.6311698687709,3182.3503207076533
563.07384015041,3199.6516949625357
563.5164845232755,3217.6056678572613
563.9591029730174,3248.4363069828537
564.4016954852855,3252.102700390123
564.8442620457297,3245.6797304743395
565.28680264,3250.823478735416
565.7293172537464,3236.094668583722
566.1718058726185,3255.936757327189
566.6142684822667,3264.1801210813414
567.0567050683404,3297.5278384743688
567.49911561649,3314.6310157941125
567.9415001123651,3346.361675871847
568.3838585416157,3371.515907869087
568.8261908898918,3386.7359571983247
569.2684971428433,3404.1649312407585
569.71077728612,3416.0081336739718
570.153031305372,3431.1617099924997
570.5952591862489,3445.0831230867334
571.037460914401,3471.395331929494
571.4796364754782,3485.8029884789075
571.92178585513,3512.1363671872746
572.3639090390067,3528.6839637165576
572.8060060127583,3553.24881420998
573.2480767620343,3548.331339158084
573.6901212724848,3558.1961921429847
574.1321395297599,3563.500194537306
574.5741315195095,3574.92661486546
575.0160972273833,3576.4879348654977
575.4580366390314,3594.7170103721064
575.8999497401037,3614.1300157008773
576.34183651625,3615.62769682031
576.7836969531204,3645.8241113585523
577.2255310363646,3664.422114779936
577.6673387516327,3685.431914861503
578.1091200845746,3698.74580560558
578.5508750208401,3713.109021329406
578.9926035460791,3736.6021320776513
579.4343056459417,3742.5386100079145
579.8759813060778,3745.708170159212
580.3176305121373,3755.739804235531
580.75925324977,3766.591718139244
581.200849504626,3798.741466558235
581.642419262355,3822.821526782379
582.0839625086071,3845.893104582253
582.525479229032,3874.2835715815563
582.9669694092801,3885.8648295905796
583.4084330350007,3901.9152773251017
583.8498700918442,3921.298541629661
584.2912805654602,3912.7134742428148
584.732664441499,3922.4890383900038
585.17402170561,3935.980743507468
585.6153523434435,3940.737896911252
586.0566563406493,3947.1374890728475
586.4979336828775,3970.0771241391844
586.9391843557777,3994.586533605064
587.380408345,4005.670434755498
587.8216056361942,4030.5617439307152
588.2627762150107,4060.562870116211
588.7039200670987,4083.75887986454
589.1450371781085,4118.014460760045
589.58612753369,4130.396914930032
590.0271911194932,4157.64819875378
590.4682279211678,4165.043380958526
590.9092379243638,4182.51775216569
591.3502211147312,4195.32607129993
591.7911774779201,4215.015271887781
592.23210699958,4223.969200485616
592.673009665361,4234.228100771393
593.113885460913,4241.21795940825
593.5547343718861,4257.386037007553
593.99555638393,4264.165448106252
594.4363514826947,4275.226123307494
594.87711965383,4293.763641654007
595.3178608829862,4307.617505373601
595.7585751558129,4333.529578836932
596.19926245796,4339.005270945605
596.6399227750775,4383.409155521278
597.0805560928154,4391.715612171855
597.5211623968235,4402.885461810446
597.9617416727517,4423.455989292007
598.40229390625,4438.483898379601
598.8428190829684,4443.025516986586
599.2833171885566,4465.60536141622
599.7237882086647,4482.769012826918
600.1642321289424,4520.43785478048
600.60464893504,4555.758524399174
601.0450386126072,4571.311560692682
601.4854011472937,4594.040161305502
601.9257365247498,4622.078562840953
602.3660447306254,4620.8057274513585
602.80632575057,4642.794231988165
603.246579570234,4649.764791855133
603.686806175267,4658.645552036332
604.1270055513191,4679.855583962675
604.5671776840401,4685.234249226157
605.00732255908,4697.187103134269
605.4474401620887,4713.178781497679
605.8875304787161,4729.941413926597
606.3275934946123,4764.964465186103
606.7676291954268,4784.179473751678
607.2076375668099,4820.686565543444
607.6476185944116,4837.015846469528
608.0875722638814,4846.160710591595
608.5274985608694,4872.414736327589
608.9673974710257,4883.915524113397
609.40726898,4895.457198519573
609.8471130734424,4912.8856722788405
610.2869297370025,4917.2855793942845
610.7267189563307,4919.536332658681
611.1664807170765,4929.887780453871
611.60621500489,4944.510823794965
612.0459218054211,4967.51427560461
612.4856011043198,5003.869682130482
612.9252528872358,5045.450667238138
613.3648771398193,5067.719836177832
613.80447384772,5105.042179780115
614.244042996588,5104.7431402469765
614.6835845720731,5124.41746514263
615.123098559825,5122.396756005076
615.562584945494,5138.399385640034
616.00204371473,5153.7893119240525
616.4414748531827,5165.407317493335
616.8808783465022,5173.562012473536
617.3202541803382,5182.031567398691
617.7596023403408,5199.760349274509
618.19892281216,5218.56221868695
618.6382155814456,5250.880265241626
619.0774806338472,5267.197985501451
619.5167179550155,5295.49622713573
619.9559275305998,5333.70879210124
620.39510934625,5353.43641038423
620.8342633876164,5359.5290318719435
621.2733896403486,5381.451979737806
621.7124880900967,5388.651432296764
622.1515587225105,5415.843545179492
622.59060152324,5414.473938487291
623.0296164779352,5427.867320102381
623.4686035722458,5439.6182032428305
623.9075627918219,5446.424804799949
624.3464941223133,5454.8407267565935
624.78539754937,5460.352843059742
625.224273058642,5471.545346486148
625.6631206357789,5484.0480438491995
626.101940266431,5499.1363480013615
626.5407319362481,5534.106801413409
626.97949563088,5550.636556425408
627.4182313359768,5579.998381471488
627.8569390371881,5585.277180180918
628.2956187201643,5614.804039709375
628.7342703705549,5610.94417984246
629.17289397401,5645.418944262995
629.6114895161794,5670.449590112052
630.0500569827134,5679.5139464903095
630.4885963592615,5691.891494149391
630.9271076314736,5731.912016527091
631.3655907849999,5739.3484969938845
631.8040458054903,5739.140167955265
632.2424726785946,5764.508920096017
632.6808713899626,5778.589925138882
633.1192419252445,5803.45343967239
633.55758427009,5835.813882345233
633.995898410149,5854.847702144663
634.4341843310717,5894.424898244378
634.8724420185079,5895.148678006511
635.3106714581073,5923.340295472424
635.74887263552,5951.628657510694
636.1870455363959,5950.505010897194
636.6251901463851,5969.756673465419
637.063306451137,6000.928558821509
637.5013944363021,6001.739806629909
637.93945408753,6009.588427146159
638.3774853904708,6027.364613225885
638.8154883307741,6025.246395595502
639.2534628940903,6025.1516920190315
639.6914090660688,6016.641085280861
640.1293268323601,6022.959437498077
640.5672161786135,6025.0942403381005
641.0050770904794,6027.139435750261
641.4429095536074,6057.956098280647
641.8807135536476,6081.060895029555
642.3184890762501,6107.55189397985
642.7562361070643,6140.819987456965
643.1939546317404,6182.385486427284
643.6316446359288,6200.95540414
644.0693061052785,6230.77019357095
644.50693902544,6233.376548807551
644.9445433820631,6236.091134623698
645.3821191607977,6234.630534902748
645.819666347294,6242.466477493671
646.2571849272014,6262.977575242893
646.69467488617,6278.234326277114
647.13213620985,6301.610083639351
647.5695688838911,6318.480702937662
648.006972893943,6324.353953156226
648.4443482256561,6349.352667613712
648.8816948646801,6391.021139256577
649.3190127966648,6393.836701328447
649.7563020072602,6421.729507223124
650.1935624821161,6452.411164514237
650.6307942068829,6479.081181848363
651.06799716721,6511.102977913805
651.5051713487476,6539.026406585547
651.9423167371453,6571.434638060457
652.3794333180534,6564.350625802704
652.8165210771217,6575.865684315962
653.25358,6579.78369219887
653.6906100723384,6595.070457252967
654.1276112797866,6604.768833505535
654.5645836079947,6644.5846073921775
655.0015270426125,6673.951574609096
655.4384415692899,6698.781984478584
655.8753271736772,6729.921211706663
656.3121838414238,6764.1427970284
656.7490115581799,6779.6154188798255
657.1858103095952,6820.841242099785
657.62258008132,6847.833797509508
658.059320859004,6854.324987019361
658.4960326282969,6862.108180320708
658.9327153748491,6862.434217906102
659.36936908431,6875.593417503119
659.8059937423301,6845.179225725506
660.2425893345587,6834.489465131229
660.6791558466462,6817.148365015825
661.1156932642423,6809.966656464668
661.552201572997,6836.50443283508
661.98868075856,6823.924001915303
662.4251308065815,6835.07741773017
662.8615517027114,6845.963894121248
663.2979434325994,6859.343000702232
663.7343059818957,6878.136052817984
664.17063933625,6913.3781044481
664.6069434813124,6956.992180997467
665.0432184027326,6997.086078630863
665.4794640861606,7024.7132226061685
665.9156805172466,7067.845269555033
666.3518676816401,7075.404783571245
666.7880255649911,7119.314738311063
667.2241541529497,7118.401460038783
667.6602534311659,7140.484239418232
668.0963233852893,7135.076734701773
668.53236400097,7147.289815129174
668.968375263858,7132.072955472909
669.404357159603,7151.450838883453
669.840309673855,7173.951401338692
670.2762327922641,7187.193148167719
670.71212650048,7207.9479402562965
671.1479907841527,7241.08476694215
671.5838256289322,7290.057895644199
672.0196310204683,7291.120479850738
672.4554069444108,7317.977587398817
672.8911533864101,7327.156587183588
673.3268703321156,7336.748576357765
673.7625577671773,7335.603071001917
674.1982156772455,7340.078964379536
674.6338440479698,7357.111903634091
675.069442865,7363.426668376194
675.5050121139864,7389.451983562472
675.9405517805785,7416.06359891679
676.3760618504267,7449.644676815055
676.8115423091805,7446.407462133186
677.24699314249,7447.230631177068
677.6824143360051,7449.6040015052
678.1178058753758,7458.883061058502
678.5531677462518,7463.27062060007
678.9884999342834,7465.79663301229
679.42380242512,7487.535213889537
679.859075204412,7514.053217968285
680.294318257809,7546.7871298785485
680.729531570961,7556.260594490791
681.164715129518,7587.20403057585
681.5998689191301,7618.94996058504
682.0349929254468,7621.993738722372
682.4700871341182,7654.053749358642
682.9051515307942,7679.837001473073
683.3401861011249,7673.764283864451
683.77519083076,7675.769141708738
684.2101657053496,7652.584300961744
684.6451107105433,7632.367500996587
685.0800258319914,7638.885167387201
685.5149110553436,7632.450535053383
685.94976636625,7629.43042149323
686.3845917503603,7644.989897145575
686.8193871933246,7679.695931190666
687.2541526807927,7709.3904302748515
687.6888881984145,7748.293517081089
688.12359373184,7783.734738605219
688.5582692667192,7818.2764449867345
688.9929147887017,7818.433436150165
689.4275302834378,7839.647316964497
689.8621157365773,7845.722185398345
690.29667113377,7864.458509850569
690.731196460666,7904.996524469606
691.165691702915,7944.224145275712
691.600156846167,7955.201059165501
692.0345918760721,7983.597262413722
692.46899677828,7985.0127389635945
692.9033715384406,7981.6860433592265
693.3377161422043,7972.578037393202
693.7720305752202,7971.215833376112
694.206314823139,7971.010755989223
694.64056887161,7996.359798327123
695.0747927062836,7996.7233446206665
695.5089863128094,8027.825425925695
695.9431496768375,8042.536785585885
696.3772827840177,8053.208781880732
696.81138562,8071.1285600766805
697.2454581704343,8063.536475524119
697.6795004209706,8058.288307843045
698.1135123572586,8045.030529758549
698.5474939649486,8050.554228583025
698.98144522969,8049.263093142385
699.4153661371331,8040.734723206957
699.8492566729277,8057.550759793568
700.2831168227239,8078.122534511817
700.7169465721713,8063.076968629872
701.15074590692,8063.080705838205
701.5845148126199,8053.234111053942
702.018253274921,8055.537226737693
702.451961279473,8060.366874960106
702.8856388119261,8062.894438132201
703.31928585793,8107.48903897813
703.7529024031347,8160.297738674384
704.1864884331901,8209.406987246144
704.6200439337463,8236.837642755261
705.0535688904529,8262.983945838645
705.48706328896,8275.710939082684
705.9205271149175,8292.016464714434
706.3539603539754,8294.976801081635
706.7873629917834,8295.457555817111
707.2207350139915,8323.7446716728
707.65407640625,8350.665382160021
708.0873871542083,8374.108843297801
708.5206672435165,8393.551240816463
708.9539166598245,8413.020908331144
709.3871353887826,8412.383463647744
709.82032341604,8420.041036558494
710.253480727247,8440.851584548871
710.6866073080537,8432.444033747046
711.1197031441098,8442.407447351274
711.5527682210652,8447.682527662479
711.9858025245699,8454.052986322291
712.4188060402739,8464.829684111546
712.8517787538269,8471.909405503773
713.284720650879,8459.079840658947
713.71763171708,8430.283412672801
714.15051193808,8404.574880630673
714.5833612995287,8370.390568736384
715.0161797870761,8366.048205743622
715.4489673863721,8340.893399648892
715.8817240830668,8245.733680045214
716.3144498628101,8251.564259964045
716.7471447112515,8399.359812896722
717.1798086140413,8531.362601764738
717.6124415568294,8519.710502099928
718.0450435252657,8528.103878083264
718.477614505,8516.319326919078
718.9101544816823,8517.006443400212
719.3426634409625,8445.42926084465
719.7751413684907,8407.241600233989
720.2075882499165,8375.889033221003
720.6400040708899,8428.91617918876
721.0723888170611,8508.56432962632
721.5047424740798,8535.347159604562
721.9370650275958,8548.430160081292
722.3693564632592,8572.68420408143
722.80161676672,8577.482667864686
723.2338459236279,8569.626626769696
723.666043919633,8581.095571968877
724.098210740385,8575.857450217234
724.5303463715342,8584.289354331673
724.9624507987301,8607.36973528068
725.3945240076226,8592.298980845793
725.8265659838621,8607.14588286361
726.2585767130983,8601.69822660752
726.6905561809809,8614.123930778504
727.1225043731599,8647.177997648454
727.5544212752854,8658.783128287745
727.9863068730074,8680.621147318627
728.4181611519755,8686.019595330235
728.8499840978396,8706.898557104108
729.28177569625,8743.083024136213
729.7135359328564,8772.100773802293
730.1452647933086,8800.728331812365
730.5769622632565,8828.297329893592
731.0086283283505,8861.787107601778
731.44026297424,8884.206743916295
731.8718661865751,8917.393741180302
732.3034379510057,8926.281312420093
732.7349782531817,8954.181560603649
733.1664870787533,8969.571200687165
733.59796441337,8975.420111910684
734.0294102426819,8983.495363955792
734.4608245523389,9016.74422745694
734.8922073279911,9034.101153347332
735.3235585552881,9023.932786089446
735.75487821988,9032.598474282502
736.1861663074167,9049.44443054986
736.6174228035482,9088.572545807481
737.0486476939243,9065.533260058879
737.4798409641949,9089.010415957695
737.91100260001,9091.739668634946
738.3421325870195,9102.620187586708
738.7732309108733,9105.780403140036
739.2042975572214,9093.038822842864
739.6353325117136,9090.133520277519
740.0663357600001,9093.81512882891
740.4973072877303,9108.414889602947
740.9282470805546,9112.62259121547
741.3591551241226,9136.240013115923
741.7900314040845,9166.45746775273
742.22087590609,9187.899680830133
742.651688615789,9222.084716055997
743.0824695188317,9226.102173720064
743.513218600868,9238.574497688844
743.9439358475472,9242.77911843251
744.37462124452,9259.13300274798
744.8052747774359,9265.510516039303
745.235896431945,9263.044428290908
745.666486193697,9266.989352376251
746.097044048342,9269.819382790476
746.52756998153,9279.073418451082
746.9580639789107,9297.875407886937
747.3885260261341,9316.057206512045
747.8189561088502,9309.738134805482
748.2493542127089,9328.49438873372
748.67972032336,9341.39700646655
749.1100544264534,9360.161532547256
749.5403565076393,9375.125716144752
749.9706265525675,9391.340294015085
750.4008645468876,9384.974585616521
750.8310704762499,9396.31041401776
751.2612443263042,9417.940870066395
751.6913860827005,9420.26088437822
752.1214957310887,9457.892234013067
752.5515732571184,9479.248610927169
752.9816186464399,9485.660829349843
753.4116318847031,9501.073104439649
753.8416129575577,9511.201441918096
754.2715618506538,9497.285478789896
754.7014785496413,9472.136075780829
755.1313630401701,9475.090879956817
755.5612153078899,9475.532264688769
755.991035338451,9484.456468471064
756.4208231175029,9492.155346248195
756.8505786306961,9493.94472226593
757.28030186368,9508.112978436826
757.7099928021047,9548.048971502472
758.1396514316201,9562.875470230912
758.5692777378763,9613.82686297654
758.9988717065229,9611.397902055118
759.4284333232099,9636.144495219949
759.8579625735874,9660.016601452635
760.2874594433055,9664.587646918597
760.7169239180134,9668.047373828735
761.1463559833617,9661.885082370354
761.5757556249999,9665.020700281453
762.0051228285784,9661.974963176022
762.4344575797465,9643.267591073058
762.8637598641546,9651.878989173443
763.2930296674524,9661.610350522114
763.72226697529,9658.540023224825
764.1514717733172,9630.318156423598
764.5806440471837,9638.97212246668
765.0097837825398,9614.448019835128
765.4388909650354,9620.598235801148
765.8679655803201,9632.408803833214
766.2970076140439,9631.85361237475
766.7260170518568,9648.116834124885
767.1549938794091,9655.999031748686
767.5839380823501,9650.855301919657
768.01284964633,9662.227615256721
768.4417285569987,9664.53748706009
768.8705748000062,9649.384665411255
769.2993883610022,9631.078735580122
769.7281692256369,9619.184904877848
770.1569173795599,9584.435513526128
770.5856328084216,9580.392735955402
771.0143154978714,9584.493010368085
771.4429654335594,9571.500460179737
771.8715826011356,9580.093120324746
772.30016698625,9585.158615332291
772.7287185745523,9610.884355226332
773.1572373516925,9604.139793564273
773.5857233033206,9628.712980776916
774.0141764150865,9631.808278281223
774.44259667264,9633.91946090884
774.870984061631,9626.321487963862
775.2993385677098,9635.311430702051
775.7276601765259,9626.929932429593
776.1559488737294,9614.74198165806
776.58420464497,9618.900475198154
777.012427475898,9629.7693772101
777.4406173521629,9627.919519459681
777.868774259415,9647.328046370767
778.2968981833039,9682.013878958538
778.72498910948,9706.123175264453
779.1530470235926,9738.065687265209
779.5810719112922,9761.318332549978
780.0090637582282,9785.213779308973
780.437022550051,9807.403890040976
780.86494827241,9821.989746460955
781.2928409109555,9809.956962910093
781.7207004513373,9799.627770746962
782.1485268792054,9798.288562226575
782.5763201802097,9794.498395301629
783.00408034,9787.915597028486
783.4318073442263,9804.85827192247
783.8595011785386,9810.477539489793
784.2871618285866,9817.895224062284
784.7147892800205,9864.836789652089
785.14238351849,9886.976739768092
785.5699445296452,9913.218694744437
785.9974722991358,9922.159628604368
786.4249668126118,9968.88517977133
786.8524280557232,9981.712602953117
787.27985601412,9978.65695739814
787.7072506734519,9982.776029358862
788.1346120193689,9972.566013784406
788.561940037521,9971.262451231063
788.9892347135582,9964.79529182032
789.41649603313,9948.870472860679
789.8437239818867,9918.509325750465
790.270918545478,9873.971891970019
790.6980797095542,9855.333236812156
791.1252074597649,9813.210958998214
791.55230178176,9787.718128337603
791.9793626611895,9745.76384858906
792.4063900837034,9712.807068695622
792.8333840349515,9704.473033359278
793.2603445005836,9710.336809098872
793.6872714662499,9709.471084334215
794.1141649176003,9723.624956854952
794.5410248402845,9745.752422977446
794.9678512199526,9768.62814863876
795.3946440422544,9791.27779195877
795.82140329284,9807.62272135528
796.2481289573592,9811.890973350266
796.6748210214618,9827.221477557066
797.1014794707978,9809.877322040964
797.5281042910173,9774.601920618778
797.95469546777,9723.185589235552
798.3812529867059,9680.69516271603
798.8077768334749,9642.00834475193
799.234266993727,9637.5857370493
799.6607234531122,9617.132237509964
800.0871461972799,9601.83197360805
800.5135352118806,9610.423287205893
800.9398904825641,9630.403879447336
801.3662119949803,9641.25139488109
801.7924997347789,9674.76732083567
802.21875368761,9682.593109923691
802.6449738391235,9698.993368737607
803.0711601749694,9675.550132492117
803.4973126807973,9668.59458832778
803.9234313422577,9638.648069884812
804.3495161449999,9606.702961400953
804.7755670746743,9585.09876526596
805.2015841169305,9578.301247648564
805.6275672574186,9563.877043981553
806.0535164817885,9551.665178770587
806.4794317756899,9560.444501487449
806.9053131247731,9582.133920345012
807.3311605146878,9585.403567986743
807.7569739310838,9573.664463479612
808.1827533596112,9575.853744885802
808.6084987859199,9584.018387910099
809.03421019566,9560.739413375608
809.4598875744811,9562.312952746764
809.8855309080329,9533.741502645917
810.311140181966,9521.162723241872
810.73671538193,9538.67008122033
811.1622564935747,9529.319641060803
811.5877635025502,9542.43141876554
812.0132363945063,9552.8273076859
812.4386751550929,9567.213421830125
812.8640797699601,9574.19521721526
813.2894502247575,9594.042321272596
813.7147865051354,9619.16048361649
814.1400885967435,9650.779427247984
814.5653564852316,9653.137991061485
814.9905901562499,9661.186493646033
815.4157895954482,9661.308839250276
815.8409547884767,9649.167488868778
816.2660857209846,9637.004809753957
816.6911823786224,9612.358343309335
817.11624474704,9602.095082384361
817.5412728118872,9596.371266205946
817.9662665588138,9589.637628445878
818.3912259734698,9585.282189981073
818.8161510415052,9579.978721848502
819.2410417485701,9573.262353321294
819.6658980803139,9586.859533509942
820.0907200223869,9569.876462956818
820.515507560439,9529.930101357757
820.9402606801201,9496.670166506541
821.36497936708,9476.548038630664
821.7896636069687,9423.875411790686
822.2143133854361,9376.428073990353
822.6389286881323,9357.147908840669
823.0635095007069,9333.753387829212
823.48805580881,9301.64242137828
823.9125675980915,9293.588401772451
824.3370448542013,9317.280571730927
824.7614875627894,9313.923833968838
825.1858957095056,9324.095370563058
825.6102692799999,9351.921781109766
826.0346082599224,9331.930327551709
826.4589126349225,9353.23552606473
826.8831823906506,9348.807154948847
827.3074175127564,9330.351776995389
827.73161798689,9325.36437785015
828.1557837987011,9322.425176378205
828.5799149338397,9304.608090371612
829.0040113779559,9301.794242933713
829.4280731166994,9303.560529539604
829.85210013572,9301.115302517566
830.2760924206679,9309.698948820516
830.700049957193,9306.93332322766
831.1239727309451,9330.052584807263
831.5478607275741,9326.375747817105
831.97171393273,9344.022075684557
832.3955323320628,9338.469691293938
832.8193159112221,9354.684290575891
833.2430646558582,9325.58913173956
833.6667785516208,9312.757950688325
834.09045758416,9307.151801353131
834.5141017391255,9306.282148227654
834.9377110021674,9310.86205076446
835.3612853589353,9282.790810485636
835.7848247950797,9272.986387138531
836.20832929625,9273.748795831327
836.6317988480963,9277.625905223178
837.0552334362685,9268.428253143718
837.4786330464167,9263.576080710614
837.9019976641905,9278.976519613934
838.3253272752399,9260.429542989796
838.7486218652151,9237.142941967651
839.1718814197658,9222.158177304047
839.5951059245418,9203.694010157613
840.0182953651932,9194.066177034745
840.44144972737,9190.715455861628
840.864568996722,9187.469203510858
841.2876531588989,9192.566419969558
841.710702199551,9192.991550711426
842.133716104328,9199.263259899564
842.5566948588801,9200.768455559164
842.9796384488568,9230.230747282862
843.402546859908,9240.327764243177
843.8254200776842,9247.34329660199
844.248258087835,9261.224069351696
844.6710608760101,9258.8902706171
845.0938284278595,9234.919169708659
845.5165607290334,9218.114179070164
845.9392577651814,9186.913544520614
846.3619195219537,9157.682381174302
846.7845459849999,9113.851218645386
847.2071371399703,9075.925071125997
847.6296929725146,9034.583343792789
848.0522134682826,9046.276163127239
848.4746986129244,9023.67953967803
848.89714839209,9019.952060482789
849.3195627914291,9015.169274400003
849.7419417965918,9013.338494020309
850.1642853932278,9041.646954632182
850.5865935669872,9037.428718517851
851.0088663035201,9031.784064294612
851.4311035884759,9035.280655631099
851.8533054075049,9036.758414904407
852.2754717462569,9013.593823485104
852.6976025903821,9001.630397061808
853.1196979255301,8963.507209160462
853.5417577373507,8932.557316518125
853.9637820114941,8913.0164844113
854.3857707336102,8924.32067963198
854.8077238893488,8898.153395476767
855.2296414643599,8892.406070782237
855.6515234442934,8891.668107016405
856.0733698147993,8909.207900884005
856.4951805615274,8919.544955383126
856.9169556701277,8915.542274254389
857.3386951262501,8920.286566766728
857.7603989155443,8925.776164497121
858.1820670236606,8929.97378005499
858.6036994362487,8937.1381337722
859.0252961389584,8952.667581623682
859.44685711744,8955.26655758121
859.8683823573431,8949.68316918764
860.2898718443178,8956.373000399244
860.7113255640138,8953.115253803666
861.1327435020813,8952.833636919933
861.55412564417,8961.942976836584
861.97547197593,8976.87593766628
862.396782483011,8950.873593973049
862.818057151063,8948.905097988867
863.239295965736,8940.838397738431
863.6604989126799,8931.294021056186
864.0816659775447,8930.77549381629
864.5027971459801,8918.98848877684
864.9238924036362,8935.069799519038
865.3449517361629,8915.529143253012
865.76597512921,8940.720517979758
866.1869625684276,8915.89017776497
866.6079140394653,8914.098392114498
867.0288295279734,8886.53378238491
867.4497090196018,8873.40455976474
867.8705525,8852.896949158097
868.2913599548183,8830.610809735435
868.7121313697065,8801.548357246496
869.1328667303147,8777.727679033538
869.5535660222924,8759.647987904358
869.97422923129,8743.936346901226
870.394856342957,8719.390570842581
870.8154473429438,8667.227116337464
871.2360022168999,8622.285986177983
871.6565209504753,8558.502938677171
872.07700352932,8485.858020437881
872.4974499390839,8406.59892074102
872.917860165417,8393.659514445784
873.338234193969,8387.613196562417
873.75857201039,8491.219860751873
874.1788736003301,8576.598857235686
874.5991389494386,8615.948474813496
875.0193680433661,8627.781632044373
875.4395608677621,8601.300219569595
875.8597174082769,8573.029686742184
876.27983765056,8540.658885772975
876.6999215802615,8484.153540497486
877.1199691830312,8466.210531325767
877.5399804445194,8435.343079071856
877.9599553503757,8387.461846806862
878.37989388625,8371.287486963192
878.7997960377922,8352.985003935768
879.2196617906526,8349.685087572625
879.6394911304806,8323.325429436925
880.0592840429265,8336.276964558383
880.47904051364,8327.322247062753
880.8987605282712,8343.433032365892
881.3184440724698,8345.019600582116
881.7380911318858,8348.868081093558
882.1577016921692,8360.524143228547
882.57727573897,8362.97620516995
882.9968132579379,8353.519048188788
883.4163142347229,8347.589606113022
883.8357786549751,8339.70378825175
884.2552065043441,8337.171816889626
884.67459776848,8337.645126785103
885.0939524330327,8352.041936333011
885.5132704836521,8328.67543057323
885.9325519059884,8346.951953854588
886.3517966856909,8360.334562515774
886.77100480841,8371.790374718239
887.1901762597955,8365.921319345196
887.6093110254974,8391.766522400296
888.0284090911654,8381.723428496109
888.4474704424496,8419.895534964975
888.8664950650001,8416.698827867542
889.2854829444664,8409.368387350265
889.7044340664986,8380.359607254411
890.1233484167467,8342.38415466772
890.5422259808606,8312.591134504699
890.9610667444899,8287.58224357914
891.379870693285,8265.928727842173
891.7986378128957,8234.280271928334
892.2173680889719,8193.28596464456
892.6360615071633,8189.942675395625
893.05471805312,8176.771594696675
893.4733377124919,8170.70839053171
893.891920470929,8157.571699705205
894.310466314081,8159.569476858796
894.7289752275981,8171.628331479615
895.14744719713,8171.314562472837
895.5658822083267,8211.078751698216
895.9842802468382,8199.77315800447
896.4026412983142,8195.096125232441
896.8209653484048,8195.817077454965
897.2392523827601,8172.876986925797
897.6575023870295,8187.230358531274
898.0757153468634,8113.57556283844
898.4938912479114,8087.280367601003
898.9120300758237,8064.174301235318
899.33013181625,8026.699284644968
899.7481964548402,7986.045746815787
900.1662239772445,7955.599579009679
900.5842143691126,7957.540423344089
901.0021676160945,7936.756765971274
901.42008370384,7920.519689472239
901.8379626179991,7935.823397906733
902.2558043442217,7935.106977189382
902.6736088681579,7957.321215131727
903.0913761754573,7969.096701407471
903.5091062517699,7974.962617760936
903.9267990827459,7998.618864790828
904.344454654035,8007.538859082455
904.7620729512871,7990.802463519845
905.1796539601521,7989.394877012203
905.5971976662801,7968.1061116726305
906.0147040553207,7965.4691999306715
906.4321731129241,7907.787964722806
906.8496048247403,7884.068089870792
907.266999176419,7856.009448480716
907.68435615361,7805.833416495042
908.1016757419635,7781.806814021873
908.5189579271292,7751.761856432338
908.9362026947574,7737.338855502903
909.3534100304977,7694.181364425209
909.7705799199999,7688.867912112774
910.1877123489144,7676.327010482674
910.6048073028907,7679.252130424409
911.0218647675786,7667.080731904976
911.4388847286284,7662.301042034722
911.8558671716901,7659.584220808126
912.2728120824131,7654.395736819667
912.6897194464477,7665.08449499543
913.1065892494438,7651.528095458538
913.5234214770513,7633.970679143756
913.9402161149201,7616.648654450762
914.3569731486998,7590.205205267772
914.773692564041,7551.10096695381
915.190374346593,7526.7209087117135
915.6070184820061,7504.3734955999635
916.0236249559299,7477.320755835127
916.4401937540147,7435.3985957252235
916.8567248619102,7408.905255512098
917.2732182652663,7410.198503570877
917.6896739497329,7380.4244681421
918.1060919009599,7359.501111517033
918.5224721045976,7367.099251309601
918.9388145462954,7341.384546847138
919.3551192117034,7336.287994667522
919.7713860864716,7324.960323299498
920.1876151562501,7319.973838481108
920.6038064066884,7297.634609009067
921.0199598234366,7268.63111821392
921.4360753921446,7242.073330786637
921.8521530984625,7198.016401271017
922.26819292804,7153.98917586904
922.684194866527,7113.426386852407
923.1001588995737,7057.353773804183
923.5160850128299,7020.8024801983975
923.9319731919453,6999.790645013731
924.34782342257,6947.381963852359
924.7636356903539,6916.443597981125
925.179409980947,6861.150551292807
925.5951462799991,6829.571191041411
926.01084457316,6814.959383421733
926.42650484608,6789.799617669852
926.8421270844087,6772.830688061398
927.2577112737962,6742.896493168295
927.6732573998922,6716.768999489358
928.0887654483469,6697.007870853144
928.50423540481,6673.0190518577665
928.9196672549315,6610.337881981671
929.3350609843613,6556.203595315433
929.7504165787493,6515.6337780279655
930.1657340237457,6451.299163517182
930.581013305,6379.171496862683
930.9962544081623,6307.83276814041
931.4114573188825,6236.874496150196
931.8266220228106,6171.316875506402
932.2417485055965,6100.364185661146
932.65683675289,6004.0533009427
933.0718867503412,5940.147834528041
933.4868984835998,5856.731661893408
933.9018719383158,5778.147908009309
934.3168071001393,5696.71820468864
934.7317039547199,5609.406819445338
935.1465624877079,5502.482351860582
935.561382684753,5425.56368569215
935.976164531505,5318.448949179784
936.390908013614,5191.908236695549
936.80561311673,5083.6760274386825
937.2202798265026,4962.667252845892
937.6349081285822,4833.535971938081
938.0494980086183,4697.757603769188
938.464049452261,4572.363326393147
938.87856244516,4445.431504408131
939.2930369729655,4341.521901270999
939.7074730213274,4236.267087457724
940.1218705758954,4114.181972290975
940.5362296223196,4013.288374857075
940.95055014625,3956.858478219441
941.3648321333363,3891.353913151597
941.7790755692286,3843.3243386320823
942.1932804395767,3801.1292176863562
942.6074467300305,3753.6053324663244
943.02157442624,3721.1930802090437
943.4356635138552,3701.9768431725465
943.8497139785258,3681.3733569251904
944.2637258059018,3671.0913729851077
944.6776989816334,3659.073565253526
945.09163349137,3667.3640481557445
945.5055293207619,3666.3383156373297
945.919386455459,3685.408033930581
946.3332048811111,3688.753318492167
946.7469845833681,3707.1854102873504
947.1607255478799,3740.0291570747654
947.5744277602967,3753.4362992901933
947.9880912062682,3788.654529957619
948.4017158714443,3824.0537857594086
948.8153017414749,3848.6183959614077
949.2288488020099,3881.303030204237
949.6423570386996,3907.3744446046503
950.0558264371933,3928.3600783126603
950.4692569831413,3970.110596008337
950.8826486621937,4004.969740684486
951.2960014600001,4036.2843283363522
951.7093153622103,4053.9268579371314
952.1225903544746,4088.632747141141
952.5358264224426,4124.164169335487
952.9490235517645,4151.385724907861
953.3621817280899,4179.146926609061
953.7753009370691,4206.855150878264
954.1883811643518,4247.884019313243
954.6014223955879,4288.19996804148
955.0144246164273,4326.68665934529
955.42738781252,4377.280588126372
955.8403119695158,4422.15795947207
956.2531970730649,4471.1630627582235
956.666043108817,4522.761580129021
957.078850062422,4558.203393355921
957.49161791953,4613.887340383474
957.9043466657907,4657.158511922042
958.3170362868542,4687.846586625641
958.7296867683702,4718.290625504597
959.1422980959888,4758.642552524504
959.55487025536,4762.269016842131
959.9674032321335,4778.795551414227
960.3798970119593,4804.398778496628
960.7923515804873,4809.659372929013
961.2047669233677,4798.740640697906
961.61714302625,4818.543268950987
962.0294798747842,4828.34887406332
962.4417774546205,4818.513719317718
962.8540357514087,4816.133770056697
963.2662547507985,4829.59897770842
963.67843443844,4820.17998444716
964.0905747999832,4830.022909431709
964.5026758210778,4826.816254829398
964.9147374873738,4816.498526301955
965.3267597845213,4812.322531467487
965.73874269817,4815.382932945482
966.15068621397,4817.400322696734
966.5625903175709,4824.513258884281
966.9744549946231,4836.714008508597
967.3862802307762,4840.065130651619
967.79806601168,4833.947436793924
968.2098123229847,4830.531814665875
968.6215191503401,4828.192909962164
969.0331864793962,4827.603853931282
969.444814295803,4820.335704544573
969.85640258521,4814.751201745214
970.2679513332674,4806.456480567268
970.6794605256254,4782.488646354502
971.0909301479335,4779.6874287443825
971.5023601858417,4765.135072799664
971.9137506249999,4744.6365964748475
972.3251014510585,4725.27574685989
972.7364126496666,4713.798028983274
973.1476842064747,4697.31881570702
973.5589161071325,4699.61056772613
973.9701083372901,4688.244998660368
974.3812608825972,4675.856250026698
974.7923737287038,4654.706936097715
975.2034468612597,4638.99268118879
975.6144802659153,4635.81359045489
976.02547392832,4625.483851562849
976.436427834124,4604.968598691727
976.8473419689769,4603.895065169073
977.2582163185291,4600.324731303045
977.6690508684301,4599.0497822300185
978.07984560433,4588.556474360179
978.4906005118787,4593.0633658596935
978.9013155767261,4576.607345532043
979.3119907845222,4585.663826704188
979.7226261209169,4575.185811712658
980.13322157156,4571.844593487664
980.5437771221016,4575.020373192496
980.9542927581913,4568.506120176707
981.3647684654794,4552.133033415911
981.7752042296156,4557.465608768429
982.18560003625,4545.71113098985
982.5959558710323,4526.280350475863
983.0062717196125,4504.011482296325
983.4165475676406,4490.9132549416745
983.8267834007665,4464.68870526379
984.23697920464,4445.275163016543
984.6471349649111,4406.321140047254
985.0572506672297,4361.332703544961
985.4673262972459,4340.765623994969
985.8773618406093,4314.589393152882
986.2873572829699,4284.511418965052
986.6973126099779,4254.269974441145
987.107227807283,4224.935147615308
987.5171028605351,4213.577940960008
987.9269377553841,4180.86183841253
988.33673247748,4164.820250758447
988.7464870124728,4139.359237368713
989.1562013460122,4125.052967053094
989.5658754637483,4111.468087901128
989.975509351331,4078.0025459572694
990.38510299441,4080.387087755375
990.7946563786356,4059.6942385326256
991.2041694896573,4029.5187097818916
991.6136423131255,4003.2844121328653
992.0230748346899,3982.153880630547
992.43246704,3947.3103211979555
992.8418189147064,3910.8143062649797
993.2511304444588,3870.6321814088205
993.6604016149066,3834.5859562014575
994.0696324117006,3791.7162717491783
994.47882282049,3752.5007580546508
994.8879728269252,3716.5267029316046
995.2970824166558,3668.5302368914217
995.7061515753319,3637.6007219190765
996.1151802886034,3598.3425647582235
996.5241685421202,3559.205838708215
996.933116321532,3534.0947435210005
997.342023612489,3484.7680438076954
997.750890400641,3442.913842878501
998.1597166716381,3414.80970394721
998.5685024111301,3377.281323107418
998.9772476047667,3343.0041709872985
999.3859522381982,3307.801257557233
999.7946162970744,3276.906520160825
1000.2032397670449,3244.5404552849136
1000.6118226337601,3217.7112326070946
1001.0203648828694,3186.6784123322864
1001.4288665000234,3154.9858651431664
1001.8373274708716,3131.1395267477064
1002.2457477810636,3090.9659926638133
1002.65412741625,3062.3805483079886
1003.0624663620805,3041.4221389698996
1003.4707646042046,3012.895208772713
1003.8790221282727,2977.5974114238147
1004.2872389199345,2944.2960029190817
1004.69541496484,2916.720959727823
1005.1035502486392,2869.904070588034
1005.5116447569817,2832.4109155383026
1005.9196984755179,2794.5004826518402
1006.3277113898973,2762.4872658072914
1006.73568348577,2726.3450604348336
1007.1436147487859,2696.9451618907206
1007.5515051645949,2662.094036134224
1007.9593547188471,2624.5924435919983
1008.3671633971921,2596.157167508303
1008.77493118528,2567.554344300811
1009.1826580687607,2549.0039367460977
1009.5903440332843,2521.042003942199
1009.9979890645003,2495.7837336884495
1010.4055931480591,2483.62877527729
1010.81315626961,2461.3719044480017
1011.2206784148036,2436.6397575885903
1011.6281595692894,2416.5655494396296
1012.0355997187174,2397.403700204138
1012.4429988487376,2375.7243042943037
1012.8503569450002,2363.9708264564715
1013.2576739931542,2335.054775761659
1013.6649499788506,2300.74437456594
1014.0721848877387,2286.0643305952954
1014.4793787054684,2243.387685773278
1014.8865314176902,2216.634883195069
1015.2936430100531,2180.3587395884592
1015.7007134682077,2143.3426633630716
1016.1077427778039,2101.514573439545
1016.5147309244912,2065.093249723812
1016.9216778939201,2029.147283070506
1017.32858367174,1997.1912896177628
1017.735448243601,1961.7031878217451
1018.1422715951531,1925.949538087382
1018.5490537120461,1889.8353205703856
1018.9557945799301,1861.3883768963096
1019.3624941844547,1832.9834495674058
1019.7691525112702,1811.3612480684944
1020.1757695460262,1780.4433235130182
1020.582345274373,1756.4335503642046
1020.98887968196,1731.7609942788715
1021.3953727544376,1708.680522733886
1021.8018244774553,1693.5331125774394
1022.2082348366635,1677.7866806303796
1022.6146038177118,1657.8592875909605
1023.02093140625,1638.809239457432
1023.4272175879283,1622.4619923522657
1023.8334623483967,1612.5611152122176
1024.2396656733047,1592.6808470651802
1024.6458275483026,1577.6824222581722
1025.0519479590398,1561.206018328282
1025.458026891167,1546.8495485639771
1025.864064330334,1525.3238555839284
1026.2700602621896,1514.7350859043459
1026.6760146723855,1490.8723432050786
1027.0819275465701,1473.2237635289455
1027.4877988703938,1449.4250922796302
1027.893628629507,1433.2905475842667
1028.299416809559,1405.0132281225142
1028.7051633962,1377.48749433249
1029.11086837508,1360.141681942116
1029.5165317318485,1329.6611622254798
1029.9221534521564,1329.5029913440783
1030.3277335216524,1283.2672003168266
1030.733271925987,1260.8507871640825
1031.13876865081,1232.6752460483372
1031.5442236817717,1210.5781852732725
1031.9496370045213,1189.5162983759026
1032.3550086047094,1166.2235050061802
1032.7603384679855,1152.3690646994062
1033.16562658,1126.2923354711388
1033.5708729264024,1106.5509277045096
1033.9760774928425,1090.6134782573001
1034.3812402649708,1078.619326525845
1034.7863612284364,1062.3941467121629
1035.1914403688902,1046.984749279291
1035.5964776719813,1038.580849017791
1036.0014731233596,1031.266441123956
1036.4064267086758,1020.1082495573022
1036.8113384135795,1013.1284898902533
1037.21620822372,1002.1507395435144
1037.6210361247481,990.3225080202255
1038.025822102313,985.0454305079004
1038.4305661420651,975.20853814015
1038.835268229654,967.4217259902498
1039.23992835073,954.1452425152787
1039.6445464909427,943.1329484885364
1040.0491226359422,934.5751952177314
1040.4536567713783,914.3046783989244
1040.858148882901,906.724513806326
1041.2625989561602,887.3472318899975
1041.6670069768056,875.0736729288359
1042.0713729304875,855.3761264684538
1042.4756968028553,835.5233530876724
1042.8799785795597,822.9931161229374
1043.2842182462502,800.57274827864
1043.688415788576,781.1736370267307
1044.0925711921886,771.7616624802383
1044.496684442737,751.6225729086663
1044.9007555258704,736.6394067419855
1045.30478442724,718.0972794921596
1045.708771132495,702.9869061801859
1046.1127156272858,696.0312966827144
1046.516617897262,685.6583877162241
1046.9204779280733,674.6612207876627
1047.32429570537,667.8371435657006
1047.7280712148022,660.7070679708556
1048.1318044420188,649.7513460403918
1048.5354953726712,644.0312690383747
1048.939143992408,631.2967135183052
1049.3427502868801,624.3978180692577
1049.7463142417369,611.5395043049111
1050.1498358426281,605.7395688085049
1050.5533150752044,601.7503278511539
1050.956751925115,586.8567139029426
1051.36014637801,573.2458233726635
1051.7634984195395,562.2692270792407
1052.1668080353531,555.065121662875
1052.5700752111015,544.114254663069
1052.9732999324337,535.6260275093854
1053.376482185,526.7674772563558
1053.7796219544505,511.185155642922
1054.1827192264348,502.04550271162736
1054.5857739866026,491.14182043811866
1054.9887862206047,473.09113558211743
1055.39175591409,457.1202984910218
1055.7946830527092,433.11799879748145
1056.1975676221118,418.6414946307205
1056.600409607948,402.26447096474345
1057.0032089958675,384.79753158971704
1057.4059657715202,367.7081043770323
1057.808679920556,353.64407752111015
1058.211351428625,341.02068104830556
1058.6139802813768,327.1264243115471
1059.0165664644621,312.0668052444861
1059.4191099635302,301.85015398927743
1059.8216107642306,293.3223473044657
1060.2240688522143,280.9593150510524
1060.6264842131304,274.03085746778487
1061.028856832629,262.66036018093087
1061.43118669636,253.66243791795807
1061.8334737899734,245.52775137046933
1062.2357180991196,238.70012382189378
1062.6379196094474,231.29564198241187
1063.0400783066077,219.20995217837282
1063.44219417625,218.95249495221847
1063.8442672040246,212.33954604992218
1064.2462973755805,205.99436769022023
1064.648284676569,198.0759561170368
1065.0502290926383,195.4653371391363
1065.45213060944,191.54472629613997
1065.8539892126232,185.9805772532589
1066.2558048878377,182.96373453017645
1066.657577620734,181.04473934407815
1067.0593073969615,179.85064593180212
1067.46099420217,173.5324767413924
1067.86263802201,172.55293797756312
1068.264238842131,164.82389789333737
1068.6657966481832,166.64520644851703
1069.0673114258161,164.10554635323723
1069.46878316068,161.91032081451843
1069.870211838425,163.0402902115971
1070.2715974447003,160.25896587945664
1070.672939965156,156.25137132178588
1071.074239385443,156.1895329773756
1071.4754956912102,152.61865098693335
1071.8767088681075,152.99467772270705
1072.2778789017855,149.17935451863613
1072.6790057778933,147.87602365819936
1073.0800894820818,147.9246518357503
1073.4811300000001,149.10656313352212
1073.8821273172982,143.02592235751226
1074.2830814196266,144.34260166328778
1074.683992292635,147.22180875830685
1075.0848599219723,145.00752309600819
1075.4856842932902,141.23915742771393
1075.8864653922371,141.73987756037556
1076.2872032044638,138.31184146922982
1076.68789771562,140.0347144681871
1077.0885489113552,139.95773843359632
1077.48915677732,141.06802702931273
1077.889721299164,140.04463086330364
1078.290242462537,137.2531090239657
1078.690720253089,139.7461510442851
1079.09115465647,139.15459268345495
1079.49154565833,135.19010309930735
1079.8918932443187,136.25758684269888
1080.2921974000863,135.09700146010425
1080.6924581112823,135.445271670265
1081.092675363557,139.78379966774014
1081.4928491425599,137.99488757133662
1081.8929794339415,137.15328102685723
1082.2930662233514,135.68941705074533
1082.6931094964393,135.93928888816595
1083.0931092388557,133.13371800389314
1083.49306543625,134.5041755197522
1083.8929780742724,137.0996784631978
1084.2928471385728,136.37256437438376
1084.6926726148006,137.74152124592388
1085.0924544886066,137.17009560049996
1085.4921927456398,139.1958113380959
1085.891887371551,135.6802447752376
1086.2915383519899,138.77148722291156
1086.691145672606,137.58461644752344
1087.0907093190492,137.2506718692389
1087.49022927697,137.2592737263041
1087.889705532018,137.03493279348675
1088.2891380698431,140.9694346543808
1088.688526876095,141.02193858583752
1089.087871936424,141.28165154603911
1089.4871732364802,140.4400695395207
1089.8864307619128,137.5216940962786
1090.2856444983722,138.87826694023136
1090.6848144315084,141.44097793962132
1091.0839405469708,138.4080874248471
1091.48302283041,142.523755602909
1091.8820612674756,140.93682774465927
1092.2810558438173,143.89017710816503
1092.6800065450857,144.69424165518816
1093.0789133569297,141.39972925438053
1093.477776265,143.4459772701301
1093.8765952549466,143.6419182593212
1094.2753703124185,141.40333733477587
1094.6741014230668,144.23970365775298
1095.0727885725405,143.06990223619783
1095.47143174649,148.8007114715915
1095.8700309305652,149.36659400535336
1096.2685861104158,145.2583088703897
1096.6670972716918,145.84499344725475
1097.0655644000435,147.57347568113514
1097.46398748112,146.5905591489463
1097.862366500572,139.00656973801176
1098.2607014440491,100.48065733507252
1098.6589922972012,61.35341586246098
1099.0572390456782,-0.7232864958235439
1099.4554416751298,1.0361159798282245
1099.8536001712068,0.6060075030526093
1100.2517145195582,-0.039108761923444035
