# Wavelength [nm],zero_counts_500avgs_8ms
207.84478476073983,-100.37115593919947
208.30338098783528,-103.08711172105669
208.76196258532,-104.07063360275455
209.22052953884392,-107.49823414560146
209.67908183405694,-107.12869269955212
210.13761945660903,-108.72222236464393
210.59614239215006,-108.57557638560712
211.05465062633,-106.58318116392869
211.5131441447987,-107.21080761011244
211.97162293320616,-104.71197646348847
212.43008697720222,-104.75890652347641
212.88853626243687,-102.6628163262173
213.34697077456,-103.12231505582565
213.80539049922152,-102.12900652997698
214.26379542207135,-102.95220213738024
214.72218552875944,-106.39938276696279
215.18056080493565,-106.43457436529702
215.63892123624998,-109.39873055696549
216.0972668083523,-105.17537525451402
216.55559750689255,-108.22167986670783
217.01391331752063,-105.93207111231132
217.47221422588646,-105.09324630768204
217.93050021764,-105.96335174865817
218.3887712784311,-104.94465194552613
218.84702739390977,-105.26141146938953
219.3052685497258,-106.06894482308344
219.7634947315293,-104.84494573237653
220.22170592496997,-103.2982919663571
220.67990211569793,-106.1588873610294
221.13808328936295,-107.96359078418942
221.59624943161504,-107.13064955441494
222.0544005281041,-106.51865153643364
222.51253656448003,-106.70048936704096
222.97065752639273,-107.09154743521736
223.42876339949214,-107.95576584468427
223.88685416942823,-105.42174736329066
224.34492982185088,-107.8482324670392
224.80299034241003,-104.68069151883195
225.26103571675552,-105.08348331364753
225.71906593053734,-99.88035123257963
226.17708096940547,-105.23990382005674
226.6350808190097,-103.42538451735285
227.093065465,-106.24491856063736
227.55103489302633,-103.52315179480725
228.00898908873856,-108.67334445135386
228.46692803778666,-106.48737395821102
228.92485172582047,-105.6641937620283
229.38276013849,-104.18599927737873
229.8406532614451,-104.30527067274986
230.29853108033578,-107.0192031358513
230.75639358081185,-105.3435343687343
231.21424074852328,-108.26274074204966
231.67207256912,-106.77283341845082
232.1298890282519,-104.68263860629892
232.58769011156895,-107.13065803218542
233.04547580472104,-104.3033190224101
233.5032460933581,-107.2714342506615
233.96100096312998,-106.82955023404375
234.41874039968673,-105.54884533089435
234.87646438867816,-105.72285463749641
235.33417291575424,-104.83711689948905
235.79186596656487,-106.63597103230117
236.24954352676,-105.7932532705165
236.7072055819895,-106.36809791729267
237.16485211790337,-104.88208369484394
237.62248312015146,-104.1195197074943
238.08009857438367,-102.81336122538157
238.53769846625,-105.55274929291308
238.9952827814003,-105.32789112531229
239.45285150548455,-105.95162286123488
239.91040462415262,-103.97091587112772
240.36794212305446,-107.48259853169267
240.82546398783998,-105.37091187034743
241.28297020415908,-107.0680817969172
241.74046075766174,-107.08177125962364
242.19793563399782,-107.90492959012762
242.65539481881726,-107.37506733448662
243.11283829777,-105.59771956462296
243.57026605650591,-106.44240532436518
244.02767808067495,-106.75719670411225
244.48507435592703,-104.33264807532169
244.9424548679121,-102.4516352150451
245.39981960228,-103.70694717562833
245.85716854468072,-104.23487769956894
246.31450168076415,-105.12649778609642
246.77181899618026,-105.3161564415414
247.22912047657888,-103.16728045754193
247.68640610761,-105.03069339046928
248.1436758749235,-104.01980419861319
248.60092976416936,-103.73823337410214
249.05816776099743,-108.01051515665094
249.5153898510577,-103.50555107219076
249.97259602,-106.53234464233374
250.42978625347433,-105.19884843203582
250.88696053713053,-107.85213473005416
251.34411885661865,-106.51866106858436
251.80126119758845,-103.85164005989448
252.25838754569,-105.41001075487327
252.71549788657313,-103.90053047735418
253.17259220588778,-103.82036374556067
253.62967048928382,-105.09716862858112
254.0867327224113,-105.4393383987102
254.54377889092,-105.23794387442969
255.00080898045994,-104.6122517550008
255.45782297668097,-106.68681141190012
255.91482086523303,-104.2935452617525
256.37180263176606,-105.92424643360567
256.82876826193,-105.07761564283885
257.2857177413747,-103.90443285702709
257.7426510557501,-103.56421535853303
258.19956819070626,-105.75219269122567
258.6564691318929,-104.67482520901883
259.11335386496006,-106.8530027349346
259.57022237555753,-105.34743990425375
260.02707464933536,-103.24549820983206
260.4839106719435,-105.40219558707759
260.94073042903176,-102.6237038048891
261.39753390625,-104.64354097745529
261.8543210892483,-104.83710324394347
262.3110919636766,-105.06197586558007
262.7678465151847,-104.76672119166685
263.2245847294225,-102.36559338817986
263.68130659203996,-104.48319895771154
264.1380120886871,-105.45302472747294
264.5947012050138,-104.87036018077946
265.05137392666984,-102.69799514448982
265.5080302393053,-104.87817971994015
265.96467012857,-103.85164553574903
266.4212935801139,-104.79214150092012
266.87790057958694,-103.94354330300797
267.3344911126391,-105.68962481229468
267.7910651649201,-104.03935472286334
268.24762272208005,-105.36112602772359
268.70416376976874,-104.76672495654466
269.16068829363616,-104.10388373566997
269.61719627933223,-105.96531273234199
270.0736877125069,-104.2290239759256
270.53016257880995,-103.79494132367132
270.9866208638915,-104.54381638291184
271.4430625534014,-102.27173744138524
271.89948763298946,-106.39352418492821
272.35589608830566,-104.72565652997103
272.812287905,-103.4742653771488
273.2686630687223,-105.34940682703919
273.7250215651226,-105.93793832405437
274.1813633798506,-102.89353376138232
274.6376884985565,-102.02927805837983
275.09399690688997,-103.22594613808457
275.5502885905011,-105.59968523647501
276.0065635350398,-104.27202466657954
276.4628217261559,-104.07063419216621
276.91906314949927,-101.6968672363029
277.37528779072,-104.52818263069801
277.8314956354679,-102.36363789448679
278.287686669393,-103.82427058946136
278.74386087814503,-102.84855932965986
279.2000182473741,-105.0111354603444
279.65615876273,-103.05192068821593
280.1122824098627,-106.3798283697074
280.5683891744221,-103.67762117737666
281.02447904205826,-103.70499296951031
281.4805519984209,-104.0530347001343
281.93660802916,-102.38320301945723
282.3926471199255,-104.38739158658895
282.8486692563674,-103.56812466492636
283.30467442413544,-106.1921303717475
283.76066260887967,-103.77342214134809
284.21663379624994,-106.19407895400722
284.67258797189635,-105.02091463913699
285.12852512146856,-105.39242200938102
285.58444523061667,-103.04604566583708
286.0403482849905,-106.1354180788404
286.49623427024,-104.0510926075563
286.9521031720151,-105.48235672500945
287.40795497596577,-104.79996286333726
287.86378966774186,-102.93264455093741
288.3196072329933,-103.47035110426748
288.77540765736995,-104.82343275805049
289.23119092652195,-103.38627244980235
289.68695702609904,-102.5181087757184
290.14270594175105,-102.45945715626183
290.5984376591281,-104.00024025386334
291.05415216387996,-105.6622520462887
291.50984944165674,-102.4223059751892
291.9655294781082,-103.10471130757848
292.4211922588842,-104.90554409041953
292.87683776963485,-104.18404197286227
293.33246599601006,-102.76448101076497
293.7880769236595,-103.42147427437969
294.2436705382333,-104.44800863808746
294.6992468253814,-106.04547946252126
295.15480577075374,-106.52061285732904
295.61034736,-104.90554422502848
296.06587157877027,-103.87900716851067
296.52137841271457,-103.99438236231948
296.97686784748265,-104.47929567676287
297.4323398687245,-104.82343146279639
297.88779446208997,-107.44741103239379
298.3432316132291,-104.00806838904444
298.7986513077918,-103.64437799918935
299.25405353142787,-102.8700797304847
299.70943826978726,-104.14493986896649
300.16480550852,-101.816149994225
300.62015523327597,-103.8594497758541
301.07548742970494,-105.53906581036702
301.5308020834571,-102.93851091416306
301.98609918018207,-105.79520145643566
302.44137870553,-104.41476447604649
302.89664064515074,-102.85638957516166
303.3518849846942,-104.24269912041127
303.8071117098102,-101.6108357641537
304.26232080614886,-103.85554867454434
304.71751225936,-103.65611385668139
305.1726860550935,-102.70192048576278
305.62784217899934,-101.19044231512001
306.0829806167274,-105.44324820313578
306.53810135392763,-104.20360665825707
306.99320437625,-102.91895736661955
307.4482896693443,-102.37928929911054
307.9033572188606,-103.66002404784308
308.3584070104486,-105.06979433768764
308.81343902975846,-104.7021979715188
309.26845326244,-102.91113170702403
309.72344969414314,-102.67454603173069
310.17842831051775,-103.99242325184603
310.6333890972138,-103.33739411542837
311.08833203988127,-104.96616504909356
311.54325712417,-103.91030559336366
311.9981643357299,-102.2639235590528
312.45305366021097,-102.87593358574054
312.907925083263,-105.08934679905245
313.3627785905361,-105.5899040975834
313.81761416767995,-105.07565637841151
314.2724318003447,-105.51755036671341
314.7272314741802,-103.88683963155295
315.18201317483624,-106.46586848628166
315.63677688796287,-104.37566249052412
316.09152259921,-105.33180041801978
316.54625029422755,-102.9815266380993
317.00095995866536,-104.87817917880078
317.4556515781734,-103.51924404214117
317.9103251384017,-102.49269781007158
318.36498062500004,-103.25528181758686
318.8196180236183,-105.65833850125831
319.27423731990655,-103.87314495575487
319.7288384995146,-104.580971972688
320.18342154809255,-103.21029801095331
320.63798645129,-105.97313057929026
321.0925331947571,-104.04130490414015
321.5470617641438,-102.98349184348622
322.0015721450999,-104.57119552123565
322.45606432327526,-104.20946360421695
322.91053828431995,-102.82900909636871
323.3649940138839,-103.22594279735216
323.81943149761696,-104.84688708686734
324.273850721169,-104.23097046413488
324.72825167019005,-104.9055386308858
325.18263433033,-105.76978675996143
325.63699868723876,-105.60944957629549
326.0913447265662,-103.51923298135671
326.5456724339622,-104.52035126146491
326.99998179507685,-103.42733804257003
327.45427279556003,-102.74297559876125
327.9085454210615,-103.16141618023326
328.36279965723134,-104.7901875359691
328.81703548971944,-104.85667070459806
329.2712529041757,-100.64294630387967
329.72545188624997,-106.27619930925898
330.1796324215923,-105.2848718254324
330.63379449585256,-105.40219173786336
331.0879380946807,-103.95527205302946
331.54206320372646,-103.95527129168794
331.99616980863993,-104.87035384169722
332.4502578950711,-103.61114105435422
332.90432744866973,-102.58460346433922
333.3583784550858,-106.43261578562273
333.8124108999692,-104.40500120727243
334.26642476896996,-103.92008307527593
334.72042004773795,-102.52006450247067
335.17439672192296,-104.29158216359929
335.628354777175,-102.81727842975114
336.0822941991441,-105.85973194106023
336.53621497348,-104.03544048859457
336.9901170858327,-105.18711011925774
337.44400052185216,-104.83906812982657
337.89786526718825,-104.88990557369739
338.3517113074909,-104.35415210487155
338.80553862841,-104.18404101217789
339.25934721559554,-105.20079989257918
339.7131370546974,-102.89744794590742
340.16690813136546,-102.5572225188757
340.62066043124963,-101.67145356006557
341.07439394,-104.03544141671522
341.52810864326636,-103.48208719964117
341.98180452669857,-104.18795045012098
342.43548157594665,-104.61616000782674
342.8891397766605,-104.46755993278133
343.34277911449,-100.56472607779266
343.7963995750851,-106.63010555674637
344.25000114409573,-104.03544231795306
344.70358380717187,-104.58487465451414
345.15714754996327,-103.23571382355844
345.61069235812,-103.12817712487767
346.0642182172919,-103.52119723833367
346.51772511312896,-104.91923663354787
346.9712130312811,-104.64744639935607
347.4246819573981,-104.33655765223922
347.87813187713,-103.96701402339895
348.3315627761267,-104.78431695109663
348.7849746400382,-102.53180507336778
349.2383674545142,-103.77147570023409
349.6917412052049,-103.87119759610385
350.14509587776,-104.7960452852653
350.5984314578296,-104.07063906959897
351.05174793106335,-104.6220297318421
351.50504528311143,-103.2161681988314
351.9583234996237,-104.483200672586
352.41158256625005,-105.02286420302555
352.86482246864034,-105.06784391360851
353.3180431924445,-103.11448448035846
353.77124472331263,-102.71951735863269
354.2244270468945,-104.9700760456773
354.67759014884,-104.20946687402301
355.1307340147991,-105.72285420635602
355.5838586304218,-101.55804966191722
356.03696398135787,-103.66002165159865
356.4900500532573,-106.0982684424676
356.94311683176994,-102.17592736951171
357.3961643025459,-103.89465222222042
357.849192451235,-105.55470436836134
358.302201263487,-103.96504940463821
358.75519072495206,-104.72566899312119
359.20816082128,-103.4390731892471
359.6611115381208,-103.7010852497927
360.1140428611242,-105.11281075925439
360.56695477594025,-99.62614428112154
361.0198472682189,-103.98459824861162
361.47272032361,-104.83711721273369
361.9255739277635,-104.0041581558508
362.3784080663293,-102.48487021123415
362.83122272495746,-106.52843683538094
363.28401788929773,-102.62956501168861
363.73679354499995,-105.02286648198118
364.1895496777143,-103.04214372904629
364.6422862730906,-102.76448766856839
365.0950033167787,-103.6365567949963
365.54770079442847,-102.25218498970877
366.00037869169,-105.46084637435396
366.45303699421316,-104.56337542350964
366.9056756876478,-104.79018501057661
367.3582947576438,-104.1977367835931
367.8108941898513,-105.60944870216802
368.26347396992,-102.95023706658552
368.7160340834999,-104.95443049565202
369.16857451624094,-101.91000751399974
369.62109525379304,-104.80973792328622
370.0735962818061,-103.77147479258655
370.52607758593,-104.5672802420447
370.9785391518147,-105.86167649131329
371.43098096511017,-106.06112453358352
371.88340301146627,-104.60834634448062
372.3358052765329,-103.44689205280983
372.78818774596,-103.9533205870194
373.2405504053975,-103.05387710616316
373.6928932404954,-105.8147542124177
374.1452162369035,-104.56532124474387
374.59751938027165,-105.56839061135017
375.04980265625005,-104.81561285433779
375.50206605048834,-104.00024035266625
375.95430954863656,-102.3695130699103
376.40653313634465,-105.39437221194625
376.8587367992625,-104.07845799515485
377.31092052304,-103.38822257031153
377.7630842933271,-103.5211959166633
378.21522809577374,-103.87705992311092
378.6673519160298,-104.1175642022439
379.1194557397453,-104.1605772177662
379.57153955257,-102.88962746602505
380.0236033401539,-104.6885104645686
380.47564708814696,-104.36589206644226
380.9276707821991,-104.53599702386353
381.37967440796007,-104.6787385244626
381.83165795108,-105.42760614915505
382.2836213972087,-105.58989468298672
382.7355647319962,-104.02175541795768
383.18748794109223,-103.01085596951634
383.6393910101468,-104.14298060285093
384.09127392481,-106.01418823468181
384.54313667073154,-104.88013767397325
384.99497923356137,-106.0181072469217
385.44680159894943,-103.83404865846035
385.8986037525457,-102.15638161423759
386.35038568000004,-105.8753649557045
386.8021473669623,-105.34353760353025
387.2538887990825,-103.8985734142272
387.7056099620106,-104.09801114552978
388.1573108413965,-104.95248329069713
388.60899142288997,-104.73933977176344
389.0606516921411,-104.4832016678086
389.51229163479974,-104.75303800776959
389.96391123651586,-105.13627324745296
390.4155104829392,-104.04326224964404
390.86708935971996,-104.831248306915
391.3186478525079,-104.96811389785704
391.77018594695295,-103.97679101866966
392.22170362870503,-103.51532996152673
392.67320088341404,-105.62118302473219
393.12467769673003,-104.92315148845212
393.5761340543027,-103.6776232328834
394.02756994178213,-105.52732851535745
394.4789853448183,-106.35441111999396
394.93038024906093,-104.37957415982916
395.38175464016,-103.92398477504635
395.8331085037655,-104.73348185423657
396.2844418255273,-104.87817996644338
396.7357545910955,-105.52732407073783
397.18704678611965,-104.5027684920961
397.63831839625,-102.995216007722
398.0895694071363,-105.57034631116768
398.5407998044286,-104.77845232148535
398.99200957377667,-105.23599639012676
399.44319870083046,-106.77479407662636
399.89436717124,-105.55470418223749
400.3455149706552,-103.99242441978427
400.7966420847258,-101.98040134761803
401.2477484991018,-102.88767134114454
401.6988341994333,-104.41281385161061
402.14989917137,-104.98767141373101
402.6009434005619,-105.24381664056628
403.05196687265897,-103.9709208374097
403.502969573311,-103.87706187277388
403.9539514881681,-106.21167505512122
404.40491260288,-103.38236244582718
404.8558529030967,-106.18821175723754
405.30677237446815,-104.45582422980401
405.75767100264426,-104.35219687625076
406.2085487732749,-107.03092950221314
406.65940567201,-104.67677548429916
407.11024168449956,-105.28292019702411
407.56105679639336,-104.12929269691337
408.01185099334145,-103.89857268601915
408.46262426099366,-103.93767633758866
408.91337658500004,-105.11672831921543
409.36410795101034,-103.33935055205082
409.81481834467456,-102.62761156131336
410.26550775164264,-104.44996436124731
410.71617615756446,-104.61812148207204
411.16682354809,-104.22706016080593
411.6174499088691,-107.56668060006214
412.06805522555175,-105.38067790871762
412.51863948378787,-106.38765066650129
412.96920266922734,-103.64241953223534
413.41974476752,-107.03288647863278
413.8702657643159,-101.18066313309613
414.32076564526494,-105.4921361682752
414.77124439601704,-102.97565476240922
415.22170200222206,-103.90443549239689
415.67213844952994,-103.1066702319788
416.1225537235907,-105.43738468752241
416.5729478100542,-105.43738195684332
417.02332069457026,-106.51083095687778
417.4736723627889,-106.07284613303288
417.92400280036,-106.262511568925
418.37431199293354,-102.57677969197951
418.82459992615935,-102.13291580935653
419.2748665856874,-104.93487391441735
419.7251119571677,-105.37677774177213
420.17533602625,-104.80192215754585
420.6255387785843,-104.35415785276345
421.0757201998205,-105.45889685956685
421.52588027560864,-104.62398409007373
421.9760189915985,-104.79410169807736
422.42613633344,-104.4343236250927
422.87623228678314,-102.83488101746804
423.3263068372778,-103.84577405583829
423.7763599705739,-103.95722896164888
424.22639167232126,-104.83125188497239
424.67640192817004,-104.42845184844964
425.12639072377,-104.18991086612165
425.576358044771,-105.09129777564574
426.0263038768231,-103.69912691559414
426.4762282055761,-106.37591236057516
426.92613101668,-106.54994294605841
427.37601229578473,-103.8927001588515
427.8258720285401,-104.96811531626254
428.2757102005963,-105.43347889640492
428.7255267976029,-105.41000896238977
429.17532180521005,-105.15582767826794
429.62509520906747,-106.33876386385518
430.0748469948254,-103.64046379561478
430.52457714813346,-105.65442988765238
430.9742856546417,-105.02089990862076
431.42397249999993,-105.69352497940199
431.87363766985834,-103.52510510856573
432.3232811498666,-103.65220216422735
432.77290292567466,-105.36699579834321
433.2225029829325,-106.21167618850555
433.67208130729,-105.1362704065072
434.12163788439716,-106.23318855769455
434.5711726999038,-104.34437949852915
435.0206857394598,-104.93683842398409
435.47017698871525,-105.05219540061209
435.91964643332005,-102.06838089409658
436.36909405892396,-105.29464876057064
436.8185198511769,-103.76561042051011
437.2679237957291,-105.21448596355685
437.7173058782301,-104.50276069575932
438.16666608433,-105.58403576463604
438.6160043996787,-105.33180348890713
439.06532080992616,-103.52315464724767
439.51461530072226,-103.71867926141721
439.9638878577169,-103.23571957027117
440.41313846655993,-103.03432132422836
440.86236711290155,-107.16781048769062
441.3115737823914,-104.04716549491825
441.7607584606794,-103.8144857071129
442.20992113341566,-104.94074627774341
442.65906178625,-104.47147319052912
443.10818040483235,-105.02091059753089
443.55727697481257,-103.59941132077063
444.00635148184057,-101.61084439986361
444.45540391156646,-106.87451974536513
444.90443424964,-106.64183672064868
445.3534424817111,-104.42063810065535
445.80242859342974,-105.66028657755386
446.25139257044583,-105.18124220432631
446.70033439840927,-105.28292365056797
447.14925406297,-103.48991053169831
447.59815154977787,-104.04521406289516
448.04702684448296,-104.97398592653977
448.4958799327351,-102.32454252606452
448.94471080018405,-102.42816083756495
449.39351943248,-105.40805331070622
449.8423058152727,-105.68765210653767
450.2910699342122,-104.23487942220663
450.73981177494824,-103.41755937306884
451.18853132313086,-106.20581534741132
451.63722856441007,-103.87902274287802
452.08590348443556,-103.59353986903811
452.53455606885734,-104.35610826772049
452.98318630332545,-103.5642190190242
453.4317941734897,-104.37761577116848
453.880379665,-106.89015424173647
454.3289427635063,-105.4979990925292
454.7774834546585,-105.72090284100057
455.2260017241067,-103.38628200232522
455.6744975575005,-104.31700955629154
456.12297094049,-102.9306796104981
456.57142185872516,-104.72174576678624
457.0198502978558,-103.7480204429087
457.4682562435318,-104.56532391414106
457.9166396814033,-106.3329061811054
458.36500059711994,-105.47453123455917
458.813338976332,-104.06086153520907
459.261654804689,-106.0122400492929
459.709948067841,-105.51559752901332
460.158218751438,-104.97399305518863
460.60646684113004,-106.7356896446056
461.0546923225667,-105.61922934279839
461.5028951813981,-103.83403797212753
461.9510754032742,-106.4991024248526
462.39923297384496,-106.450221192751
462.84736787876,-105.47258335606702
463.2954801036695,-105.0776151122886
463.7435696342233,-106.3094434003266
464.1916364560715,-105.726766872474
464.6396805548637,-106.01810569990958
465.08770191624996,-103.44103062814276
465.53570052588026,-105.90078451393845
465.9836763694046,-105.88319703639584
466.4316294324727,-102.36560246836261
466.87955970073443,-107.40439397266115
467.32746715984007,-104.31114180345132
467.7753517954391,-105.16754969905644
468.2232135931818,-105.20470403549868
468.67105253871784,-105.59575338219608
469.11886861769733,-104.21336875841956
469.56666181577003,-106.08066483228609
470.01443211858594,-103.92007132001942
470.46217951179494,-103.73823543658584
470.9099039810471,-104.12734060020595
471.3576055119921,-102.81337300401707
471.80528409028,-105.08348081939003
472.2529397015607,-107.189304175919
472.7005723314842,-107.08568363594523
473.14818196570025,-104.53600432803468
473.59576858985884,-105.5468861357748
474.04333218961,-104.76085505921155
474.49087275060356,-104.86058003312189
474.9383902584894,-106.8002122633198
475.38588469891744,-103.21225874740593
475.8333560575377,-107.14433213294623
476.2808043200001,-105.48040320560959
476.72822947195436,-104.98963112025734
477.17563149905055,-104.54381793357541
477.6230103869386,-103.59354620760087
478.07036612126853,-105.63291790297173
478.51769868769003,-107.4043872391452
478.9650080718531,-105.29856902140314
479.4122942594077,-105.52536973104866
479.85955723600387,-104.32873686214907
480.3067969872913,-104.79605655601942
480.75401349892,-105.29856255748099
481.2012067565399,-105.41783693353742
481.648376745801,-104.73152183039389
482.09552345235306,-106.6222853438696
482.54264686184604,-104.94660693533181
482.98974695992996,-104.56141351449236
483.43682373225477,-105.94966688925365
483.8838771644702,-104.5027593328493
484.33090724222626,-102.96979181471737
484.7779139511728,-105.92033771507819
485.22489727696,-109.2208030913064
485.67185720523753,-105.06001830553583
486.1187937216554,-105.23207779958209
486.5657068118634,-106.91556829047347
487.0125964615117,-102.94046951043516
487.45946265625,-106.32116479071496
487.9063053817283,-105.90665628565148
488.3531246235965,-107.87365052877439
488.7999203675047,-104.63181518959927
489.2466925991025,-103.74019065255678
489.69344130403994,-104.54382036540342
490.14016646796705,-102.26001903688287
490.5868680765338,-106.32898815674251
491.0335461153898,-104.94465442063627
491.4802005701853,-103.96504890548657
491.92683142657,-105.35526804474202
492.37343867019393,-102.74688898785088
492.82002228670694,-105.42565792727503
493.266582261759,-105.042419516154
493.713118581,-105.21448639068598
494.15963123008004,-105.44130075586696
494.6061201946487,-104.06476769430517
495.05258546035617,-105.73654956799814
495.4990270128523,-102.64911931367423
495.9454448377869,-101.48374784506231
496.39183892081,-105.13040814917379
496.8382092475715,-104.87035878823094
497.28455580372145,-104.57707011651063
497.73087857490947,-104.25835446247308
498.1771775467857,-105.55861397492352
498.623452705,-107.48454374234214
499.0697040352024,-105.51364659344596
499.5159315230426,-106.87451500624306
499.9621351541706,-104.58291791025844
500.4083149142364,-105.60358684104115
500.85447078889007,-105.48432044951801
501.30060276378117,-104.35610970658324
501.7467108245597,-104.31895563152243
502.19279495687584,-104.17817294779998
502.63885514637934,-105.45302614292252
503.08489137872,-106.32116999479855
503.53090363954794,-103.40778247552142
503.9768919145129,-105.16169257262231
504.4228561892651,-105.96726315688689
504.8687964494541,-104.38543828749248
505.31471268073,-103.24940919753546
505.7606048687427,-106.15301463205925
506.2064729991422,-107.79543694081268
506.6523170575783,-105.26532697231278
507.09813702970087,-105.56448122944037
507.54393290115996,-105.83040017359183
507.98970465760556,-105.78934284988947
508.4354522846874,-106.3309504881072
508.88117576805547,-102.86616249344418
509.32687509335966,-104.66896499721595
509.7725502462501,-105.61336562431873
510.21820121237636,-104.36001708659852
510.66382797738856,-106.62814419603282
511.1094305269366,-105.66028906541722
511.5550088466705,-104.22315038096792
512.0005629222401,-104.73934955832516
512.4460927392951,-104.54381951034534
512.8915982834857,-104.00023493878231
513.3370795404619,-105.97313378432058
513.7825364958733,-107.2264605094848
514.22796913537,-105.33962199963786
514.6733774446019,-103.6130883718808
515.118761409219,-103.98264552263014
515.564121014871,-104.3658901508096
516.009456247208,-105.17147481468673
516.45476709188,-104.46365488606895
516.9000535345367,-104.21337790649861
517.3453155608282,-103.14773181529397
517.7905531564043,-107.27925457610505
518.2357663069148,-106.67703497363011
518.68095499801,-105.4999538862203
519.1261192153396,-105.0345992957407
519.5712589445534,-106.08849193700867
520.0163741713013,-106.18626074864208
520.4614648812337,-105.8440918989049
520.9065310599999,-105.06196927085517
521.3515726932503,-105.54493519995339
521.7965897666345,-107.26947385879897
522.2415822658027,-106.18234146432393
522.6865501764045,-102.6843180607046
523.13149348409,-105.74241490464574
523.5764121745092,-105.96530790398619
524.0213062333119,-104.75694712697401
524.4661756461479,-106.17844272324655
524.9110203986673,-105.02285763807221
525.3558404765201,-106.2977133477581
525.8006358653558,-104.22901941201552
526.2454065508249,-105.29855695052171
526.690152518577,-107.44349600930268
527.1348737542621,-106.50300915307633
527.57957024353,-107.16780007109845
528.0242419720307,-105.26728324245026
528.4688889254141,-105.50385798481892
528.9135110893303,-105.62118346513287
529.358108449429,-105.21644061211391
529.8026809913599,-104.7667234762235
530.2472287007735,-106.56166370558988
530.6917515633194,-107.57449584090021
531.1362495646474,-105.35526615207797
531.5807226904077,-104.68851026500803
532.02517092625,-107.53734653306297
532.4695942578244,-103.4801386600192
532.9139926707805,-106.3739715013168
533.3583661507687,-104.78432366009285
533.8027146834385,-105.00526138175805
534.24703825444,-103.88487621209951
534.6913368494231,-103.80080280150263
535.1356104540378,-105.08934820463321
535.5798590539338,-106.34072386172878
536.0240826347614,-104.1977244924212
536.46828118217,-106.41502715422983
536.9124546818099,-104.65135550548153
537.356603119331,-103.34130031031275
537.8007264803831,-105.65833613251382
538.2448247506161,-106.61055046541729
538.68889791568,-107.13652303963939
539.1329459612247,-106.87060201382592
539.5769688729001,-107.44740249632947
540.0209666363562,-107.14630153332914
540.4649392372428,-106.06307400960269
540.9088866612099,-104.65722605028812
541.3528088939075,-105.55666087613578
541.7967059209853,-106.75719439698248
542.2405777280934,-104.88403785588152
542.6844243008816,-104.51840335818547
543.128245625,-107.22254859781403
543.5720416860984,-106.16671159886324
544.0158124698265,-104.94466073175735
544.4595579618347,-105.5938097579339
544.9032781477725,-105.89883547145254
545.3469730132899,-105.2516399601198
545.790642544037,-102.87203323085348
546.2342867256638,-105.76587772856452
546.67790554382,-105.06197476988638
547.1214989841552,-104.05694897075728
547.56506703232,-105.26727676893182
548.008609673964,-106.11978170850183
548.4521268947369,-105.6661545372596
548.8956186802891,-104.10974409741942
549.33908501627,-104.22510242195884
549.7825258883299,-103.84382607257763
550.2259412821187,-106.8373623273709
550.6693311832862,-106.22536527398177
551.1126955774822,-105.17928770728334
551.556034450357,-104.58292450821043
551.99934778756,-106.6125084342274
552.4426355747415,-104.80192434528547
552.8858977975514,-106.97813862021863
553.3291344416394,-106.58512714565528
553.7723454926557,-106.95076869682356
554.21553093625,-103.80080543272311
554.6586907580722,-105.91056508344958
555.1018249437726,-105.72481481252485
555.5449334790007,-105.31420081490637
555.9880163494065,-105.23403766374682
556.43107354064,-104.08628417403496
556.8741050383512,-104.98767101599488
557.3171108281898,-106.15105855948683
557.7600908958058,-105.7248115477111
558.2030452268492,-103.81840188501394
558.64597380697,-105.28486992356956
559.0888766218179,-106.57926975646224
559.5317536570429,-104.09606500811043
559.974604898295,-106.47173028791819
560.4174303312241,-106.47955169736404
560.86022994148,-105.86950564900262
561.3030037147128,-105.79911284545818
561.7457516365721,-108.4836868226453
562.1884736927083,-105.01504600922601
562.6311698687709,-103.60527526977191
563.07384015041,-105.09912732743746
563.5164845232755,-103.89857043103929
563.9591029730174,-106.02592319380473
564.4016954852855,-105.07175149803348
564.8442620457297,-106.0415684001031
565.28680264,-103.56029728042054
565.7293172537464,-105.23598602893274
566.1718058726185,-104.51448765591418
566.6142684822667,-106.18430694409051
567.0567050683404,-106.32117380043277
567.49911561649,-104.80386860096124
567.9415001123651,-106.35637613925036
568.3838585416157,-103.20248127855915
568.8261908898918,-108.13760612474313
569.2684971428433,-104.2739837966167
569.71077728612,-106.53234314912812
570.153031305372,-107.99096332027112
570.5952591862489,-107.81694798381844
571.037460914401,-107.31249266820205
571.4796364754782,-105.35135118674083
571.92178585513,-104.18600002633373
572.3639090390067,-106.37787207152962
572.8060060127583,-106.02006110806953
573.2480767620343,-106.21363055448617
573.6901212724848,-105.81866114437413
574.1321395297599,-109.4163304831267
574.5741315195095,-104.95247270235066
575.0160972273833,-106.40524898714456
575.4580366390314,-101.46809557591382
575.8999497401037,-106.25664339266783
576.34183651625,-104.43041173794576
576.7836969531204,-105.05219591021188
577.2255310363646,-107.02897442094229
577.6673387516327,-106.96445214012714
578.1091200845746,-106.90189435939996
578.5508750208401,-105.85582295622774
578.9926035460791,-105.39241308745711
579.4343056459417,-106.74741752931617
579.8759813060778,-106.81586383240166
580.3176305121373,-106.05330057238378
580.75925324977,-105.1401837851708
581.200849504626,-105.8890559099347
581.642419262355,-106.50495929149773
582.0839625086071,-106.82368203731879
582.525479229032,-103.58180683527428
582.9669694092801,-107.61946974266505
583.4084330350007,-106.12759601599147
583.8498700918442,-106.6066460743248
584.2912805654602,-106.72200241611185
584.732664441499,-105.58990389049535
585.17402170561,-107.27925734965824
585.6153523434435,-107.45717788612718
586.0566563406493,-105.26923547516351
586.4979336828775,-104.43236879336699
586.9391843557777,-108.21190713684067
587.380408345,-106.76501832853293
587.8216056361942,-106.47954997464167
588.2627762150107,-103.92986030766698
588.7039200670987,-105.35135668524426
589.1450371781085,-105.49213739068985
589.58612753369,-106.50692809446079
590.0271911194932,-105.58403897111398
590.4682279211678,-104.29549647551069
590.9092379243638,-107.11891867827501
591.3502211147312,-107.12478292876098
591.7911774779201,-105.84799734639982
592.23210699958,-105.58599057913752
592.673009665361,-106.8334558156991
593.113885460913,-105.73849549163282
593.5547343718861,-108.9294793929817
593.99555638393,-104.96420779485952
594.4363514826947,-106.94294860870248
594.87711965383,-106.88429481442898
595.3178608829862,-103.90052303757946
595.7585751558129,-104.54772522953485
596.19926245796,-105.64660741257397
596.6399227750775,-108.37028174316336
597.0805560928154,-106.4502234303028
597.5211623968235,-105.10108158179415
597.9617416727517,-105.36504328518754
598.40229390625,-107.45913754630534
598.8428190829684,-104.19186248534616
599.2833171885566,-106.52060814782506
599.7237882086647,-107.8873340561764
600.1642321289424,-105.65246785144149
600.60464893504,-106.44631424220803
601.0450386126072,-106.20385598276631
601.4854011472937,-106.9664066992968
601.9257365247498,-107.33595262825177
602.3660447306254,-105.55861708319811
602.80632575057,-105.91838618397756
603.246579570234,-105.36699462608158
603.686806175267,-105.95161786069042
604.1270055513191,-106.83931595887523
604.5671776840401,-106.68485230016387
605.00732255908,-107.29489696060261
605.4474401620887,-105.53515290402325
605.8875304787161,-107.21473001967769
606.3275934946123,-106.8471355163736
606.7676291954268,-106.46977656197795
607.2076375668099,-105.64855648123917
607.6476185944116,-104.38153125720436
608.0875722638814,-104.29354525607275
608.5274985608694,-106.28598382444149
608.9673974710257,-106.40915926012482
609.40726898,-105.48040841159563
609.8471130734424,-106.39547053595817
610.2869297370025,-107.58623098619016
610.7267189563307,-106.21949854630262
611.1664807170765,-106.77283693855587
611.60621500489,-107.82867169343942
612.0459218054211,-104.52622320568756
612.4856011043198,-104.342418492637
612.9252528872358,-105.79129131777626
613.3648771398193,-104.39716815050586
613.80447384772,-106.35636189155086
614.244042996588,-106.4854167830751
614.6835845720731,-106.11391753960062
615.123098559825,-104.9348763075881
615.562584945494,-105.83234595932447
616.00204371473,-107.4239433368662
616.4414748531827,-108.52278601868828
616.8808783465022,-105.35721692178072
617.3202541803382,-105.81671048630695
617.7596023403408,-106.70636234284763
618.19892281216,-104.97397841766396
618.6382155814456,-106.06502781604466
619.0774806338472,-105.22425214172137
619.5167179550155,-107.17367491598813
619.9559275305998,-107.5901365621026
620.39510934625,-105.61141123327118
620.8342633876164,-106.54211885209007
621.2733896403486,-106.06503360018306
621.7124880900967,-105.28097235453099
622.1515587225105,-106.73764624958702
622.59060152324,-105.33571300906611
623.0296164779352,-106.27815866171524
623.4686035722458,-105.85581533498598
623.9075627918219,-104.54968626315525
624.3464941223133,-106.29966636281392
624.78539754937,-105.61727064402606
625.224273058642,-107.30076350354638
625.6631206357789,-105.79128578576682
626.101940266431,-105.95748967843676
626.5407319362481,-107.04071276758589
626.97949563088,-104.68069505447723
627.4182313359768,-107.13065210026261
627.8569390371881,-106.76893135489453
628.2956187201643,-105.15191409001247
628.7342703705549,-107.98510129662428
629.17289397401,-106.08458535395097
629.6114895161794,-106.10609363238103
630.0500569827134,-105.40805636968972
630.4885963592615,-107.30856999680124
630.9271076314736,-107.11500347348417
631.3655907849999,-106.78848040930336
631.8040458054903,-105.73068304278395
632.2424726785946,-104.58096487249266
632.6808713899626,-104.74130414296698
633.1192419252445,-106.24687038098254
633.55758427009,-105.71699137745914
633.995898410149,-106.72200407968461
634.4341843310717,-104.16057920937396
634.8724420185079,-106.11196283168132
635.3106714581073,-104.40889960135007
635.74887263552,-105.64269323282055
636.1870455363959,-103.65219920926737
636.6251901463851,-106.34072420450607
637.063306451137,-106.291844917071
637.5013944363021,-104.65330808575975
637.93945408753,-105.75413781107143
638.3774853904708,-108.2627411262915
638.8154883307741,-106.31726028368487
639.2534628940903,-104.86253144838983
639.6914090660688,-105.44325477537969
640.1293268323601,-105.85190736363155
640.5672161786135,-105.83039741877404
641.0050770904794,-107.47867749752056
641.4429095536074,-108.0809014627367
641.8807135536476,-105.19102082564545
642.3184890762501,-106.97032631966273
642.7562361070643,-106.79826014878644
643.1939546317404,-104.93096583528548
643.6316446359288,-107.10522791380687
644.0693061052785,-103.6267828196621
644.50693902544,-105.74436814024992
644.9445433820631,-106.7298121243194
645.3821191607977,-106.28401736457164
645.819666347294,-105.79715519756097
646.2571849272014,-107.1502065386778
646.69467488617,-106.57145470563272
647.13213620985,-105.65441908604402
647.5695688838911,-106.49909988496299
648.006972893943,-105.16364205803497
648.4443482256561,-108.30771263039512
648.8816948646801,-106.29966790257073
649.3190127966648,-106.63402389489684
649.7563020072602,-107.12869681186525
650.1935624821161,-107.71918127527441
650.6307942068829,-107.13456379742193
651.06799716721,-104.21923699119934
651.5051713487476,-105.91838110645648
651.9423167371453,-105.69156482847328
652.3794333180534,-105.01113443356492
652.8165210771217,-107.28120853183572
653.25358,-106.94295025501606
653.6906100723384,-104.94660645783684
654.1276112797866,-103.71868332304415
654.5645836079947,-106.97227705905115
655.0015270426125,-107.68790005834325
655.4384415692899,-108.28228508759474
655.8753271736772,-105.92816677197021
656.3121838414238,-106.53429644623128
656.7490115581799,-103.93571983776586
657.1858103095952,-105.75414001141947
657.62258008132,-105.83627204783576
658.059320859004,-105.69157736809036
658.4960326282969,-106.02788625615858
658.9327153748491,-107.11892091072029
659.36936908431,-108.62250655260034
659.8059937423301,-106.25664259149707
660.2425893345587,-104.42258777247667
660.6791558466462,-105.18906857351556
661.1156932642423,-107.18540131768366
661.552201572997,-103.73628104830325
661.98868075856,-104.72566323504046
662.4251308065815,-107.03876078861052
662.8615517027114,-107.08959333911847
663.2979434325994,-103.93375678271347
663.7343059818957,-107.14043290690927
664.17063933625,-105.77369557684489
664.6069434813124,-106.58122353279148
665.0432184027326,-104.75694971398381
665.4794640861606,-108.60099578395409
665.9156805172466,-106.10413779534477
666.3518676816401,-106.5206144789923
666.7880255649911,-106.33485429091566
667.2241541529497,-106.23904526786642
667.6602534311659,-107.1052299583232
668.0963233852893,-103.80471547772196
668.53236400097,-108.40547906257956
668.968375263858,-104.01588915119432
669.404357159603,-103.37063022378331
669.840309673855,-105.40806311202826
670.2762327922641,-105.9477119462244
670.71212650048,-105.21057872416135
671.1479907841527,-106.48150704230395
671.5838256289322,-106.91557224217854
672.0196310204683,-105.90469960261113
672.4554069444108,-106.63401918746305
672.8911533864101,-106.18430450646758
673.3268703321156,-104.6709089426752
673.7625577671773,-105.0971673665824
674.1982156772455,-106.00833066839093
674.6338440479698,-105.73067110835974
675.069442865,-104.29549715903434
675.5050121139864,-107.15802511859889
675.9405517805785,-107.24601312188408
676.3760618504267,-108.26469632391962
676.8115423091805,-106.61055219556476
677.24699314249,-106.18234904631197
677.6824143360051,-104.67481827878889
678.1178058753758,-107.4493587088976
678.5531677462518,-106.94099947467812
678.9884999342834,-104.5320915387508
679.42380242512,-105.67788665459165
679.859075204412,-108.34681974076439
680.294318257809,-105.25945401733175
680.729531570961,-106.54211248011228
681.164715129518,-105.98877491251982
681.5998689191301,-109.34594361360972
682.0349929254468,-104.0745497739052
682.4700871341182,-104.64744919909911
682.9051515307942,-106.87255674037227
683.3401861011249,-107.255788506379
683.77519083076,-105.73458618500436
684.2101657053496,-105.90860798999549
684.6451107105433,-104.46951859265221
685.0800258319914,-106.02592245611064
685.5149110553436,-106.76892988937877
685.94976636625,-105.62900545540057
686.3845917503603,-106.55384190013216
686.8193871933246,-105.30246929690571
687.2541526807927,-106.5069177795921
687.6888881984145,-105.0854376553548
688.12359373184,-104.38934774319547
688.5582692667192,-105.79324432741736
688.9929147887017,-106.46781595737468
689.4275302834378,-106.34854457157788
689.8621157365773,-103.90834188468729
690.29667113377,-104.27203565671884
690.731196460666,-105.90274132946044
691.165691702915,-109.55124197245267
691.600156846167,-106.28793707100802
692.0345918760721,-107.24014231385604
692.46899677828,-105.47258236324622
692.9033715384406,-104.86644694758671
693.3377161422043,-104.58292692522787
693.7720305752202,-105.60358919118416
694.206314823139,-105.99268430621406
694.64056887161,-106.76306599687219
695.0747927062836,-105.67202704788893
695.5089863128094,-106.01027843105318
695.9431496768375,-105.34743404484973
696.3772827840177,-105.83039974256965
696.81138562,-107.58622700800491
697.2454581704343,-104.191861953188
697.6795004209706,-87.2226164454056
698.1135123572586,-105.8264910581654
698.5474939649486,-105.62509482406747
698.98144522969,-105.90079134420809
699.4153661371331,-106.9018937212463
699.8492566729277,-107.77197312002802
700.2831168227239,-105.71894800406874
700.7169465721713,-107.2186384182438
701.15074590692,-103.85359556868853
701.5845148126199,-104.67091071643296
702.018253274921,-105.24772152074719
702.451961279473,-105.18319878659115
702.8856388119261,-102.16811106776083
703.31928585793,-105.14409256818006
703.7529024031347,-105.41979275769253
704.1864884331901,-105.66028851666756
704.6200439337463,-106.59686568954575
705.0535688904529,-104.77259246418338
705.48706328896,-106.01028081848409
705.9205271149175,-105.97117558189751
706.3539603539754,-106.17648299234388
706.7873629917834,-103.06756975703672
707.2207350139915,-106.32117120446026
707.65407640625,-107.13847742608984
708.0873871542083,-105.39633236057387
708.5206672435165,-106.9155691821344
708.9539166598245,-105.96726506832897
709.3871353887826,-107.07590271336659
709.82032341604,-106.96836360144069
710.253480727247,-106.68485138371517
710.6866073080537,-105.07956413368655
711.1197031441098,-105.76782695830428
711.5527682210652,-106.32508575557534
711.9858025245699,-103.90834730310668
712.4188060402739,-105.88906125567505
712.8517787538269,-105.07175332007037
713.284720650879,-108.31944230416175
713.71763171708,-106.27229035993413
714.15051193808,-103.30807549235207
714.5833612995287,-105.92424769829914
715.0161797870761,-105.06588632882743
715.4489673863721,-106.70832475270979
715.8817240830668,-106.55776658308876
716.3144498628101,-106.64574602467363
716.7471447112515,-106.03375066209664
717.1798086140413,-105.89883528086919
717.6124415568294,-106.55580895950688
718.0450435252657,-105.58794448226408
718.477614505,-107.81107160316063
718.9101544816823,-104.48515833217245
719.3426634409625,-107.21473753868246
719.7751413684907,-107.39656808617738
720.2075882499165,-108.25100830742535
720.6400040708899,-106.03766301260893
721.0723888170611,-107.2870715952565
721.5047424740798,-103.76365837021514
721.9370650275958,-105.34352816437173
722.3693564632592,-106.7259103950478
722.80161676672,-106.89797731828082
723.2338459236279,-107.9068824429935
723.666043919633,-105.07370136039441
724.098210740385,-106.04743309775117
724.5303463715342,-104.7745395046523
724.9624507987301,-108.14347887105019
725.3945240076226,-105.76587685325565
725.8265659838621,-105.79129261536305
726.2585767130983,-105.50386881212411
726.6905561809809,-106.33485405743583
727.1225043731599,-107.89906972953993
727.5544212752854,-107.3222715040176
727.9863068730074,-105.64856264466083
728.4181611519755,-106.15302718517893
728.8499840978396,-107.91666490735396
729.28177569625,-107.39070428320599
729.7135359328564,-103.21616607499182
730.1452647933086,-107.39852566701313
730.5769622632565,-104.3971611842225
731.0086283283505,-105.00722277186493
731.44026297424,-107.32422547462251
731.8718661865751,-106.5890436004578
732.3034379510057,-106.5049667131694
732.7349782531817,-105.49213360232206
733.1664870787533,-106.0141856758578
733.59796441337,-105.27704692635938
734.0294102426819,-106.16475406667831
734.4608245523389,-104.48320723963782
734.8922073279911,-105.63486938145672
735.3235585552881,-107.05440046978299
735.75487821988,-104.78040935374467
736.1861663074167,-105.3533038681432
736.6174228035482,-107.25187198362134
737.0486476939243,-106.61251804020262
737.4798409641949,-105.01309113506372
737.91100260001,-105.66224677098926
738.3421325870195,-107.64683910219374
738.7732309108733,-105.6993915406753
739.2042975572214,-105.26923257266264
739.6353325117136,-106.02396416080467
740.0663357600001,-106.62423285387362
740.4973072877303,-105.04241524568566
740.9282470805546,-106.99965430170822
741.3591551241226,-106.8432288219416
741.7900314040845,-103.19856220169841
742.22087590609,-108.41916110945509
742.651688615789,-104.55751518740045
743.0824695188317,-106.66529712535211
743.513218600868,-105.45498616684054
743.9439358475472,-107.19321984121945
744.37462124452,-108.17866679122663
744.8052747774359,-105.64660395735967
745.235896431945,-106.13737477304687
745.666486193697,-104.50471410110917
746.097044048342,-105.92228431060875
746.52756998153,-105.71699376508687
746.9580639789107,-104.93096635415768
747.3885260261341,-106.31531208092267
747.8189561088502,-105.25944815080177
748.2493542127089,-107.12869820663268
748.67972032336,-105.65637547214801
749.1100544264534,-105.4765007255519
749.5403565076393,-106.50497151417203
749.9706265525675,-104.70220102715872
750.4008645468876,-106.7904328069313
750.8310704762499,-106.93512791988223
751.2612443263042,-103.59550088929448
751.6913860827005,-105.50581877535623
752.1214957310887,-105.61140830453036
752.5515732571184,-107.56472135790254
752.9816186464399,-104.12734452534107
753.4116318847031,-106.15106762971257
753.8416129575577,-108.64597028872278
754.2715618506538,-104.81756013955031
754.7014785496413,-104.91141862777414
755.1313630401701,-106.07872277940662
755.5612153078899,-104.84102730280073
755.991035338451,-106.77478909855762
756.4208231175029,-104.03740047921767
756.8505786306961,-105.29269776721875
757.28030186368,-106.2058121815659
757.7099928021047,-103.00499428134182
758.1396514316201,-105.75023323120293
758.5692777378763,-106.25665257240213
758.9988717065229,-105.07174930073566
759.4284333232099,-107.47087211079553
759.8579625735874,-103.45862896151374
760.2874594433055,-104.08628111849605
760.7169239180134,-105.76196940621469
761.1463559833617,-105.94770777064528
761.5757556249999,-104.33264837752921
762.0051228285784,-106.571445031407
762.4344575797465,-106.6398824118634
762.8637598641546,-106.32899567922809
763.2930296674524,-106.01614681253243
763.72226697529,-103.97873083573097
764.1514717733172,-105.98291617551277
764.5806440471837,-105.19884208961123
765.0097837825398,-103.95526792202135
765.4388909650354,-105.75805263244537
765.8679655803201,-104.84885111284852
766.2970076140439,-105.0033141328521
766.7260170518568,-104.93878586162006
767.1549938794091,-106.37983050734913
767.5839380823501,-103.99438320975267
768.01284964633,-106.11782868262841
768.4417285569987,-108.94903137059607
768.8705748000062,-108.59317745943532
769.2993883610022,-106.1412939064807
769.7281692256369,-107.2362336407931
770.1569173795599,-106.21558769442368
770.5856328084216,-105.62509156866226
771.0143154978714,-105.17146760982023
771.4429654335594,-107.09350376523368
771.8715826011356,-106.70831230567491
772.30016698625,-105.40219185172346
772.7287185745523,-103.30024057689852
773.1572373516925,-104.54772609846466
773.5857233033206,-106.27424271922953
774.0141764150865,-103.2454974576383
774.44259667264,-106.3915662926212
774.870984061631,-107.30467154021838
775.2993385677098,-106.06112693370947
775.7276601765259,-107.59796141390822
776.1559488737294,-105.06392936296504
776.58420464497,-105.11476331699986
777.012427475898,-105.66420634726084
777.4406173521629,-104.18404682837256
777.868774259415,-106.3856941140857
778.2968981833039,-104.08236481334255
778.72498910948,-103.20248204011783
779.1530470235926,-104.71196662489754
779.5810719112922,-106.6828973181147
780.0090637582282,-104.46560711573431
780.437022550051,-105.41001794659512
780.86494827241,-105.76391791570252
781.2928409109555,-104.47733933171934
781.7207004513373,-105.10303752583883
782.1485268792054,-106.83345675852233
782.5763201802097,-103.5583422398047
783.00408034,-103.6991229362006
783.4318073442263,-103.73432074586114
783.8595011785386,-105.10303771942971
784.2871618285866,-106.53625439078418
784.7147892800205,-106.2273179023025
785.14238351849,-105.31029827538833
785.5699445296452,-104.65917922611676
785.9974722991358,-106.08067579642315
786.4249668126118,-106.50692735354131
786.8524280557232,-103.43710838189375
787.27985601412,-105.9047007398032
787.7072506734519,-102.55135764315241
788.1346120193689,-106.8334513172193
788.561940037521,-106.18234938249888
788.9892347135582,-105.66615582521314
789.41649603313,-105.718949395093
789.8437239818867,-105.6290057335299
790.270918545478,-105.73067754208857
790.6980797095542,-107.22841500308016
791.1252074597649,-105.29856438265976
791.55230178176,-105.03655906349947
791.9793626611895,-104.38152828159586
792.4063900837034,-105.77955952503027
792.8333840349515,-107.19908327645376
793.2603445005836,-107.09545394286211
793.6872714662499,-104.24074849523927
794.1141649176003,-107.14628968402653
794.5410248402845,-104.58488902120655
794.9678512199526,-105.48040446968324
795.3946440422544,-103.44885551308059
795.82140329284,-105.25358823751691
796.2481289573592,-105.16559958451177
796.6748210214618,-105.07370802229086
797.1014794707978,-106.27424826143
797.5281042910173,-105.12063045204495
797.95469546777,-106.37396680312045
798.3812529867059,-104.68459800234639
798.8077768334749,-105.14408705878976
799.234266993727,-104.11365196378492
799.6607234531122,-105.49213491023295
800.0871461972799,-106.92339527053745
800.5135352118806,-105.79716279452877
800.9398904825641,-103.7323696031465
801.3662119949803,-106.33681317860895
801.7924997347789,-106.26056337522174
802.21875368761,-103.38041517364034
802.6449738391235,-105.47062335104853
803.0711601749694,-106.36419150847009
803.4973126807973,-103.81058337566331
803.9234313422577,-104.18404244720566
804.3495161449999,-105.16365118563313
804.7755670746743,-106.40915801849572
805.2015841169305,-104.727612918527
805.6275672574186,-103.88293192160972
806.0535164817885,-106.8510456364879
806.4794317756899,-104.11951499186833
806.9053131247731,-105.99855312847149
807.3311605146878,-104.74716760251214
807.7569739310838,-106.76892831766274
808.1827533596112,-105.94771544262873
808.6084987859199,-104.97398623076393
809.03421019566,-105.64269972143873
809.4598875744811,-106.01615230418497
809.8855309080329,-105.75805674235761
810.311140181966,-105.29269213762798
810.73671538193,-101.93542480524141
811.1622564935747,-104.92314394036366
811.5877635025502,-105.25945051024911
812.0132363945063,-105.55274461338549
812.4386751550929,-106.37396100722525
812.8640797699601,-103.39996480974068
813.2894502247575,-105.99659944336932
813.7147865051354,-105.88123821813879
814.1400885967435,-105.37481600395138
814.5653564852316,-106.22927459493482
814.9905901562499,-106.05330054572877
815.4157895954482,-104.96029671920752
815.8409547884767,-106.89210941232622
816.2660857209846,-104.52426277883002
816.6911823786224,-104.4538804633138
817.11624474704,-106.18430729891432
817.5412728118872,-107.39461688564003
817.9662665588138,-104.06280936905294
818.3912259734698,-105.07761183336048
818.8161510415052,-106.30748946007992
819.2410417485701,-106.46390707497387
819.6658980803139,-106.413069444928
820.0907200223869,-104.01979403858395
820.515507560439,-105.49213410658653
820.9402606801201,-104.74326293876604
821.36497936708,-104.99744681096186
821.7896636069687,-103.0147659828683
822.2143133854361,-105.98681981111153
822.6389286881323,-105.3846004015801
823.0635095007069,-104.48516511683692
823.48805580881,-101.49938198238864
823.9125675980915,-104.75302739496487
824.3370448542013,-103.26309398259878
824.7614875627894,-98.56242432817872
825.1858957095056,-104.92119038198376
825.6102692799999,-104.6767745864103
826.0346082599224,-106.36027543824716
826.4589126349225,-104.62594969906431
826.8831823906506,-104.47148291659813
827.3074175127564,-106.63988292725487
827.73161798689,-105.74827917818841
828.1557837987011,-104.41672908384912
828.5799149338397,-102.87398130913493
829.0040113779559,-104.39717482140837
829.4280731166994,-104.39521844821702
829.85210013572,-105.82257733029093
830.2760924206679,-105.50581502617926
830.700049957193,-104.41672328988327
831.1239727309451,-105.02677924084543
831.5478607275741,-105.60945281470508
831.97171393273,-105.06783842383764
832.3955323320628,-104.94660453714218
832.8193159112221,-104.13320603439031
833.2430646558582,-104.03153496985176
833.6667785516208,-104.14298919274479
834.09045758416,-105.98877723236423
834.5141017391255,-106.69267706854531
834.9377110021674,-103.66002193513685
835.3612853589353,-105.64855833301507
835.7848247950797,-105.70916860565805
836.20832929625,-104.39717447017202
836.6317988480963,-106.15106374840894
837.0552334362685,-105.65246769512292
837.4786330464167,-106.07088873700678
837.9019976641905,-106.11978353408846
838.3253272752399,-105.45303197922411
838.7486218652151,-105.70525773334079
839.1718814197658,-105.79129315119427
839.5951059245418,-100.70747144265658
840.0182953651932,-102.29716083186774
840.44144972737,-104.8781693496368
840.864568996722,-105.12844986607463
841.2876531588989,-105.55861484846717
841.710702199551,-104.89381346086842
842.133716104328,-105.42956682243424
842.5566948588801,-104.78627643015051
842.9796384488568,-105.34157867322098
843.402546859908,-104.59856795836482
843.8254200776842,-106.10218990804591
844.248258087835,-105.50386898418833
844.6710608760101,-103.196610049101
845.0938284278595,-102.93460152259065
845.5165607290334,-103.7753880783736
845.9392577651814,-102.1035880682356
846.3619195219537,-104.38543848550212
846.7845459849999,-100.6957323993138
847.2071371399703,-104.95052121783581
847.6296929725146,-104.67091811499773
848.0522134682826,-103.5251107828745
848.4746986129244,-105.98486581743451
848.89714839209,-103.20248038635444
849.3195627914291,-106.03374762880847
849.7419417965918,-106.48345817941275
850.1642853932278,-105.14996209067834
850.5865935669872,-105.68962061412641
851.0088663035201,-103.39605459064163
851.4311035884759,-104.2798528668076
851.8533054075049,-105.37481513586813
852.2754717462569,-105.36699988422161
852.6976025903821,-105.8558235533083
853.1196979255301,-103.4429761712466
853.5417577373507,-103.95527575248592
853.9637820114941,-103.00889631790828
854.3857707336102,-105.03263866119578
854.8077238893488,-103.16141313302784
855.2296414643599,-107.67225519858822
855.6515234442934,-105.08152298524948
856.0733698147993,-106.21362750463581
856.4951805615274,-104.18013488505007
856.9169556701277,-104.10191969143106
857.3386951262501,-105.64856430234939
857.7603989155443,-104.22510638418437
858.1820670236606,-104.13125321345875
858.6036994362487,-106.7493662097469
859.0252961389584,-105.51169254064514
859.44685711744,-103.38628159017404
859.8683823573431,-105.40805630273259
860.2898718443178,-104.4304122866065
860.7113255640138,-104.88794890161121
861.1327435020813,-105.32984558536414
861.55412564417,-102.98543531159268
861.97547197593,-104.83515355803098
862.396782483011,-104.58291903025571
862.818057151063,-107.38288296303062
863.239295965736,-105.5683892857605
863.6604989126799,-103.54270236644874
864.0816659775447,-105.36307934133313
864.5027971459801,-105.23990398659751
864.9238924036362,-105.08935119638456
865.3449517361629,-104.61225877847245
865.76597512921,-102.66085151297966
866.1869625684276,-106.15888193498627
866.6079140394653,-104.47734307010828
867.0288295279734,-100.82870571154682
867.4497090196018,-105.75804668344414
867.8705525,-104.83515897726961
868.2913599548183,-103.31979611419004
868.7121313697065,-102.45358942107947
869.1328667303147,-106.88232744658742
869.5535660222924,-104.58683450280591
869.97422923129,-106.38178390301618
870.394856342957,-104.71783988558143
870.8154473429438,-105.88514711918417
871.2360022168999,-104.27790185263976
871.6565209504753,-106.81194842299884
872.07700352932,-102.77230477971456
872.4974499390839,-105.28487094218843
872.917860165417,-104.92705503031108
873.338234193969,-104.23682838753291
873.75857201039,-104.8273406698724
874.1788736003301,-104.91140330743404
874.5991389494386,-105.41392090968166
875.0193680433661,-104.868392434783
875.4395608677621,-103.83404660275991
875.8597174082769,-103.08711579607497
876.27983765056,-105.79129380408881
876.6999215802615,-103.49577578354284
877.1199691830312,-103.67566393489534
877.5399804445194,-105.08935230933436
877.9599553503757,-105.16364424727186
878.37989388625,-101.6792755785858
878.7997960377922,-104.68069157319701
879.2196617906526,-105.16560317834197
879.6394911304806,-107.2851150580205
880.0592840429265,-104.389349084695
880.47904051364,-106.57340445990621
880.8987605282712,-104.37370887492177
881.3184440724698,-102.81336594652167
881.7380911318858,-104.43823966892406
882.1577016921692,-105.08543787587425
882.57727573897,-105.95553580083993
882.9968132579379,-105.19883406494739
883.4163142347229,-106.21557946099173
883.8357786549751,-81.91902990069427
884.2552065043441,-103.76561481052588
884.67459776848,-104.74912147398881
885.0939524330327,-102.63933819507167
885.5132704836521,-103.75778799535021
885.9325519059884,-104.73152473105155
886.3517966856909,-104.06086324682246
886.77100480841,-102.92677613562766
887.1901762597955,-104.73152507231251
887.6093110254974,-103.67175182753469
888.0284090911654,-106.73373671580192
888.4474704424496,-95.64494337006855
888.8664950650001,-105.90274031042159
889.2854829444664,-102.77230802508552
889.7044340664986,-106.35050382298064
890.1233484167467,-102.88767327120689
890.5422259808606,-103.48404385467923
890.9610667444899,-103.54269997308221
891.379870693285,-104.80191537337717
891.7986378128957,-103.47818512624109
892.2173680889719,-105.29073448784962
892.6360615071633,-105.39828064394716
893.05471805312,-102.79967740248378
893.4733377124919,-104.49885167955294
893.891920470929,-103.38040681746318
894.310466314081,-102.70191610494821
894.7289752275981,-103.40192203217867
895.14744719713,-101.76531225239933
895.5658822083267,-103.89075140130723
895.9842802468382,-103.52902139707717
896.4026412983142,-105.30442248736091
896.8209653484048,-103.55442958225966
897.2392523827601,-105.35135508432468
897.6575023870295,-105.51559996850251
898.0757153468634,-105.03264217601725
898.4938912479114,-104.62202562326912
898.9120300758237,-103.12231255856132
899.33013181625,-105.56839504110256
899.7481964548402,-98.9163558897985
900.1662239772445,-104.91531780557949
900.5842143691126,-105.0013612760231
901.0021676160945,-103.9259416353707
901.42008370384,-102.46727800286247
901.8379626179991,-104.35414779732548
902.2558043442217,-104.97592954316764
902.6736088681579,-105.22230733204948
903.0913761754573,-104.62985091154995
903.5091062517699,-102.86420502517394
903.9267990827459,-104.85666811971461
904.344454654035,-105.08348896307305
904.7620729512871,-103.85750285475211
905.1796539601521,-106.29576056228267
905.5971976662801,-104.07650808433964
906.0147040553207,-104.78431473734234
906.4321731129241,-103.1242594220863
906.8496048247403,-103.60528463749287
907.266999176419,-106.0845929440315
907.68435615361,-102.01559498811362
908.1016757419635,-106.82563329908753
908.5189579271292,-107.28121034772643
908.9362026947574,-105.49800118838668
909.3534100304977,-103.05192219276095
909.7705799199999,-103.83404582415358
910.1877123489144,-102.5161532312363
910.6048073028907,-105.65442798203206
911.0218647675786,-104.16840078866052
911.4388847286284,-105.34353324463166
911.8558671716901,-105.73067518157026
912.2728120824131,-104.46756461393718
912.6897194464477,-105.2477274113965
913.1065892494438,-103.81840557878292
913.5234214770513,-105.05610586615833
913.9402161149201,-104.56142404703053
914.3569731486998,-105.51364453842517
914.773692564041,-104.81365731633727
915.190374346593,-104.25442734836805
915.6070184820061,-104.52231768349343
916.0236249559299,-103.48404603586808
916.4401937540147,-103.79494656833532
916.8567248619102,-104.35023444684424
917.2732182652663,-103.2220329224505
917.6896739497329,-100.20494361593103
918.1060919009599,-104.65918829721515
918.5224721045976,-104.10386950708502
918.9388145462954,-104.50472042286245
919.3551192117034,-103.78516556596463
919.7713860864716,-103.7108634343573
920.1876151562501,-104.98767188633323
920.6038064066884,-103.91616969278117
921.0199598234366,-105.1245465151347
921.4360753921446,-102.40079942143349
921.8521530984625,-103.25331580830678
922.26819292804,-104.62594133727016
922.684194866527,-104.25052758000373
923.1001588995737,-105.61336293784181
923.5160850128299,-105.87341399204746
923.9319731919453,-106.41503043008022
924.34782342257,-102.98738797565427
924.7636356903539,-105.5390613755472
925.179409980947,-102.54548532871
925.5951462799991,-103.64243150003395
926.01084457316,-104.56923735571888
926.42650484608,-104.22119879716617
926.8421270844087,-104.13320337667125
927.2577112737962,-102.88766946545363
927.6732573998922,-103.78125116654523
928.0887654483469,-104.15862479017042
928.50423540481,-102.91504554098277
928.9196672549315,-105.43934047964382
929.3350609843613,-102.98543297686348
929.7504165787493,-106.19799107088484
930.1657340237457,-102.89354156697853
930.581013305,-104.05499689235756
930.9962544081623,-102.93850592344711
931.4114573188825,-105.73068441683351
931.8266220228106,-106.39546857437028
932.2417485055965,-103.07929148934879
932.65683675289,-105.06979156928094
933.0718867503412,-105.91838741734817
933.4868984835998,-102.9189632308649
933.9018719383158,-102.98934642226453
934.3168071001393,-105.4686651112355
934.7317039547199,-104.81951839544598
935.1465624877079,-104.6200733961927
935.561382684753,-104.65918485533977
935.976164531505,-104.48320998871537
936.390908013614,-103.98069432910656
936.80561311673,-105.08934380367477
937.2202798265026,-104.46365790831598
937.6349081285822,-102.46140468821993
938.0494980086183,-103.27677978155818
938.464049452261,-105.34940458311502
938.87856244516,-104.36393161057322
939.2930369729655,-103.69718019038558
939.7074730213274,-102.31671780484304
940.1218705758954,-103.68544324081584
940.5362296223196,-104.3600187284702
940.95055014625,-102.7508022378346
941.3648321333363,-103.7792946779075
941.7790755692286,-103.74214795120153
942.1932804395767,-104.39521473593283
942.6074467300305,-103.96700834014744
943.02157442624,-102.61392733053505
943.4356635138552,-102.56699726871081
943.8497139785258,-102.38906677195924
944.2637258059018,-101.76530722450693
944.6776989816334,-105.92816852078812
945.09163349137,-104.57900896468013
945.5055293207619,-100.89518200879859
945.919386455459,-102.6999620039318
946.3332048811111,-103.01671929280762
946.7469845833681,-105.43543352587483
947.1607255478799,-106.21363200280432
947.5744277602967,-104.89382357333423
947.9880912062682,-104.88013215083366
948.4017158714443,-102.40862032034379
948.8153017414749,-104.37566370383922
949.2288488020099,-103.25331674728193
949.6423570386996,-105.00917479577622
950.0558264371933,-103.9572377247298
950.4692569831413,-105.34549566015343
950.8826486621937,-101.84157267544018
951.2960014600001,-104.86839115055943
951.7093153622103,-104.74717427173587
952.1225903544746,-99.66721413504594
952.5358264224426,-103.98851468083225
952.9490235517645,-101.50916014412711
953.3621817280899,-101.36251175836642
953.7753009370691,-103.38237108947064
954.1883811643518,-103.64242595278952
954.6014223955879,-101.6245149821532
955.0144246164273,-104.05694874633518
955.42738781252,-105.2770585932328
955.8403119695158,-105.04241956506672
956.2531970730649,-104.36002140347746
956.666043108817,-102.24631708612678
957.078850062422,-104.07845873637737
957.49161791953,-102.45358569398041
957.9043466657907,-103.77343033374135
958.3170362868542,-103.7695252629187
958.7296867683702,-104.9427010475705
959.1422980959888,-104.21728654043699
959.55487025536,-102.2482836342132
959.9674032321335,-105.18711591143449
960.3798970119593,-104.7667204299326
960.7923515804873,-104.03348794578818
961.2047669233677,-105.24186015392786
961.61714302625,-105.4667180750137
962.0294798747842,-106.11000162811595
962.4417774546205,-104.41085423634937
962.8540357514087,-106.1530204392233
963.2662547507985,-104.03544296205735
963.67843443844,-104.17231266713598
964.0905747999832,-106.11391642710457
964.5026758210778,-102.93850529427662
964.9147374873738,-102.15442308364682
965.3267597845213,-103.9572282613745
965.73874269817,-103.38823576966949
966.15068621397,-102.46922999893403
966.5625903175709,-103.06560748784254
966.9744549946231,-106.83150482810247
967.3862802307762,-104.841025673604
967.79806601168,-103.96504050874618
968.2098123229847,-106.16084273911055
968.6215191503401,-102.61782812761251
969.0331864793962,-103.93963200121091
969.444814295803,-102.93655064770782
969.85640258521,-105.78347610926377
970.2679513332674,-105.37676831347339
970.6794605256254,-105.81867194409679
971.0909301479335,-104.17231759248409
971.5023601858417,-105.67788852306806
971.9137506249999,-102.49465782969516
972.3251014510585,-104.6474477228694
972.7364126496666,-103.5935345681652
973.1476842064747,-103.61309741094897
973.5589161071325,-104.0432551530539
973.9701083372901,-102.99521815767076
974.3812608825972,-102.63151592730225
974.7923737287038,-103.49968370363766
975.2034468612597,-104.52621877845986
975.6144802659153,-101.83764664079119
976.02547392832,-103.04799850967781
976.436427834124,-104.06085226824507
976.8473419689769,-105.05805785825538
977.2582163185291,-102.63347868719694
977.6690508684301,-102.93459725563979
978.07984560433,-103.96895698552427
978.4906005118787,-105.58207747835267
978.9013155767261,-106.16670425910766
979.3119907845222,-105.49017871136348
979.7226261209169,-105.43543673500196
980.13322157156,-104.16841120791344
980.5437771221016,-104.9309713954109
980.9542927581913,-104.57119407838083
981.3647684654794,-103.64828700113773
981.7752042296156,-105.28292345072089
982.18560003625,-104.51645427233268
982.5959558710323,-102.5669954103714
983.0062717196125,-104.53404026515659
983.4165475676406,-103.93181086407131
983.8267834007665,-102.60610319584254
984.23697920464,-104.11561233505985
984.6471349649111,-104.79410053324648
985.0572506672297,-102.11531746868177
985.4673262972459,-103.2963361568582
985.8773618406093,-103.9728752228713
986.2873572829699,-104.51449028413427
986.6973126099779,-105.04437620666327
987.107227807283,-104.80192052668694
987.5171028605351,-100.42589792781116
987.9269377553841,-104.82733378935686
988.33673247748,-104.10583311327754
988.7464870124728,-104.23488124444593
989.1562013460122,-104.48907069913808
989.5658754637483,-104.58488842588059
989.975509351331,-103.01672764735113
990.38510299441,-104.25833950822583
990.7946563786356,-103.1007922995247
991.2041694896573,-105.48236387330358
991.6136423131255,-101.42508504086199
992.0230748346899,-104.14493918572201
992.43246704,-103.79102374128006
992.8418189147064,-101.35273587761922
993.2511304444588,-101.95889837384367
993.6604016149066,-103.79884115916263
994.0696324117006,-102.917009545796
994.47882282049,-103.80667169401002
994.8879728269252,-105.90665738698483
995.2970824166558,-103.33738826978751
995.7061515753319,-103.95135572744398
996.1151802886034,-103.1457657688502
996.5241685421202,-104.26225868930271
996.933116321532,-104.18990727554309
997.342023612489,-105.37677184681779
997.750890400641,-104.00023716956211
998.1597166716381,-103.43515695305292
998.5685024111301,-106.07089431783398
998.9772476047667,-104.88795339664053
999.3859522381982,-105.11085331332653
999.7946162970744,-103.44493532775576
1000.2032397670449,-104.66113885372718
1000.6118226337601,-103.10666324203632
1001.0203648828694,-103.35695137743716
1001.4288665000234,-103.9787388318173
1001.8373274708716,-103.8848817335832
1002.2457477810636,-102.25023444787861
1002.65412741625,-106.0572081999374
1003.0624663620805,-102.68822479113402
1003.4707646042046,-104.1996930449129
1003.8790221282727,-101.73402881572694
1004.2872389199345,-105.13431818381686
1004.69541496484,-103.91812130412418
1005.1035502486392,-104.90554598307749
1005.5116447569817,-104.71979194747931
1005.9196984755179,-102.03905921557366
1006.3277113898973,-103.25722376843292
1006.73568348577,-104.34633583794057
1007.1436147487859,-105.20862061098074
1007.5515051645949,-102.22481698083571
1007.9593547188471,-104.84689327283868
1008.3671633971921,-102.40470407405274
1008.77493118528,-104.22706668810908
1009.1826580687607,-102.6667134441945
1009.5903440332843,-102.20134573787419
1009.9979890645003,-101.70860338879088
1010.4055931480591,-102.879853505474
1010.81315626961,-103.50359002972438
1011.2206784148036,-104.25443504590362
1011.6281595692894,-98.94763714122453
1012.0355997187174,-104.94465972177726
1012.4429988487376,-102.88376017633031
1012.8503569450002,-105.06784472889261
1013.2576739931542,-105.02285465141738
1013.6649499788506,-101.58737597899542
1014.0721848877387,-104.77844994722187
1014.4793787054684,-101.46027997473495
1014.8865314176902,-103.0988389749718
1015.2936430100531,-105.14410136151534
1015.7007134682077,-100.65467565764389
1016.1077427778039,-104.40303535919254
1016.5147309244912,-103.71085413695918
1016.9216778939201,-102.89353975996411
1017.32858367174,-105.37677304897211
1017.735448243601,-105.15778065879573
1018.1422715951531,-102.61196667073483
1018.5490537120461,-104.49102346398494
1018.9557945799301,-105.71308759477648
1019.3624941844547,-99.21552902785118
1019.7691525112702,-102.71168236835842
1020.1757695460262,-98.69733534830941
1020.582345274373,-103.33543989676427
1020.98887968196,-102.61001396315076
1021.3953727544376,-104.08823398984329
1021.8018244774553,-103.4234333522341
1022.2082348366635,-102.66671399284556
1022.6146038177118,-101.59519252334795
1023.02093140625,-102.24241820409824
1023.4272175879283,-103.4156113116696
1023.8334623483967,-103.27873659366438
1024.2396656733047,-104.59857511888414
1024.6458275483026,-103.39214300596394
1025.0519479590398,-103.64828998568932
1025.458026891167,-103.4136477471673
1025.864064330334,-104.58487772272714
1026.2700602621896,-102.50443026301342
1026.6760146723855,-104.04717966943689
1027.0819275465701,-104.32873998807138
1027.4877988703938,-105.34548630833662
1027.893628629507,-104.64745373478063
1028.299416809559,-103.68153568207222
1028.7051633962,-103.85360606694033
1029.11086837508,-104.631811237859
1029.5165317318485,-102.25218973765125
1029.9221534521564,-89.39328704384855
1030.3277335216524,-104.37174327178062
1030.733271925987,-103.94940631031082
1031.13876865081,-102.51419840617595
1031.5442236817717,-103.96114215345752
1031.9496370045213,-103.54465903158592
1032.3550086047094,-103.49773528613827
1032.7603384679855,-105.68962447849053
1033.16562658,-101.03205787251147
1033.5708729264024,-101.51502554271347
1033.9760774928425,-103.55834826339553
1034.3812402649708,-102.48683746510343
1034.7863612284364,-100.80914768859637
1035.1914403688902,-102.74102825464196
1035.5964776719813,-104.26030349441838
1036.0014731233596,-104.32482813266559
1036.4064267086758,-101.20999821476703
1036.8113384135795,-103.30610169943118
1037.21620822372,-102.0234176054592
1037.6210361247481,-104.91142090297649
1038.025822102313,-104.28768211180945
1038.4305661420651,-105.64465006108438
1038.835268229654,-102.66281657623173
1039.23992835073,-102.70778764087216
1039.6445464909427,-103.85164366203966
1040.0491226359422,-101.66168093835338
1040.4536567713783,-106.63597370167699
1040.858148882901,-102.25219241956516
1041.2625989561602,-103.23767530679471
1041.6670069768056,-101.35468900272103
1042.0713729304875,-102.61392177436713
1042.4756968028553,-103.37258976046361
1042.8799785795597,-101.2236900795252
1043.2842182462502,-104.56728347683526
1043.688415788576,-103.871200722081
1044.0925711921886,-101.27451293012699
1044.496684442737,-105.91643039685859
1044.9007555258704,-104.5633757818187
1045.30478442724,-103.35694748048465
1045.708771132495,-103.10666602265478
1046.1127156272858,-102.88376070670338
1046.516617897262,-104.95052076975169
1046.9204779280733,-101.6049743743319
1047.32429570537,-101.64408185949677
1047.7280712148022,-101.41725567285314
1048.1318044420188,-105.05023515860874
1048.5354953726712,-103.92789840538259
1048.939143992408,-102.74689197974892
1049.3427502868801,-103.41169291791527
1049.7463142417369,-104.55555025594754
1050.1498358426281,-104.21532643465447
1050.5533150752044,-102.72343176868546
1050.956751925115,-103.58376634959727
1051.36014637801,-103.67370885892016
1051.7634984195395,-102.08207442992332
1052.1668080353531,-102.04883788089177
1052.5700752111015,-103.92203348997003
1052.9732999324337,-102.74493159726265
1053.376482185,-101.05161121869966
1053.7796219544505,-103.52314601307984
1054.1827192264348,-103.87315294218517
1054.5857739866026,-103.22790388514834
1054.9887862206047,-102.6021879038642
1055.39175591409,-101.7750871551778
1055.7946830527092,-103.27092055916313
1056.1975676221118,-105.9047054265398
1056.600409607948,-101.67927344670395
1057.0032089958675,-100.73875660954316
1057.4059657715202,-103.32175620705934
1057.808679920556,-102.08207287585917
1058.211351428625,-103.62482392382067
1058.6139802813768,-102.91700688795082
1059.0165664644621,-102.49269546725611
1059.4191099635302,-101.73598439349928
1059.8216107642306,-102.03710289284379
1060.2240688522143,-102.09576465417324
1060.6264842131304,-104.60052473856962
1061.028856832629,-102.2248216469411
1061.43118669636,-102.45163808539803
1061.8334737899734,-104.16644860991309
1062.2357180991196,-105.13627155772357
1062.6379196094474,-103.21616170343562
1063.0400783066077,-102.58459922196342
1063.44219417625,-103.97678478813285
1063.8442672040246,-106.8412708062038
1064.2462973755805,-103.94743933940694
1064.648284676569,-101.22172649671072
1065.0502290926383,-103.39214589142692
1065.45213060944,-104.17426948578662
1065.8539892126232,-104.02175450547693
1066.2558048878377,-102.09380211963686
1066.657577620734,-101.25496213658472
1067.0593073969615,-101.99408306321985
1067.46099420217,-106.01028832207044
1067.86263802201,-101.32536367118563
1068.264238842131,-104.02174792746342
1068.6657966481832,-103.28460598457391
1069.0673114258161,-102.91308228659236
1069.46878316068,-102.52593457503228
1069.870211838425,-105.03459850062801
1070.2715974447003,-104.31700548960946
1070.672939965156,-102.74688845172669
1071.074239385443,-103.38823668639765
1071.4754956912102,-104.4519171618453
1071.8767088681075,-104.41477367597692
1072.2778789017855,-103.04801112525502
1072.6790057778933,-106.00833352031206
1073.0800894820818,-103.57985006428096
1073.4811300000001,-103.29829321869465
1073.8821273172982,-104.38739770879536
1074.2830814196266,-104.76672569719807
1074.683992292635,-104.79213594786214
1075.0848599219723,-103.21615971808241
1075.4856842932902,-105.19493011781098
1075.8864653922371,-102.53180380250558
1076.2872032044638,-101.57564353494715
1076.68789771562,-103.7225911594788
1077.0885489113552,-104.24856047990355
1077.48915677732,-103.67370969345896
1077.889721299164,-105.20079525502223
1078.290242462537,-104.8195216826627
1078.690720253089,-102.66475993201865
1079.09115465647,-100.66836154412509
1079.49154565833,-104.38739459319436
1079.8918932443187,-101.46222907792816
1080.2921974000863,-104.20946678459111
1080.6924581112823,-104.1957810251172
1081.092675363557,-101.6382127318268
1081.4928491425599,-103.1672878862944
1081.8929794339415,-103.51338368457903
1082.2930662233514,-101.83961395686946
1082.6931094964393,-103.73236558821684
1083.0931092388557,-105.51559893425333
1083.49306543625,-101.07702407564179
1083.8929780742724,-103.19661498411554
1084.2928471385728,-104.19968246174336
1084.6926726148006,-103.69326689222504
1085.0924544886066,-103.46644859821672
1085.4921927456398,-103.01085816251425
1085.891887371551,-103.80862543303138
1086.2915383519899,-105.26727213826163
1086.691145672606,-104.98376220678188
1087.0907093190492,-102.57286244354304
1087.49022927697,-102.58459571672822
1087.889705532018,-103.77343023656485
1088.2891380698431,-102.32257499926837
1088.688526876095,-104.54382975049154
1089.087871936424,-103.8594614877783
1089.4871732364802,-102.90331736183794
1089.8864307619128,-102.95024458646735
1090.2856444983722,-102.79967227735102
1090.6848144315084,-101.56000942195317
1091.0839405469708,-103.38823746265653
1091.48302283041,-101.23151059110103
1091.8820612674756,-100.87367509515346
1092.2810558438173,-101.20411386095999
1092.6800065450857,-101.33905134601382
1093.0789133569297,-102.83683778551453
1093.477776265,-100.72701680130497
1093.8765952549466,-101.55804560238096
1094.2753703124185,-103.04606249220019
1094.6741014230668,-99.61442165141986
1095.0727885725405,-101.33513565149157
1095.47143174649,-102.41838244470945
1095.8700309305652,-103.73431534302576
1096.2685861104158,-99.87057707606829
1096.6670972716918,-101.902186989351
1097.0655644000435,-101.34295693036066
1097.46398748112,-101.37228482279299
1097.862366500572,-100.33399232597614
