# Wavelength [nm],zero_counts_50avgs_60.0ms
204.6342027473783,-200.88846523470303
205.09290097994656,-119.54450382750667
205.55158468335466,-132.5841209959023
206.01025384325246,-66.92279622441016
206.46890844529,-57.47554567934312
206.9275484751171,-52.076825927422185
207.38617391838378,-55.12834895832765
207.84478476073983,-50.35543098952427
208.30338098783528,-57.5147321064904
208.76196258532,-57.45593198530074
209.22052953884392,-64.18449444796461
209.67908183405694,-61.778686701451534
210.13761945660903,-62.893567154094036
210.59614239215006,-54.85446257018323
211.05465062633,-56.47798268503766
211.5131441447987,-60.135684897369664
211.97162293320616,-55.617255934182275
212.43008697720222,-56.16501666798556
212.88853626243687,-53.21133878504919
213.34697077456,-54.99141199049911
213.80539049922152,-56.81045390281722
214.26379542207135,-56.94743221717619
214.72218552875944,-57.49505996107626
215.18056080493565,-57.63199858663564
215.63892123624998,-63.8128538016532
216.0972668083523,-51.68557554199889
216.55559750689255,-64.0475685303381
217.01391331752063,-52.820137965996395
217.47221422588646,-45.758472269679736
217.93050021764,-60.25309607049333
218.3887712784311,-49.26003240397867
218.84702739390977,-54.91316035320343
219.3052685497258,-62.75667144744011
219.7634947315293,-56.84960831680669
220.22170592496997,-58.23839071884273
220.67990211569793,-63.30433050491114
221.13808328936295,-60.93762710363534
221.59624943161504,-61.270179805753116
222.0544005281041,-61.42661541489003
222.51253656448003,-61.99387792520932
222.97065752639273,-61.974312132205114
223.42876339949214,-57.55379517122443
223.88685416942823,-56.556155112171865
224.34492982185088,-58.80563441881281
224.80299034241003,-54.58059518491667
225.26103571675552,-60.52690458561422
225.71906593053734,-27.310270156222085
226.17708096940547,-55.71513820376012
226.6350808190097,-48.10586886733232
227.093065465,-62.639329783605035
227.55103489302633,-54.756640237663404
228.00898908873856,-63.89114061186887
228.46692803778666,-54.87402998059711
228.92485172582047,-50.472826770994835
229.38276013849,-50.68801191188846
229.8406532614451,-31.61433377298024
230.29853108033578,-61.13328255136949
230.75639358081185,-59.19683747230633
231.21424074852328,-61.79827398797328
231.67207256912,-56.2823445982373
232.1298890282519,-49.749037689118865
232.58769011156895,-63.8911016043157
233.04547580472104,-58.3948744371256
233.5032460933581,-54.9326633903836
233.96100096312998,-61.75913836579252
234.41874039968673,-56.79090822471122
234.87646438867816,-57.103914896203854
235.33417291575424,-50.68801380729954
235.79186596656487,-58.96211379665987
236.24954352676,-54.79581952277026
236.7072055819895,-54.306755988818594
237.16485211790337,-56.380203302712786
237.62248312015146,-56.71271348372497
238.08009857438367,-53.77862089125713
238.53769846625,-53.71999841706296
238.9952827814003,-57.35816790221985
239.45285150548455,-53.9351478214848
239.91040462415262,-54.38502821161566
240.36794212305446,-55.44130602775498
240.82546398783998,-51.74432152224127
241.28297020415908,-61.1332162698745
241.74046075766174,-62.93272389416421
242.19793563399782,-62.87406735099148
242.65539481881726,-59.58799702965141
243.11283829777,-42.58942925039273
243.57026605650591,-59.02077177504458
244.02767808067495,-55.03050412298921
244.48507435592703,-56.59536139327488
244.9424548679121,-51.95947199171017
245.39981960228,-54.54145733705059
245.85716854468072,-56.06721191911229
246.31450168076415,-49.53388434246236
246.77181899618026,-46.658287901321046
247.22912047657888,-44.76076070416714
247.68640610761,-53.23089561561326
248.1436758749235,-56.65404972459481
248.60092976416936,-55.16744519571794
249.05816776099743,-64.22365358639752
249.5153898510577,-49.86642395974714
249.97259602,-64.14538516498811
250.42978625347433,-50.76625753014748
250.88696053713053,-61.09413012452832
251.34411885661865,-55.49995949535596
251.80126119758845,-48.868826869031764
252.25838754569,-58.746979775565606
252.71549788657313,-55.85203905933808
253.17259220588778,-51.97900937882084
253.62967048928382,-52.937488525519555
254.0867327224113,-55.245640365118824
254.54377889092,-50.922749117817546
255.00080898045994,-55.10875440723521
255.45782297668097,-62.75668710900831
255.91482086523303,-51.35305632080204
256.37180263176606,-59.54887261240761
256.82876826193,-57.45598018818382
257.2857177413747,-49.92511610696448
257.7426510557501,-52.93753863340369
258.19956819070626,-55.695579163298234
258.6564691318929,-51.86165439600784
259.11335386496006,-58.19926312702738
259.57022237555753,-58.47309806489153
260.02707464933536,-51.37261692950599
260.4839106719435,-58.64918188244084
260.94073042903176,-44.70216054530602
261.39753390625,-53.661197807028465
261.8543210892483,-55.832492285462685
262.3110919636766,-57.905875229226396
262.7678465151847,-55.51953932248892
263.2245847294225,-52.83972441241788
263.68130659203996,-55.24563030080655
264.1380120886871,-46.16926686160169
264.5947012050138,-55.10876832752507
265.05137392666984,-50.66842727482499
265.5080302393053,-56.34105792885484
265.96467012857,-54.05249232295062
266.4212935801139,-50.60975586968398
266.87790057958694,-55.89122045423899
267.3344911126391,-55.26523255483436
267.7910651649201,-50.68796913590465
268.24762272208005,-52.800557915182395
268.70416376976874,-50.76622561384942
269.16068829363616,-54.678422546822084
269.61719627933223,-61.700471996799436
270.0736877125069,-55.10877325030333
270.53016257880995,-55.852075843195756
270.9866208638915,-57.651601177702524
271.4430625534014,-50.5119503728869
271.89948763298946,-55.96939217395785
272.35589608830566,-50.746670734132664
272.812287905,-53.817772674367134
273.2686630687223,-56.125858933941885
273.7250215651226,-60.507338419509885
274.1813633798506,-49.3773869025551
274.6376884985565,-48.51666493496805
275.09399690688997,-55.59776898247491
275.5502885905011,-57.65158564766332
276.0065635350398,-48.047250119126694
276.4628217261559,-52.66368829852429
276.91906314949927,-53.4656677363503
277.37528779072,-59.05988407759329
277.8314956354679,-42.19814379604102
278.287686669393,-56.223690104692196
278.74386087814503,-56.380201926198424
279.2000182473741,-57.41686965154129
279.65615876273,-53.03529346668872
280.1122824098627,-56.10633984696704
280.5683891744221,-51.13791613911696
281.02447904205826,-53.79810358797381
281.4805519984209,-55.94983652537926
281.93660802916,-42.00254396085624
282.3926471199255,-58.27755416139027
282.8486692563674,-56.94740043021196
283.30467442413544,-57.12349439238063
283.76066260887967,-52.56583282498341
284.21663379624994,-60.50733161735477
284.67258797189635,-55.51948161128474
285.12852512146856,-54.913134181330214
285.58444523061667,-52.25285989324317
286.0403482849905,-52.99620464742972
286.49623427024,-58.55138438021696
286.9521031720151,-52.76145476812973
287.40795497596577,-58.688278435170275
287.86378966774186,-52.91792812217189
288.3196072329933,-55.61732687092924
288.77540765736995,-58.316665215529945
289.23119092652195,-53.17224868471766
289.68695702609904,-45.48460714906056
290.14270594175105,-54.01333897179496
290.5984376591281,-52.50718267103661
291.05415216387996,-60.09660895030723
291.50984944165674,-49.14264287117677
291.9655294781082,-54.54150052921714
292.4211922588842,-53.935110112896275
292.87683776963485,-53.583004743653355
293.33246599601006,-48.55583322966716
293.7880769236595,-50.35540800503527
294.2436705382333,-56.399719931239545
294.6992468253814,-60.7811446869481
295.15480577075374,-54.658849335157946
295.61034736,-54.99138265016378
296.06587157877027,-56.51705477695372
296.52137841271457,-57.3581994828405
296.97686784748265,-49.74905792550267
297.4323398687245,-54.54150873064828
297.88779446208997,-58.19930222220542
298.3432316132291,-55.969408523019545
298.7986513077918,-57.49511135478908
299.25405353142787,-55.05008760424815
299.70943826978726,-56.1846200442902
300.16480550852,-56.26281299892273
300.62015523327597,-56.575767433103664
301.07548742970494,-62.678450292255526
301.5308020834571,-51.25521517933215
301.98609918018207,-58.903435311484465
302.44137870553,-52.604972603431186
302.89664064515074,-45.52370131077565
303.3518849846942,-55.05003006047196
303.8071117098102,-50.257659712682916
304.26232080614886,-45.073803903179176
304.71751225936,-42.94154976977624
305.1726860550935,-31.36009344176257
305.62784217899934,-52.87883885994441
306.0829806167274,-53.93511033840391
306.53810135392763,-57.3190784699124
306.99320437625,-48.14501558543023
307.4482896693443,-46.83433065755221
307.9033572188606,-50.41411734034523
308.3584070104486,-60.37044267371289
308.81343902975846,-50.785776329263825
309.26845326244,-50.022864518392886
309.72344969414314,-49.612149608424595
310.17842831051775,-49.33822793863678
310.6333890972138,-51.02051297359354
311.08833203988127,-53.62219474506549
311.54325712417,-52.839735763838256
311.9981643357299,-46.1105711126589
312.45305366021097,-42.7458947009056
312.907925083263,-57.5733570883141
313.3627785905361,-57.61245906657345
313.81761416767995,-54.854463242387304
314.2724318003447,-57.96453886804374
314.7272314741802,-50.844477088843895
315.18201317483624,-62.189485904858195
315.63677688796287,-59.86189060420576
316.09152259921,-58.59045513040867
316.54625029422755,-48.907893600922606
317.00095995866536,-57.39733792250488
317.4556515781734,-53.68084400228407
317.9103251384017,-50.55106614418405
318.36498062500004,-53.289603064979566
318.8196180236183,-54.189403545010585
319.27423731990655,-57.29950975660426
319.7288384995146,-53.015772786649066
320.18342154809255,-56.614885296016126
320.63798645129,-56.22371206627763
321.0925331947571,-51.05967484610243
321.5470617641438,-52.683132906680136
322.0015721450999,-53.01573638334057
322.45606432327526,-55.20651443785494
322.91053828431995,-54.48278505439054
323.3649940138839,-58.14058391359743
323.81943149761696,-59.39242240953023
324.273850721169,-46.540959874054536
324.72825167019005,-57.61246595898826
325.18263433033,-54.77614978983769
325.63699868723876,-57.39730923683542
326.0913447265662,-52.878798950963755
326.5456724339622,-57.671159287510456
326.99998179507685,-55.67600647203679
327.45427279556003,-52.878783612850285
327.9085454210615,-57.57331191147533
328.36279965723134,-51.90079376773935
328.81703548971944,-55.24565449900536
329.2712529041757,-48.73180677222828
329.72545188624997,-61.95478978253587
330.1796324215923,-55.46082780585764
330.63379449585256,-54.228491766791784
331.0879380946807,-50.0228904695433
331.54206320372646,-50.57063117066572
331.99616980863993,-58.786088293113345
332.4502578950711,-46.73656226628516
332.90432744866973,-34.82285485906548
333.3583784550858,-57.397290177695616
333.8124108999692,-58.02317224902393
334.26642476896996,-54.15027265952331
334.72042004773795,-55.186980654273576
335.17439672192296,-57.37773636081726
335.628354777175,-59.64673734294007
336.0822941991441,-53.42648657401049
336.53621497348,-57.71024239272619
336.9901170858327,-55.363042711413975
337.44400052185216,-53.73953210710901
337.89786526718825,-58.76644292917305
338.3517113074909,-57.57335289251959
338.80553862841,-53.64171324348281
339.25934721559554,-57.14304931378614
339.7131370546974,-52.78098396405667
340.16690813136546,-54.4045417163753
340.62066043124963,-25.96025298101368
341.07439394,-53.60258466231748
341.52810864326636,-55.12830757385353
341.98180452669857,-53.11349958144195
342.43548157594665,-56.16495337720062
342.8891397766605,-55.87162463078525
343.34277911449,-42.45240689558614
343.7963995750851,-58.17967542034792
344.25000114409573,-52.917998887140065
344.70358380717187,-57.63200757002772
345.15714754996327,-54.248095434425984
345.61069235812,-55.16744665047664
346.0642182172919,-53.95469817758815
346.51772511312896,-54.36543239128365
346.9712130312811,-52.58544886901661
347.4246819573981,-54.85445586040707
347.87813187713,-61.1723958056607
348.3315627761267,-56.36060406573931
348.7849746400382,-50.94224536763103
349.2383674545142,-51.80291797402681
349.6917412052049,-54.28716913434212
350.14509587776,-57.27998490331599
350.5984314578296,-53.58302597892826
351.05174793106335,-59.1968351232912
351.50504528311143,-50.335874982102396
351.9583234996237,-58.68828946775508
352.41158256625005,-54.75665062478863
352.86482246864034,-53.680842809927164
353.3180431924445,-51.920364271407955
353.77124472331263,-48.438396540931315
354.2244270468945,-50.90310656552435
354.67759014884,-47.87116798451025
355.1307340147991,-59.04036338539874
355.5838586304218,-49.10355852051367
356.03696398135787,-55.969395793099075
356.4900500532573,-60.526899720154496
356.94311683176994,-50.04250057614324
357.3961643025459,-55.53905688398153
357.849192451235,-59.13815947104007
358.302201263487,-54.73705873062298
358.75519072495206,-58.06233806977943
359.20816082128,-54.15028242850674
359.6611115381208,-53.73945614548157
360.1140428611242,-55.87161610974934
360.56695477594025,-52.976643523720185
361.0198472682189,-58.00372121934209
361.47272032361,-50.101169762137815
361.9255739277635,-53.27005435165149
362.3784080663293,-41.70909492441919
362.83122272495746,-51.3726160133426
363.28401788929773,-51.17701493420412
363.73679354499995,-54.32634856967027
364.1895496777143,-57.29950937961426
364.6422862730906,-52.78099034345623
365.0950033167787,-54.87402660505007
365.54770079442847,-49.88595571508443
366.00037869169,-57.358230839120004
366.45303699421316,-59.92053857120222
366.9056756876478,-57.96452169747197
367.3582947576438,-43.23495743767448
367.8108941898513,-55.79337235543459
368.26347396992,-42.17864243362382
368.7160340834999,-58.35571232124932
369.16857451624094,-52.01814572543361
369.62109525379304,-56.28230801964506
370.0735962818061,-56.18458618725861
370.52607758593,-52.957097691753326
370.9785391518147,-55.597805502479694
371.43098096511017,-58.55140449602338
371.88340301146627,-54.60015004711928
372.3358052765329,-45.6802070107084
372.78818774596,-53.15269406093808
373.2405504053975,-50.570609755820115
373.6928932404954,-57.905850501127816
374.1452162369035,-52.4289405200214
374.59751938027165,-53.34825719007247
375.04980265625005,-58.51221153999799
375.50206605048834,-55.81288832111278
375.95430954863656,-53.73949605166241
376.40653313634465,-48.203701021160335
376.8587367992625,-37.77696446920265
377.31092052304,-52.03770318334545
377.7630842933271,-56.39975136253724
378.21522809577374,-53.446111490397435
378.6673519160298,-51.68558215909684
379.1194557397453,-51.45088053130485
379.57153955257,-50.70750198728112
380.0236033401539,-54.81533619023322
380.47564708814696,-55.793357086639716
380.9276707821991,-58.04275385903362
381.37967440796007,-57.08436665244999
381.83165795108,-59.940110293103324
382.2836213972087,-53.30917622006915
382.7355647319962,-56.26278611904132
383.18748794109223,-48.00803597553222
383.6393910101468,-60.58559755693488
384.09127392481,-58.17970009301379
384.54313667073154,-52.937499079857524
384.99497923356137,-54.834905004235495
385.44680159894943,-57.72986978256234
385.8986037525457,-49.553445121623135
386.35038568000004,-55.382609736072425
386.8021473669623,-50.78574621850077
387.2538887990825,-54.091597786199245
387.7056099620106,-49.80769798090217
388.1573108413965,-60.95723581428252
388.60899142288997,-57.690694297317506
389.0606516921411,-55.55864517599525
389.51229163479974,-53.367835747974596
389.96391123651586,-55.030447979910306
390.4155104829392,-57.16260828262397
390.86708935971996,-52.585375278023996
391.3186478525079,-48.84917343968802
391.77018594695295,-57.59295196117566
392.22170362870503,-53.54386037813148
392.67320088341404,-51.41170860189575
393.12467769673003,-54.61972282467964
393.5761340543027,-53.23089263465885
394.02756994178213,-52.91796788608761
394.4789853448183,-56.36057634810955
394.93038024906093,-49.06440964417875
395.38175464016,-54.03287691662085
395.8331085037655,-57.35816919088698
396.2844418255273,-53.211378902577614
396.7357545910955,-57.279971961188124
397.18704678611965,-49.2404618634694
397.63831839625,-54.01335531699841
398.0895694071363,-58.59044726081928
398.5407998044286,-54.58061812502332
398.99200957377667,-53.81773695748147
399.44319870083046,-58.316612529105825
399.89436717124,-56.73227451785157
400.3455149706552,-53.09399020593946
400.7966420847258,-46.89305428450011
401.2477484991018,-51.56822488218326
401.6988341994333,-46.521327997097295
402.14989917137,-58.649133651656655
402.6009434005619,-51.70517248050692
403.05196687265897,-48.43842639428535
403.502969573311,-51.56825404177734
403.9539514881681,-60.487803374466814
404.40491260288,-52.624566788864485
404.8558529030967,-60.68337538896471
405.30677237446815,-54.248053006093876
405.75767100264426,-50.101183368906185
406.2085487732749,-59.70542712688865
406.65940567201,-54.16988447450811
407.11024168449956,-56.79095274521131
407.56105679639336,-54.991359197093644
408.01185099334145,-48.457983554054415
408.46262426099366,-49.553415876098555
408.91337658500004,-59.235956284537934
409.36410795101034,-44.760818663135915
409.81481834467456,-42.25679688696021
410.26550775164264,-56.71273876280056
410.71617615756446,-54.44366633758763
411.16682354809,-50.375047236019164
411.6174499088691,-61.70048614719694
412.06805522555175,-55.558641151718454
412.51863948378787,-58.96209692244153
412.96920266922734,-57.7102714616419
413.41974476752,-56.65403585510575
413.8702657643159,-43.35232117701268
414.32076564526494,-57.27992953508402
414.77124439601704,-38.77465147776892
415.22170200222206,-53.70041385557438
415.67213844952994,-52.5658547245102
416.1225537235907,-51.900774306142324
416.5729478100542,-53.38741268660463
417.02332069457026,-59.314196534993606
417.4736723627889,-59.470691185720646
417.92400280036,-56.08674624113612
418.37431199293354,-53.09397020034922
418.82459992615935,-44.33043901684176
419.2748665856874,-56.165033130932436
419.7251119571677,-55.050066114837925
420.17533602625,-55.48033727449553
420.6255387785843,-49.55342661497378
421.0757201998205,-48.24281137266596
421.52588027560864,-54.22850252181706
421.9760189915985,-53.52435091734053
422.42613633344,-51.939908831796394
422.87623228678314,-53.70041480848001
423.3263068372778,-55.441207615856996
423.7763599705739,-51.41177022434222
424.22639167232126,-56.32144184166471
424.67640192817004,-52.99615079678587
425.12639072377,-57.808042114375596
425.576358044771,-46.81481780170109
426.0263038768231,-40.94616488322782
426.4762282055761,-56.673572548731144
426.92613101668,-59.1577129561537
427.37601229578473,-50.02295180231737
427.8258720285401,-57.39733109825985
428.2757102005963,-59.60756856327247
428.7255267976029,-52.33113656688673
429.17532180521005,-55.12831322186585
429.62509520906747,-54.95226736316746
430.0748469948254,-59.470688291477806
430.52457714813346,-53.15267811870336
430.9742856546417,-57.51468766260658
431.42397249999993,-60.33132690450779
431.87363766985834,-51.78341806257256
432.3232811498666,-53.40693753713456
432.77290292567466,-54.874013368290136
433.2225029829325,-59.31419121968341
433.67208130729,-51.9790455167511
434.12163788439716,-57.00613986106504
434.5711726999038,-55.010946149455236
435.0206857394598,-55.539076436605484
435.47017698871525,-53.81775587900058
435.91964643332005,-51.64651559510968
436.36909405892396,-59.60758385583411
436.8185198511769,-51.31394832303431
437.2679237957291,-56.223685050506255
437.7173058782301,-53.50481195496969
438.16666608433,-56.26279148535981
438.6160043996787,-54.795802468102295
439.06532080992616,-52.64412364339234
439.51461530072226,-54.58058694331875
439.9638878577169,-44.40864309344979
440.41313846655993,-42.7654393352021
440.86236711290155,-61.42661815506263
441.3115737823914,-52.85925375806469
441.7607584606794,-55.12833492311527
442.20992113341566,-57.14300196113055
442.65906178625,-47.0299898313259
443.10818040483235,-59.470681918486044
443.55727697481257,-53.01575629113735
444.00635148184057,-38.07039890124585
444.45540391156646,-58.74694856541239
444.90443424964,-50.88359624977398
445.3534424817111,-58.35576016087258
445.80242859342974,-57.24083667207273
446.25139257044583,-57.651608634367214
446.70033439840927,-62.15037332102663
447.14925406297,-55.94987713018132
447.59815154977787,-55.34346944725321
448.04702684448296,-53.6221422118776
448.4958799327351,-54.48279320092791
448.94471080018405,-52.937449101888035
449.39351943248,-58.375356379457834
449.8423058152727,-54.87404125977731
450.2910699342122,-54.34581800164924
450.73981177494824,-55.910702988005696
451.18853132313086,-62.776234869548155
451.63722856441007,-47.773339713529985
452.08590348443556,-45.817188122541125
452.53455606885734,-54.03293035409794
452.98318630332545,-50.864063922846555
453.4317941734897,-53.70038276521485
453.880379665,-63.57816425038462
454.3289427635063,-56.06719681973066
454.7774834546585,-55.24567759728974
455.2260017241067,-53.68083028298925
455.6744975575005,-53.270065125434705
456.12297094049,-44.839066874986855
456.57142185872516,-55.05004814060921
457.0198502978558,-43.156726837723426
457.4682562435318,-56.360610333102734
457.9166396814033,-58.66866754736357
458.36500059711994,-55.42172841534804
458.813338976332,-50.961828279051176
459.261654804689,-52.507166285270976
459.709948067841,-59.25549257928726
460.158218751438,-62.306848227110905
460.60646684113004,-52.78097904968286
461.0546923225667,-57.16255389970732
461.5028951813981,-52.741915294150985
461.9510754032742,-58.64916109570189
462.39923297384496,-54.463252783421176
462.84736787876,-53.563449802161884
463.2954801036695,-52.95708585657867
463.7435696342233,-57.514628278508305
464.1916364560715,-53.876381796563756
464.6396805548637,-59.099060983147766
465.08770191624996,-49.10353173787812
465.53570052588026,-58.82518875941011
465.9836763694046,-60.311764450730905
466.4316294324727,-47.36251059041732
466.87955970073443,-56.8887471164539
467.32746715984007,-47.47987736426725
467.7753517954391,-58.7273857208507
468.2232135931818,-53.1135418644616
468.67105253871784,-55.010944894356946
469.11886861769733,-58.394884772291114
469.56666181577003,-51.685569928996635
470.01443211858594,-47.7733748265434
470.46217951179494,-51.196632205740535
470.9099039810471,-53.935088020450166
471.3576055119921,-52.50716283622282
471.80528409028,-58.825168716312845
472.2529397015607,-58.45359420354658
472.7005723314842,-59.646733911570415
473.14818196570025,-54.26763622816891
473.59576858985884,-56.04759579198615
474.04333218961,-53.42649201303665
474.49087275060356,-59.627168327977294
474.9383902584894,-59.66623992850847
475.38588469891744,-38.4029642497716
475.8333560575377,-60.68335989561616
476.2808043200001,-57.22127619753732
476.72822947195436,-59.607576192103735
477.17563149905055,-54.913110561729226
477.6230103869386,-49.318715496770956
478.07036612126853,-58.94253877716726
478.51769868769003,-57.18213765778361
478.9650080718531,-56.30193117606371
479.4122942594077,-58.53180602401891
479.85955723600387,-55.226139434585846
480.3067969872913,-58.21879551000848
480.75401349892,-57.10391165339021
481.2012067565399,-57.92542308051053
481.648376745801,-51.82253068048292
482.09552345235306,-61.44613860232233
482.54264686184604,-51.86168205518123
482.98974695992996,-52.565858081619645
483.43682373225477,-52.702798013724326
483.8838771644702,-53.11350550795928
484.33090724222626,-42.68724287596579
484.7779139511728,-57.10391952369713
485.22489727696,-65.78837867318155
485.67185720523753,-53.289582131241275
486.1187937216554,-56.125913239289815
486.5657068118634,-60.742042541029285
487.0125964615117,-47.264787225949334
487.45946265625,-61.42664006014874
487.9063053817283,-61.44620728712254
488.3531246235965,-59.78361181836259
488.7999203675047,-52.46805427758045
489.2466925991025,-49.2013577201984
489.69344130403994,-45.91502169050434
490.14016646796705,-49.612167633089456
490.5868680765338,-50.53152859635942
491.0335461153898,-60.17482234764683
491.4802005701853,-50.08161066297303
491.92683142657,-53.133135615522114
492.37343867019393,-49.61210395980691
492.82002228670694,-59.21639668034625
493.266582261759,-58.27750214430147
493.713118581,-56.63447334519868
494.15963123008004,-57.71023892928928
494.6061201946487,-58.29707211510789
495.05258546035617,-56.04764213514777
495.4990270128523,-45.895467530331004
495.9454448377869,-29.83402412363495
496.39183892081,-52.62452715241907
496.8382092475715,-58.0623588025529
497.28455580372145,-54.189441353276436
497.73087857490947,-47.87115665929237
498.1771775467857,-56.301923475253
498.623452705,-62.93270742937636
499.0697040352024,-59.666267747373176
499.5159315230426,-60.4095392966686
499.9621351541706,-48.438398383944275
500.4083149142364,-58.277487791240716
500.85447078889007,-53.348259744406334
501.30060276378117,-59.509819055563796
501.7467108245597,-52.9766183310305
502.19279495687584,-53.5438661196546
502.63885514637934,-58.94256694796062
503.08489137872,-51.64648381559034
503.53090363954794,-52.42888081812197
503.9768919145129,-55.16745451366777
504.4228561892651,-56.55623277569419
504.8687964494541,-44.81952365469653
505.31471268073,-52.62455351331141
505.7606048687427,-60.2530951926129
506.2064729991422,-57.49507787325902
506.6523170575783,-52.0376825667122
507.09813702970087,-51.54869049002677
507.54393290115996,-57.29950048963883
507.98970465760556,-52.35066412370575
508.4354522846874,-60.33129090279751
508.88117576805547,-47.362553061450846
509.32687509335966,-52.11595633248308
509.7725502462501,-53.05487485985515
510.21820121237636,-54.99137666479408
510.66382797738856,-58.25792089928865
511.1094305269366,-56.59530954824826
511.5550088466705,-58.981687938957975
512.0005629222401,-56.20411671527665
512.4460927392951,-50.98138390419441
512.8915982834857,-57.279939582053366
513.3370795404619,-56.771399199496464
513.7825364958733,-65.2602882212726
514.22796913537,-50.55108295884427
514.6733774446019,-29.59923572135657
515.118761409219,-56.5170782821686
515.564121014871,-50.31638563665544
516.009456247208,-57.14300962445294
516.45476709188,-53.895950497317784
516.9000535345367,-50.531522385639946
517.3453155608282,-49.220908674356586
517.7905531564043,-59.37287436827606
518.2357663069148,-59.11854632937573
518.68095499801,-54.05246538754243
519.1261192153396,-53.36783739043097
519.5712589445534,-53.91552385500806
520.0163741713013,-53.50474766054581
520.4614648812337,-55.754229757832206
520.9065310599999,-54.67842118345266
521.3515726932503,-56.712661450989415
521.7965897666345,-55.12829195260094
522.2415822658027,-59.45111644203127
522.6865501764045,-47.812515966440095
523.13149348409,-58.90345964233552
523.5764121745092,-57.944988554400126
524.0213062333119,-48.12543521770586
524.4661756461479,-56.458433710833496
524.9110203986673,-40.92656113558537
525.3558404765201,-53.50474160731152
525.8006358653558,-44.975989359817056
526.2454065508249,-53.015709241564565
526.690152518577,-61.896073691870825
527.1348737542621,-60.21394140685976
527.57957024353,-59.23597891669127
528.0242419720307,-56.47797714724666
528.4688889254141,-60.64421002173917
528.9135110893303,-52.56585444590695
529.358108449429,-50.257641614122676
529.8026809913599,-52.859263415846186
530.2472287007735,-56.53664272801831
530.6917515633194,-57.80804619829776
531.1362495646474,-58.35570551882357
531.5807226904077,-52.37028954772008
532.02517092625,-58.649148083564214
532.4695942578244,-49.14259314706756
532.9139926707805,-57.47559088732172
533.3583661507687,-51.979014256161506
533.8027146834385,-47.32341807471753
534.24703825444,-50.76624913872814
534.6913368494231,-57.22125158941572
535.1356104540378,-49.768630222049005
535.5798590539338,-52.957072868291995
536.0240826347614,-44.936845244112334
536.46828118217,-59.979255857409896
536.9124546818099,-55.53909791601369
537.356603119331,-54.24805433270906
537.8007264803831,-52.448497231246556
538.2448247506161,-55.16742716668195
538.68889791568,-57.33868234692506
539.1329459612247,-57.182123734638154
539.5769688729001,-58.31665428923895
540.0209666363562,-59.705373603076325
540.4649392372428,-56.45844752388787
540.9088866612099,-48.770956523539446
541.3528088939075,-48.59493904591968
541.7967059209853,-59.470696517617725
542.2405777280934,-60.37042343485326
542.6844243008816,-47.18646399429371
543.128245625,-58.76644112050031
543.5720416860984,-53.44611339493595
544.0158124698265,-53.81772685227777
544.4595579618347,-61.66128589064035
544.9032781477725,-54.48276776367843
545.3469730132899,-53.27003024488535
545.790642544037,-46.24759017614533
546.2342867256638,-59.72495725235326
546.67790554382,-55.3239122087332
547.1214989841552,-30.73404762360084
547.56506703232,-54.698008262850955
548.008609673964,-49.63160215030635
548.4521268947369,-61.05502248154347
548.8956186802891,-51.177006017942084
549.33908501627,-52.35065556524084
549.7825258883299,-54.95221621191097
550.2259412821187,-55.265287326201694
550.6693311832862,-50.981424010157504
551.1126955774822,-49.964227988131015
551.556034450357,-52.89835262860155
551.99934778756,-55.65644838361408
552.4426355747415,-51.822575195789895
552.8858977975514,-62.365521846606754
553.3291344416394,-59.68585656609809
553.7723454926557,-55.53909372285638
554.21553093625,-48.321061612366094
554.6586907580722,-54.60011691673591
555.1018249437726,-56.65403136160078
555.5449334790007,-55.26524163527978
555.9880163494065,-51.548672443631716
556.43107354064,-47.98851164935184
556.8741050383512,-53.66125120128502
557.3171108281898,-56.63444500615494
557.7600908958058,-47.73426848446904
558.2030452268492,-44.95643422498897
558.64597380697,-55.4803476351516
559.0888766218179,-54.73708710454106
559.5317536570429,-56.86918691804498
559.974604898295,-59.02076765748571
560.4174303312241,-55.08919448478617
560.86022994148,-55.55861965454565
561.3030037147128,-51.04012991678507
561.7457516365721,-58.90347573162947
562.1884736927083,-46.40400054605414
562.6311698687709,-37.209617465562026
563.07384015041,-57.72980376543007
563.5164845232755,-42.80459042863469
563.9591029730174,-54.032893244096286
564.4016954852855,-42.29597568612348
564.8442620457297,-50.277190797495685
565.28680264,-44.85861970992678
565.7293172537464,-53.11351222746476
566.1718058726185,-49.631709304969654
566.6142684822667,-58.394872971628764
567.0567050683404,-48.9666196543869
567.49911561649,-54.40456412057383
567.9415001123651,-55.67600044993601
568.3838585416157,-48.18412770598607
568.8261908898918,-59.11857516900384
569.2684971428433,-49.2013337523211
569.71077728612,-59.8227705666072
570.153031305372,-64.16500003279509
570.5952591862489,-58.90346575690757
571.037460914401,-63.187002413255215
571.4796364754782,-52.09642556568999
571.92178585513,-57.377762737108434
572.3639090390067,-54.13068267443941
572.8060060127583,-57.377719951174726
573.2480767620343,-59.353325653078
573.6901212724848,-53.36788494298321
574.1321395297599,-60.97681098229275
574.5741315195095,-55.08921901835316
575.0160972273833,-57.7103056877774
575.4580366390314,-25.373336385316733
575.8999497401037,-60.683375350070484
576.34183651625,-55.265174076902284
576.7836969531204,-55.01091842656926
577.2255310363646,-53.759038782400495
577.6673387516327,-58.55136933470564
578.1091200845746,-62.58063932644111
578.5508750208401,-48.92749490081362
578.9926035460791,-53.36787118402737
579.4343056459417,-59.705322719165125
579.8759813060778,-58.94258794045415
580.3176305121373,-58.8448281180375
580.75925324977,-58.00366508477572
581.200849504626,-59.17729888440102
581.642419262355,-52.93750325093285
582.0839625086071,-57.04523061404721
582.525479229032,-49.70993128435874
582.9669694092801,-62.8349540226633
583.4084330350007,-57.72983296048269
583.8498700918442,-57.33858341371036
584.2912805654602,-61.583153392699245
584.732664441499,-60.898550726443844
585.17402170561,-53.270065016350394
585.6153523434435,-57.16261760118259
586.0566563406493,-45.99323309385018
586.4979336828775,-49.55347764562026
586.9391843557777,-54.502366653380584
587.380408345,-51.66602827728073
587.8216056361942,-56.771353751942236
588.2627762150107,-53.50474973340544
588.7039200670987,-53.91556616945743
589.1450371781085,-54.87405913777476
589.58612753369,-57.729775522395094
590.0271911194932,-57.10390520414112
590.4682279211678,-44.056537237732165
590.9092379243638,-55.51956557017765
591.3502211147312,-64.86905724838611
591.7911774779201,-59.54891563941115
592.23210699958,-55.715164712370644
592.673009665361,-55.617306116391454
593.113885460913,-56.5953602356474
593.5547343718861,-57.29951215815443
593.99555638393,-53.68083076623234
594.4363514826947,-58.70782979273913
594.87711965383,-60.40950771284965
595.3178608829862,-47.773339433102564
595.7585751558129,-47.773342154305894
596.19926245796,-56.12587129482201
596.6399227750775,-61.09416016069858
597.0805560928154,-52.878792314578135
597.5211623968235,-55.656419168954315
597.9617416727517,-53.46560759961443
598.40229390625,-58.6295885761386
598.8428190829684,-42.902393125983345
599.2833171885566,-51.45084200171657
599.7237882086647,-60.68339041702777
600.1642321289424,-41.572177539802894
600.60464893504,-58.68823925765047
601.0450386126072,-54.46323348655694
601.4854011472937,-54.83493905982154
601.9257365247498,-60.29215833276586
602.3660447306254,-60.44868120999702
602.80632575057,-58.101444554380514
603.246579570234,-48.7122941574701
603.686806175267,-56.94741569981365
604.1270055513191,-55.871628525401874
604.5671776840401,-51.25526405932087
605.00732255908,-57.788494645981615
605.4474401620887,-54.8349173396882
605.8875304787161,-56.321491497979736
606.3275934946123,-52.05726714939456
606.7676291954268,-59.17725182674865
607.2076375668099,-50.844447771657634
607.6476185944116,-49.690374686154335
608.0875722638814,-47.460367636796455
608.5274985608694,-57.27992486866489
608.9673974710257,-50.629324903303115
609.40726898,-52.4289560851672
609.8471130734424,-57.592925171794484
610.2869297370025,-55.617258154795906
610.7267189563307,-55.18701329418274
611.1664807170765,-57.08434308890929
611.60621500489,-62.26771705491476
612.0459218054211,-48.67320407183168
612.4856011043198,-50.844505401783834
612.9252528872358,-51.90075499613704
613.3648771398193,-46.01279765162408
613.80447384772,-56.88872015359724
614.244042996588,-55.42171749555479
614.6835845720731,-50.70761050524451
615.123098559825,-57.10394485820361
615.562584945494,-54.169878283703156
616.00204371473,-60.29221545654019
616.4414748531827,-60.09657717955649
616.8808783465022,-53.32872174806857
617.3202541803382,-51.216098988815695
617.7596023403408,-53.79822192914536
618.19892281216,-46.99082246276742
618.6382155814456,-50.74672584909192
619.0774806338472,-56.458367288695456
619.5167179550155,-57.847211244309136
619.9559275305998,-58.316624853154345
620.39510934625,-47.792904121046114
620.8342633876164,-56.712655341025346
621.2733896403486,-51.979038470030474
621.7124880900967,-52.44841981090319
622.1515587225105,-52.8788300069265
622.59060152324,-55.69556963321946
623.0296164779352,-53.56345520895291
623.4686035722458,-52.174666431360336
623.9075627918219,-48.105887340244124
624.3464941223133,-49.788176813530725
624.78539754937,-53.60249947587609
625.224273058642,-56.84959701595761
625.6631206357789,-53.602590423245466
626.101940266431,-54.69794745255493
626.5407319362481,-49.69034269881374
626.97949563088,-48.30150066940672
627.4182313359768,-51.450845618015876
627.8569390371881,-56.20416585153338
628.2956187201643,-44.54562079672879
628.7342703705549,-60.409579456374175
629.17289397401,-53.81774545882874
629.6114895161794,-60.800715393734315
630.0500569827134,-56.10633307665652
630.4885963592615,-60.331335238046165
630.9271076314736,-58.78609192810743
631.3655907849999,-55.03048414491034
631.8040458054903,-60.44861005755626
632.2424726785946,-56.69312873095067
632.6808713899626,-55.7151267553623
633.1192419252445,-56.71265284058096
633.55758427009,-52.91794562965405
633.995898410149,-53.99378669411451
634.4341843310717,-54.79579243504973
634.8724420185079,-50.94228882949774
635.3106714581073,-51.99861270600595
635.74887263552,-56.125896833831284
636.1870455363959,-37.54216792757031
636.6251901463851,-53.85688969631692
637.063306451137,-52.21376121750654
637.5013944363021,-46.50185073860076
637.93945408753,-56.49750792191295
638.3774853904708,-60.74205413670324
638.8154883307741,-59.94010464229379
639.2534628940903,-51.23571340077758
639.6914090660688,-51.27483586217073
640.1293268323601,-54.776193242816454
640.5672161786135,-59.11856478316494
641.0050770904794,-55.1674514764896
641.4429095536074,-61.93519130790694
641.8807135536476,-49.31873234828706
642.3184890762501,-62.09168685300877
642.7562361070643,-57.260402426974906
643.1939546317404,-47.26478897620581
643.6316446359288,-54.48282704063249
644.0693061052785,-50.15984194802744
644.50693902544,-38.168192809851
644.9445433820631,-62.67842776304182
645.3821191607977,-62.73714652858777
645.819666347294,-54.09160151728231
646.2571849272014,-62.07209184649343
646.69467488617,-59.02078184145514
647.13213620985,-58.00367514973631
647.5695688838911,-49.709940310807895
648.006972893943,-43.82182459470017
648.4443482256561,-61.64177889171182
648.8816948646801,-56.98656351957142
649.3190127966648,-55.969436041745894
649.7563020072602,-57.5537730800294
650.1935624821161,-59.529364022407705
650.6307942068829,-53.1526554015789
651.06799716721,-45.445464837741135
651.5051713487476,-60.58559455702724
651.9423167371453,-50.84448445247979
652.3794333180534,-48.164595445402746
652.8165210771217,-60.93768094876778
653.25358,-50.62925942082262
653.6906100723384,-52.663647902033745
654.1276112797866,-51.685623538807846
654.5645836079947,-58.903429027277646
655.0015270426125,-59.60759448109471
655.4384415692899,-60.60511500159516
655.8753271736772,-52.74192280783266
656.3121838414238,-55.20653375001942
656.7490115581799,-48.82967851209346
657.1858103095952,-58.37531096371589
657.62258008132,-60.487817841887015
658.059320859004,-56.94737563803047
658.4960326282969,-58.96209411011839
658.9327153748491,-49.41650916069824
659.36936908431,-60.56597558918381
659.8059937423301,-46.501819500192454
660.2425893345587,-47.22564142700776
660.6791558466462,-56.71269496926672
661.1156932642423,-61.79826973821073
661.552201572997,-38.07043983430006
661.98868075856,-53.70038471921271
662.4251308065815,-62.63932032367161
662.8615517027114,-58.41442442231691
663.2979434325994,-49.55346903473577
663.7343059818957,-57.319083320009334
664.17063933625,-57.41688978682253
664.6069434813124,-62.717539009807076
665.0432184027326,-56.20415257538172
665.4794640861606,-64.732123426728
665.9156805172466,-58.76650255612432
666.3518676816401,-55.0891536989545
666.7880255649911,-56.43881148487678
667.2241541529497,-54.287201164233245
667.6602534311659,-58.218842060045255
668.0963233852893,-53.05483798859138
668.53236400097,-66.60982502203025
668.968375263858,-52.42892859194691
669.404357159603,-41.86556077778408
669.840309673855,-53.3287517604817
670.2762327922641,-50.04245893414748
670.71212650048,-46.990802953249364
671.1479907841527,-60.95720107949831
671.5838256289322,-61.17233444389484
672.0196310204683,-58.49269031052144
672.4554069444108,-55.48041982127907
672.8911533864101,-50.17940589162836
673.3268703321156,-49.866427559576366
673.7625577671773,-59.764049090294364
674.1982156772455,-56.12586281341582
674.6338440479698,-58.90340913472708
675.069442865,-46.853916907539684
675.5050121139864,-59.8618639614522
675.9405517805785,-56.10634724239415
676.3760618504267,-67.86159546462989
676.8115423091805,-54.717581622324744
677.24699314249,-55.46081996820449
677.6824143360051,-51.56827157938314
678.1178058753758,-62.69799701007963
678.5531677462518,-58.27746442875026
678.9884999342834,-51.059644704014445
679.42380242512,-55.85200604392692
679.859075204412,-60.663794777488675
680.294318257809,-53.60254009251688
680.729531570961,-58.922987285818365
681.164715129518,-60.03791256460481
681.5998689191301,-64.53651247291748
682.0349929254468,-50.101158539768214
682.4700871341182,-53.93512256356153
682.9051515307942,-59.5293191476315
683.3401861011249,-60.76162671638924
683.77519083076,-53.93512038157773
684.2101657053496,-51.02051720613583
684.6451107105433,-56.790955558121105
685.0800258319914,-60.15525760427152
685.5149110553436,-58.25792921686172
685.94976636625,-50.88362137746103
686.3845917503603,-60.66379914151877
686.8193871933246,-49.43602538450023
687.2541526807927,-57.9841234558768
687.6888881984145,-51.33351692502527
688.12359373184,-46.34533320687464
688.5582692667192,-55.460840495634265
688.9929147887017,-56.10632276881432
689.4275302834378,-51.607384406610976
689.8621157365773,-37.44440582614307
690.29667113377,-50.78578858928768
690.731196460666,-54.79576503479126
691.165691702915,-64.0084500520464
691.600156846167,-61.993885827963894
692.0345918760721,-63.77374664516938
692.46899677828,-60.07704017523925
692.9033715384406,-52.331137240722086
693.3377161422043,-44.99559558882921
693.7720305752202,-55.36304158068394
694.206314823139,-60.331290099280395
694.64056887161,-55.51947293578159
695.0747927062836,-53.641709944300565
695.5089863128094,-59.00121263779085
695.9431496768375,-59.822754066627446
696.3772827840177,-55.402109416043686
696.81138562,-63.38260353369051
697.2454581704343,-54.87400986733619
697.6795004209706,105.5834891732116
698.1135123572586,-54.189377191872225
698.5474939649486,-52.624533379659944
698.98144522969,-52.29196776383167
699.4153661371331,-55.12832476588901
699.8492566729277,-63.69550124743462
700.2831168227239,-52.350691624341415
700.7169465721713,-62.541542907851884
701.15074590692,-47.655988362020416
701.5845148126199,-50.355455350734985
702.018253274921,-57.20171530772563
702.451961279473,-55.6759722457801
702.8856388119261,-43.82182269309058
703.31928585793,-53.524335802148315
703.7529024031347,-53.83725907675985
704.1864884331901,-55.539058734640875
704.6200439337463,-52.93750586345213
705.0535688904529,-51.84213006092058
705.48706328896,-54.97178783378393
705.9205271149175,-53.42654846267848
706.3539603539754,-50.35545857760534
706.7873629917834,-37.83558334455697
707.2207350139915,-61.19196696699898
707.65407640625,-57.27992273058772
708.0873871542083,-55.63685582069716
708.5206672435165,-58.0819238273375
708.9539166598245,-48.71232873228562
709.3871353887826,-60.50731504155396
709.82032341604,-57.2408334658145
710.253480727247,-59.64669703344394
710.6866073080537,-53.56342095166132
711.1197031441098,-60.93766668505041
711.5527682210652,-51.803015626778276
711.9858025245699,-41.82648294659947
712.4188060402739,-57.98410685915055
712.8517787538269,-54.42415522403517
713.284720650879,-62.87405778714144
713.71763171708,-55.53905192337448
714.15051193808,-32.82740499910933
714.5833612995287,-58.766463216601416
715.0161797870761,-56.399714264076486
715.4489673863721,-59.979208707436236
715.8817240830668,-56.0476678047666
716.3144498628101,-55.98897075552662
716.7471447112515,-58.081904868899215
717.1798086140413,-57.51469735609041
717.6124415568294,-53.93510232044618
718.0450435252657,-58.883852408306126
718.477614505,-63.77376238472026
718.9101544816823,-42.13948200175816
719.3426634409625,-57.90589532490801
719.7751413684907,-51.431332881335955
720.2075882499165,-54.52195621383174
720.6400040708899,-57.495076119374254
721.0723888170611,-59.157711295697716
721.5047424740798,-55.32387036324956
721.9370650275958,-50.1402739216287
722.3693564632592,-60.390000690750284
722.80161676672,-53.46565310480055
723.2338459236279,-60.38998357437336
723.666043919633,-55.754231586539554
724.098210740385,-57.18210503517257
724.5303463715342,-50.62930226009277
724.9624507987301,-59.72494705271368
725.3945240076226,-51.66605038526096
725.8265659838621,-58.766512306171116
726.2585767130983,-59.84230728750381
726.6905561809809,-55.75420144903792
727.1225043731599,-60.918057915369694
727.5544212752854,-61.328831948846855
727.9863068730074,-56.986490258223995
728.4181611519755,-55.14783108956717
728.8499840978396,-62.85448754119632
729.28177569625,-64.98640785861903
729.7135359328564,-48.71231917154533
730.1452647933086,-59.82273702310548
730.5769622632565,-50.805322748284986
731.0086283283505,-56.5171051285966
731.44026297424,-61.66136959243193
731.8718661865751,-53.95466866685001
732.3034379510057,-57.886277163488266
732.7349782531817,-59.88143737791624
733.1664870787533,-58.23841759840168
733.59796441337,-57.88632642091383
734.0294102426819,-52.25286768970926
734.4608245523389,-47.5189866147862
734.8922073279911,-57.103900505110325
735.3235585552881,-54.95226771619578
735.75487821988,-55.0304824065771
736.1861663074167,-55.14787830844469
736.6174228035482,-58.492639915890464
737.0486476939243,-63.85200779697925
737.4798409641949,-55.42169862744896
737.91100260001,-51.25529986166524
738.3421325870195,-55.363010852969545
738.7732309108733,-59.21640175270172
739.2042975572214,-56.125847132871975
739.6353325117136,-57.29952973563646
740.0663357600001,-63.22609092804319
740.4973072877303,-50.60972200577118
740.9282470805546,-62.83494982799754
741.3591551241226,-58.277509286623875
741.7900314040845,-45.934474466668114
742.22087590609,-63.499896292190236
742.651688615789,-58.14062672058741
743.0824695188317,-58.64914030917259
743.513218600868,-54.756659494828156
743.9439358475472,-61.34844381259647
744.37462124452,-63.94981206907285
744.8052747774359,-58.51221791832861
745.235896431945,-62.228576354102515
745.666486193697,-52.155069178462846
746.097044048342,-49.455597534390336
746.52756998153,-56.30191769636429
746.9580639789107,-54.24806656311762
747.3885260261341,-52.38983540740616
747.8189561088502,-53.622144377394704
748.2493542127089,-61.1136556586195
748.67972032336,-57.24078385707422
749.1100544264534,-57.00610604476333
749.5403565076393,-59.2359352355269
749.9706265525675,-53.83731768079841
750.4008645468876,-63.18698442111128
750.8310704762499,-58.74695065414366
751.2612443263042,-31.497059793044418
751.6913860827005,-56.614886563386975
752.1214957310887,-57.65156143271133
752.5515732571184,-54.678413056690076
752.9816186464399,-53.661233775380836
753.4116318847031,-56.43886189805825
753.8416129575577,-63.83239309680819
754.2715618506538,-59.97918344139092
754.7014785496413,-43.626258675433384
755.1313630401701,-54.541517638774984
755.5612153078899,-47.67552798749119
755.991035338451,-57.416875320138615
756.4208231175029,-40.39834529832629
756.8505786306961,-58.883927204410874
757.28030186368,-58.35574047379116
757.7099928021047,-56.24324888554128
758.1396514316201,-48.55576622324752
758.5692777378763,-59.314220080773595
758.9988717065229,-54.150295250694654
759.4284333232099,-62.91317300116658
759.8579625735874,-44.48690993672195
760.2874594433055,-43.5871425291648
760.7169239180134,-56.477906039717936
761.1463559833617,-54.07205392198347
761.5757556249999,-48.63405110977665
762.0051228285784,-57.14305608013595
762.4344575797465,-58.27751143004658
762.8637598641546,-57.41686402342591
763.2930296674524,-54.28718335911532
763.72226697529,-56.34110485048117
764.1514717733172,-56.08677174531863
764.5806440471837,-54.737058904889366
765.0097837825398,-53.03529950826013
765.4388909650354,-52.89831485191143
765.8679655803201,-46.99084865899219
766.2970076140439,-52.25287372723784
766.7260170518568,-49.14264844123424
767.1549938794091,-63.10876904585354
767.5839380823501,-55.14787955276981
768.01284964633,-54.169842362043994
768.4417285569987,-61.58309829522371
768.8705748000062,-60.31169759654771
769.2993883610022,-58.316636895023954
769.7281692256369,-55.81293462094196
770.1569173795599,-60.644240078884756
770.5856328084216,-55.03047178258899
771.0143154978714,-52.761482724831176
771.4429654335594,-55.32389092581385
771.8715826011356,-61.915597230440966
772.30016698625,-52.95706361570359
772.7287185745523,-50.9618239052424
773.1572373516925,-50.198931271781674
773.5857233033206,-60.605146158737845
774.0141764150865,-48.61452241542287
774.44259667264,-59.64670512717916
774.870984061631,-61.13326657180687
775.2993385677098,-58.609965301179294
775.7276601765259,-65.90566441342519
776.1559488737294,-51.90079046330213
776.58420464497,-57.2016582812536
777.012427475898,-64.92774067220984
777.4406173521629,-52.58539509277487
777.868774259415,-56.43881428470402
778.2968981833039,-50.78576239838522
778.72498910948,-50.805378353175
779.1530470235926,-48.653592210837495
779.5810719112922,-57.55379008459898
780.0090637582282,-54.09157021540532
780.437022550051,-54.15022161735264
780.86494827241,-59.56843648151484
781.2928409109555,-47.61683496531463
781.7207004513373,-59.7054088192473
782.1485268792054,-58.10147293195684
782.5763201802097,-52.350670913127
783.00408034,-51.607348324388916
783.4318073442263,-48.88832823678766
783.8595011785386,-61.837400835487216
784.2871618285866,-59.82275369253489
784.7147892800205,-55.1283123630269
785.14238351849,-61.035465380032804
785.5699445296452,-46.971301319156154
785.9974722991358,-58.1992504306241
786.4249668126118,-61.30928554816326
786.8524280557232,-42.15904436348245
787.27985601412,-50.82484969199557
787.7072506734519,-48.634062351279916
788.1346120193689,-62.58061890745399
788.561940037521,-59.2554954826509
788.9892347135582,-50.74667194374334
789.41649603313,-56.28236807132808
789.8437239818867,-54.834915945575034
790.270918545478,-50.74665632024098
790.6980797095542,-59.059845934173545
791.1252074597649,-55.83252664305066
791.55230178176,-58.45349827995381
791.9793626611895,-52.83968656973661
792.4063900837034,-56.24326510822422
792.8333840349515,-56.34105502532601
793.2603445005836,-61.367965880516834
793.6872714662499,-50.33585478646347
794.1141649176003,-59.07948590733996
794.5410248402845,-54.482818238018474
794.9678512199526,-57.0647695218867
795.3946440422544,-53.15270093832288
795.82140329284,-50.55103514648497
796.2481289573592,-51.470443414455616
796.6748210214618,-59.94008336598203
797.1014794707978,-62.95227683976529
797.5281042910173,-57.2603648824593
797.95469546777,-54.65882407781632
798.3812529867059,-50.59016413329883
798.8077768334749,-46.42358079586213
799.234266993727,-55.14788012935956
799.6607234531122,-57.475529678928076
800.0871461972799,-60.99628820706559
800.5135352118806,-57.319087624323174
800.9398904825641,-54.13069179006507
801.3662119949803,-55.83246790485665
801.7924997347789,-54.052464716831636
802.21875368761,-51.54869788737989
802.6449738391235,-49.983803300242144
803.0711601749694,-56.69313110208234
803.4973126807973,-55.61733367298309
803.9234313422577,-58.433989839039604
804.3495161449999,-52.291968551321204
804.7755670746743,-59.94011730137004
805.2015841169305,-51.979039012535786
805.6275672574186,-53.680817308200155
806.0535164817885,-59.431553486339084
806.4794317756899,-54.69798857690712
806.9053131247731,-58.17973777507187
807.3311605146878,-54.345866118265974
807.7569739310838,-59.05991691139544
808.1827533596112,-56.614885184331364
808.6084987859199,-54.75667396265573
809.03421019566,-55.89118411974778
809.4598875744811,-54.46330443944638
809.8855309080329,-59.00122456889719
810.311140181966,-57.26037701796167
810.73671538193,-41.90470379575576
811.1622564935747,-54.150291410495484
811.5877635025502,-53.524356047153745
812.0132363945063,-60.389981036995444
812.4386751550929,-58.16016898073648
812.8640797699601,-51.09873343258745
813.2894502247575,-62.2285844105737
813.7147865051354,-58.70782222135708
814.1400885967435,-55.01094554929867
814.5653564852316,-59.43159001064515
814.9905901562499,-58.39488145446421
815.4157895954482,-56.51708266394805
815.8409547884767,-62.013402547409996
816.2660857209846,-53.97421778886266
816.6911823786224,-50.84452236385905
817.11624474704,-55.91074209826554
817.5412728118872,-61.231058515777306
817.9662665588138,-54.1502177400868
818.3912259734698,-59.001239413067
818.8161510415052,-55.63688085804197
819.2410417485701,-56.125880877062826
819.6658980803139,-58.41441540186972
820.0907200223869,-53.71995157310642
820.515507560439,-58.883883670114294
820.9402606801201,-54.42415841323612
821.36497936708,-52.9374917745005
821.7896636069687,-47.16694018226551
822.2143133854361,-55.558626721036205
822.6389286881323,-61.56353843465949
823.0635095007069,-53.25048207405471
823.48805580881,-29.85363347813313
823.9125675980915,-52.859273893318026
824.3370448542013,-43.91963762674695
824.7614875627894,-20.46234647002216
825.1858957095056,-50.55104951606038
825.6102692799999,-53.58299322325479
826.0346082599224,-56.24326793913442
826.4589126349225,-44.9368897455567
826.8831823906506,-51.998559171872856
827.3074175127564,-63.94979853110315
827.73161798689,-57.06484437355681
828.1557837987011,-47.18648632624705
828.5799149338397,-52.38978912558617
829.0040113779559,-50.4532574034818
829.4280731166994,-60.56597967318511
829.85210013572,-59.05993335499449
830.2760924206679,-60.663825968884886
830.700049957193,-54.32629033444935
831.1239727309451,-61.896058474374
831.5478607275741,-54.913130338976146
831.97171393273,-55.050049054830396
832.3955323320628,-57.45601961606836
832.8193159112221,-51.059678107353236
833.2430646558582,-53.289629443121186
833.6667785516208,-45.62152308501903
834.09045758416,-54.44371445274143
834.5141017391255,-58.04278911155607
834.9377110021674,-46.52142946194576
835.3612853589353,-53.40699551383227
835.7848247950797,-58.33617338176659
836.20832929625,-51.56824643563697
836.6317988480963,-63.832414557001776
837.0552334362685,-60.40952842436078
837.4786330464167,-58.433981414009764
837.9019976641905,-55.71513128935624
838.3253272752399,-54.73710943921736
838.7486218652151,-52.46802853435001
839.1718814197658,-63.96936027829951
839.5951059245418,-47.40165252421693
840.0182953651932,-53.48525362250563
840.44144972737,-54.05249622068347
840.864568996722,-56.45839125959478
841.2876531588989,-56.556224723923506
841.710702199551,-55.2065619900632
842.133716104328,-57.8667088730255
842.5566948588801,-57.495142023805656
842.9796384488568,-55.656402371658224
843.402546859908,-51.02048414170447
843.8254200776842,-55.343458525326554
844.248258087835,-62.30683172867856
844.6710608760101,-60.13572731221339
845.0938284278595,-53.87642968788315
845.5165607290334,-52.272470981202616
845.9392577651814,-45.68024115142507
846.3619195219537,-54.50232885222986
846.7845459849999,-38.05081371635019
847.2071371399703,-63.656417622276365
847.6296929725146,-57.27999642443426
848.0522134682826,-56.71271329387777
848.4746986129244,-58.453557831541445
848.89714839209,-49.76862766780648
849.3195627914291,-59.979211091840064
849.7419417965918,-57.47557901282472
850.1642853932278,-54.77615517622554
850.5865935669872,-55.617304568933385
851.0088663035201,-50.23810952337382
851.4311035884759,-56.2432195442316
851.8533054075049,-56.497520043607864
852.2754717462569,-57.71028248032952
852.6976025903821,-59.353261934589
853.1196979255301,-44.5456429599964
853.5417577373507,-45.64110757925628
853.9637820114941,-45.17163088472199
854.3857707336102,-53.661270139271636
854.8077238893488,-51.23566021990357
855.2296414643599,-62.13081015929713
855.6515234442934,-59.333746833902666
856.0733698147993,-60.80073338789734
856.4951805615274,-56.595326980200824
856.9169556701277,-50.98144050420614
857.3386951262501,-59.275043641873125
857.7603989155443,-53.03530957353004
858.1820670236606,-54.07197875541883
858.6036994362487,-59.68587703535344
859.0252961389584,-53.79814917134108
859.44685711744,-45.484629388633564
859.8683823573431,-51.07923662651556
860.2898718443178,-54.443644860412626
860.7113255640138,-58.120994404836665
861.1327435020813,-51.353073969237876
861.55412564417,-53.44606953086719
861.97547197593,-56.75181128017171
862.396782483011,-54.24804568519056
862.818057151063,-58.78605253836931
863.239295965736,-54.717553583198686
863.6604989126799,-51.353088063247434
864.0816659775447,-49.651266520842
864.5027971459801,-49.57298351127234
864.9238924036362,-60.350879867447176
865.3449517361629,-48.907929666482005
865.76597512921,-44.5847583767944
866.1869625684276,-57.16258600091896
866.6079140394653,-37.97261363418071
867.0288295279734,-49.6708222430148
867.4497090196018,-60.03791576879726
867.8705525,-46.893025731371665
868.2913599548183,-49.162200515286024
868.7121313697065,-43.91956824032283
869.1328667303147,-62.16994558208067
869.5535660222924,-55.7346843070277
869.97422923129,-62.18948148270572
870.394856342957,-54.404561291112586
870.8154473429438,-57.886306825679924
871.2360022168999,-30.47966951963461
871.6565209504753,-58.297099947530405
872.07700352932,-44.11528550492241
872.4974499390839,-60.429068933807024
872.917860165417,-58.90343057486822
873.338234193969,-57.78849267107372
873.75857201039,-52.311550661167566
874.1788736003301,-53.622147566739315
874.5991389494386,-55.49997356795298
875.0193680433661,-56.751801793025905
875.4395608677621,-45.152036684296945
875.8597174082769,-55.10871591237216
876.27983765056,-59.411987807090966
876.6999215802615,-57.96456165265908
877.1199691830312,-48.418899561918025
877.5399804445194,-57.35813844277961
877.9599553503757,-56.51713104376011
878.37989388625,-44.66298485696523
878.7997960377922,-57.377732275483474
879.2196617906526,-53.44610955303623
879.6394911304806,-65.8470207970039
880.0592840429265,-52.91793098019732
880.47904051364,-57.51469853026954
880.8987605282712,-57.72980311482573
881.3184440724698,-59.72487415396974
881.7380911318858,-57.866774983927804
882.1577016921692,-62.267690617438085
882.57727573897,-51.392183741735735
882.9968132579379,-59.705357456433234
883.4163142347229,-58.688296142752115
883.8357786549751,75.66110973028078
884.2552065043441,-54.424140163103274
884.67459776848,-51.881169718590535
885.0939524330327,-50.66843296209956
885.5132704836521,-51.95948181588519
885.9325519059884,-54.95227901285537
886.3517966856909,-53.641731156524536
886.77100480841,-52.62453252321694
887.1901762597955,-57.94500002195442
887.6093110254974,-55.910721123667145
888.0284090911654,-60.194375840428805
888.4474704424496,23.80312826797388
888.8664950650001,-59.177284570217225
889.2854829444664,-50.746641145923824
889.7044340664986,-61.152805628694
890.1233484167467,-54.521920330195314
890.5422259808606,-55.03049029657161
890.9610667444899,-54.18937189590556
891.379870693285,-55.51952839908234
891.7986378128957,-52.19421287337825
892.2173680889719,-55.65645561450705
892.6360615071633,-54.73708648883212
893.05471805312,-55.48038003933591
893.4733377124919,-54.30676584894454
893.891920470929,-52.761445818100135
894.310466314081,-48.30152477027576
894.7289752275981,-47.36247537446311
895.14744719713,-51.00098452142775
895.5658822083267,-56.497529494772955
895.9842802468382,-56.458420342712294
896.4026412983142,-57.22128078267361
896.8209653484048,-52.62449557874763
897.2392523827601,-55.08918876401961
897.6575023870295,-50.37495704206084
898.0757153468634,-58.04271864653755
898.4938912479114,-59.95966139389253
898.9120300758237,-45.83665570930024
899.33013181625,-56.673626717229034
899.7481964548402,-7.078713851295406
900.1662239772445,-58.74694381426184
900.5842143691126,-58.61004756070186
901.0021676160945,-49.9837816978679
901.42008370384,-52.17466320582732
901.8379626179991,-55.871576518608855
902.2558043442217,-55.44127052844195
902.6736088681579,-52.5266975185812
903.0913761754573,-49.944694926905846
903.5091062517699,-40.985260852100616
903.9267990827459,-57.53421475061663
904.344454654035,-58.55136955955221
904.7620729512871,-50.531513087328925
905.1796539601521,-58.49262914077497
905.5971976662801,-50.23806669443538
906.0147040553207,-51.02055249333631
906.4321731129241,-47.28432172106869
906.8496048247403,-53.71994139480431
907.266999176419,-57.24086644655096
907.68435615361,-32.044838606952226
908.1016757419635,-63.1673910358648
908.5189579271292,-56.654019691653005
908.9362026947574,-53.95468244314542
909.3534100304977,-54.11116255060545
909.7705799199999,-57.67117077146937
910.1877123489144,-49.22084373686923
910.6048073028907,-56.888746817397404
911.0218647675786,-42.80454409255577
911.4388847286284,-55.83249029037191
911.8558671716901,-56.59532520803507
912.2728120824131,-58.08187117847757
912.6897194464477,-56.45841892715349
913.1065892494438,-50.98140175411534
913.5234214770513,-57.88628611072416
913.9402161149201,-60.01835984591543
914.3569731486998,-55.734711040000356
914.773692564041,-55.67598449105777
915.190374346593,-47.63637950222828
915.6070184820061,-48.90792059318017
916.0236249559299,-54.874056547867475
916.4401937540147,-53.759069881116446
916.8567248619102,-54.05249773033608
917.2732182652663,-56.79096982048077
917.6896739497329,-40.33971604182863
918.1060919009599,-51.48999269170764
918.5224721045976,-49.670854675417225
918.9388145462954,-56.5170755283806
919.3551192117034,-53.250464698764446
919.7713860864716,-52.76146719991376
920.1876151562501,-53.89602112751911
920.6038064066884,-57.788501923739986
921.0199598234366,-48.71231650822691
921.4360753921446,-42.60895506432419
921.8521530984625,-51.920334596819494
922.26819292804,-49.201330416446254
922.684194866527,-50.003369315326815
923.1001588995737,-61.99389727626197
923.5160850128299,-58.7274040306003
923.9319731919453,-56.65401797698375
924.34782342257,-53.778644005013035
924.7636356903539,-55.3043380795605
925.179409980947,-48.986117357979836
925.5951462799991,-55.24561290767478
926.01084457316,-54.9522741714114
926.42650484608,-59.70535113359617
926.8421270844087,-51.52915867663462
927.2577112737962,-51.626898602306476
927.6732573998922,-46.18883775279934
928.0887654483469,-54.404548144032375
928.50423540481,-52.565880488507254
928.9196672549315,-59.58804592395284
929.3350609843613,-50.04245945647329
929.7504165787493,-59.411973138394025
930.1657340237457,-51.17700503343388
930.581013305,-54.913138782618844
930.9962544081623,-53.622048899581834
931.4114573188825,-60.68334384286406
931.8266220228106,-57.96453126778281
932.2417485055965,-47.26476998483438
932.65683675289,-48.65359218689326
933.0718867503412,-52.076847958748466
933.4868984835998,-45.32809303010446
933.9018719383158,-49.220890744838215
934.3168071001393,-50.64886452593671
934.7317039547199,-54.50237627889198
935.1465624877079,-50.844489988700616
935.561382684753,-54.189367721507324
935.976164531505,-52.95704643054724
936.390908013614,-49.29912860819656
936.80561311673,-57.749399742033695
937.2202798265026,-59.74451319959125
937.6349081285822,-51.99858293609152
938.0494980086183,-55.597713021373465
938.464049452261,-55.03050170306921
938.87856244516,-59.88141381154519
939.2930369729655,-51.802933149700394
939.7074730213274,-39.49847529850323
940.1218705758954,-60.5269000885471
940.5362296223196,-55.91069797395237
940.95055014625,-52.01812876569825
941.3648321333363,-51.744279191474114
941.7790755692286,-48.516691360013326
942.1932804395767,-56.10629987330795
942.6074467300305,-50.49234407669334
943.02157442624,-54.40454758167526
943.4356635138552,-43.41105944970254
943.8497139785258,-52.52676171519054
944.2637258059018,-50.00331807397353
944.6776989816334,-55.87161529195783
945.09163349137,-57.123432982738294
945.5055293207619,-41.9438409260445
945.919386455459,-47.63641087395129
946.3332048811111,-47.67547833294188
946.7469845833681,-59.52935840647522
947.1607255478799,-58.238356708144075
947.5744277602967,-56.34102834495008
947.9880912062682,-51.21616731355253
948.4017158714443,-51.09876736946173
948.8153017414749,-53.32875688430237
949.2288488020099,-49.14266395273592
949.6423570386996,-50.08157636725021
950.0558264371933,-53.01573191168891
950.4692569831413,-50.57063584682186
950.8826486621937,-42.62855723056353
951.2960014600001,-55.36299920542836
951.7093153622103,-54.44365700148638
952.1225903544746,-43.841381308981845
952.5358264224426,-52.702768708166616
952.9490235517645,-42.23731046515084
953.3621817280899,-49.5338197042026
953.7753009370691,-50.06200787233699
954.1883811643518,-44.799962933675054
954.6014223955879,-50.86407145342521
955.0144246164273,-55.65639443440683
955.42738781252,-50.31636118260731
955.8403119695158,-56.59532953442559
956.2531970730649,-56.22368579641427
956.666043108817,-45.406342544376265
957.078850062422,-55.03048842896747
957.49161791953,-45.23023741749976
957.9043466657907,-47.44078242853903
958.3170362868542,-54.874013913106054
958.7296867683702,-62.326398968651034
959.1422980959888,-50.4923275103974
959.55487025536,-46.580115480010406
959.9674032321335,-53.97426070552288
960.3798970119593,-54.01337651657417
960.7923515804873,-54.69797933248876
961.2047669233677,-58.355737211972055
961.61714302625,-60.839862002959556
962.0294798747842,-52.82012486024759
962.4417774546205,-54.619740663957465
962.8540357514087,-57.90588104277824
963.2662547507985,-57.39725966070467
963.67843443844,-59.470690100957746
964.0905747999832,-56.77137679351277
964.5026758210778,-48.9078861066174
964.9147374873738,-42.78507343864939
965.3267597845213,-54.013333472084035
965.73874269817,-52.85924769836638
966.15068621397,-47.55816130453741
966.5625903175709,-56.908300859487255
966.9744549946231,-59.47062016937269
967.3862802307762,-45.601962471084974
967.79806601168,-53.05488485245526
968.2098123229847,-61.77869352293308
968.6215191503401,-47.46032549460011
969.0331864793962,-49.53386743476372
969.444814295803,-49.78816694804875
969.85640258521,-58.922909612094
970.2679513332674,-55.93022664311503
970.6794605256254,-52.58541248347615
971.0909301479335,-53.778583625254434
971.5023601858417,-60.29217772123238
971.9137506249999,-49.69036447224773
972.3251014510585,-54.03291007496703
972.7364126496666,-47.0299774196312
973.1476842064747,-60.80071375566646
973.5589161071325,-58.29702703465703
973.9701083372901,-52.99622263873064
974.3812608825972,-50.179408757323415
974.7923737287038,-50.551066533264844
975.2034468612597,-55.24568654164629
975.6144802659153,-51.76384291360413
976.02547392832,-55.59777576880443
976.436427834124,-52.428919233735606
976.8473419689769,-53.309129152372115
977.2582163185291,-57.553809418631324
977.6690508684301,-53.70038637920265
978.07984560433,-49.59259164751944
978.4906005118787,-59.255513106410966
978.9013155767261,-59.94004702948798
979.3119907845222,-61.52443528558926
979.7226261209169,-61.70049319246499
980.13322157156,-51.48999811347416
980.5437771221016,-53.71992870004078
980.9542927581913,-53.34828266925367
981.3647684654794,-49.84681923437767
981.7752042296156,-56.145437288799606
982.18560003625,-58.610039061486695
982.5959558710323,-57.24081351546474
983.0062717196125,-50.33589263788855
983.4165475676406,-49.299154812456464
983.8267834007665,-51.07920007476705
984.23697920464,-47.890685876088064
984.6471349649111,-53.054897434058375
985.0572506672297,-49.98379239435785
985.4673262972459,-59.25552811722741
985.8773618406093,-55.16743382625651
986.2873572829699,-55.42172810151354
986.6973126099779,-55.85204685240237
987.107227807283,-52.80058742712421
987.5171028605351,-47.0104472102426
987.9269377553841,-57.221285108052015
988.33673247748,-55.069586080424536
988.7464870124728,-52.64412023330965
989.1562013460122,-55.42172787494896
989.5658754637483,-58.33621187655614
989.975509351331,-52.037678969047775
990.38510299441,-50.80536565916581
990.7946563786356,-58.08190831726539
991.2041694896573,-58.90337992207959
991.6136423131255,-46.97130412815298
992.0230748346899,-56.028095550596205
992.43246704,-50.12066992196668
992.8418189147064,-44.54565982253449
993.2511304444588,-42.687201320596394
993.6604016149066,-56.59537550648036
994.0696324117006,-46.85388548386453
994.47882282049,-49.76857903788059
994.8879728269252,-61.270190269668504
995.2970824166558,-49.72951413310939
995.7061515753319,-53.524312160365255
996.1151802886034,-52.27244624710078
996.5241685421202,-58.78606880857139
996.933116321532,-51.58774859262431
997.342023612489,-56.83006169080354
997.750890400641,-55.8129039780877
998.1597166716381,-52.87884879651123
998.5685024111301,-57.61248508967777
998.9772476047667,-56.3606240523088
999.3859522381982,-60.78118171024328
999.7946162970744,-49.514322243787966
1000.2032397670449,-56.45839662756245
1000.6118226337601,-50.49230014855851
1001.0203648828694,-51.25528345729494
1001.4288665000234,-56.712724799879034
1001.8373274708716,-53.85693779064526
1002.2457477810636,-47.32343965757111
1002.65412741625,-56.06716188337952
1003.0624663620805,-52.174649415802385
1003.4707646042046,-54.05247390940709
1003.8790221282727,-42.824157553642515
1004.2872389199345,-61.5831487883307
1004.69541496484,-51.95940706763951
1005.1035502486392,-60.13567538767308
1005.5116447569817,-58.88388311241754
1005.9196984755179,-51.0205559224799
1006.3277113898973,-56.96698387751244
1006.73568348577,-59.25554185677418
1007.1436147487859,-56.556230389853084
1007.5515051645949,-51.58780713345265
1007.9593547188471,-55.30432125985451
1008.3671633971921,-57.37776827306588
1008.77493118528,-54.79576719631294
1009.1826580687607,-53.974240350700775
1009.5903440332843,-54.95227998301965
1009.9979890645003,-40.88737818067071
1010.4055931480591,-53.602552246546054
1010.81315626961,-50.10112916604102
1011.2206784148036,-56.106345828400016
1011.6281595692894,-40.82877799870457
1012.0355997187174,-57.671174463520444
1012.4429988487376,-53.641679490784355
1012.8503569450002,-55.63689077435674
1013.2576739931542,-57.41688028204866
1013.6649499788506,-44.369565373193566
1014.0721848877387,-57.69070710481907
1014.4793787054684,-42.35465961437838
1014.8865314176902,-51.80297142819478
1015.2936430100531,-58.31666741583418
1015.7007134682077,-40.535352236938245
1016.1077427778039,-50.12074330516774
1016.5147309244912,-55.20656282921482
1016.9216778939201,-58.37531081410828
1017.32858367174,-56.92781197992155
1017.735448243601,-55.832509271088796
1018.1422715951531,-54.443709064057956
1018.5490537120461,-58.12104683421077
1018.9557945799301,-57.319081452102566
1019.3624941844547,-21.753639757598037
1019.7691525112702,-45.91498976236507
1020.1757695460262,-38.031267451607775
1020.582345274373,-59.88137417570179
1020.98887968196,-52.5658476631136
1021.3953727544376,-49.455663741773975
1021.8018244774553,-59.97923104131522
1022.2082348366635,-55.28482796795516
1022.6146038177118,-49.25998918456817
1023.02093140625,-50.94231751695137
1023.4272175879283,-51.998551934014415
1023.8334623483967,-53.79814443966972
1024.2396656733047,-60.9767868745404
1024.6458275483026,-55.695579738972604
1025.0519479590398,-51.509558204022184
1025.458026891167,-45.56291309991693
1025.864064330334,-53.99377405931928
1026.2700602621896,-47.40166113412643
1026.6760146723855,-56.712713386892126
1027.0819275465701,-53.77866805104824
1027.4877988703938,-51.059695441992126
1027.893628629507,-54.63928707074123
1028.299416809559,-53.48516043837672
1028.7051633962,-52.70277877615876
1029.11086837508,-57.925409583501406
1029.5165317318485,-49.396850007710164
1029.9221534521564,41.59575000590016
1030.3277335216524,-56.614857588115456
1030.733271925987,-50.62927299260792
1031.13876865081,-48.34062531294401
1031.5442236817717,-57.57336124506268
1031.9496370045213,-55.656459197962356
1032.3550086047094,-51.724785949573715
1032.7603384679855,-58.76648963545026
1033.16562658,-48.86878427723894
1033.5708729264024,-43.54796862421728
1033.9760774928425,-53.03532037489732
1034.3812402649708,-51.02046513145148
1034.7863612284364,-52.917928911018706
1035.1914403688902,-46.58005481426103
1035.5964776719813,-54.73711632041173
1036.0014731233596,-59.764088088804975
1036.4064267086758,-52.272439888365945
1036.8113384135795,-55.03047202370421
1037.21620822372,-47.12783376246004
1037.6210361247481,-50.06203305509112
1038.025822102313,-57.26039288120059
1038.4305661420651,-55.05006918647987
1038.835268229654,-55.48036317144257
1039.23992835073,-49.5729625394574
1039.6445464909427,-60.29220001935782
1040.0491226359422,-39.34198198524176
1040.4536567713783,-58.825225338626986
1040.858148882901,-49.94465231990103
1041.2625989561602,-55.32394886748548
1041.6670069768056,-35.52719027410431
1042.0713729304875,-57.27995604377556
1042.4756968028553,-52.42890815866347
1042.8799785795597,-32.25998499473018
1043.2842182462502,-48.105853977426634
1043.688415788576,-53.7786300599353
1044.0925711921886,-51.45086370004307
1044.496684442737,-53.4852105422294
1044.9007555258704,-62.61978627288716
1045.30478442724,-58.08195544593657
1045.708771132495,-55.61734131669953
1046.1127156272858,-54.443697751159746
1046.516617897262,-56.30194150254154
1046.9204779280733,-46.03238235587635
1047.32429570537,-53.9546376995147
1047.7280712148022,-40.946147479019736
1048.1318044420188,-57.61246167227893
1048.5354953726712,-57.573377164696005
1048.939143992408,-52.9766224767729
1049.3427502868801,-57.064797635630185
1049.7463142417369,-58.10142930708405
1050.1498358426281,-54.541472847736514
1050.5533150752044,-54.50237693074868
1050.956751925115,-49.905544093879115
1051.36014637801,-57.51469179828237
1051.7634984195395,-47.18650030658774
1052.1668080353531,-55.01091867988734
1052.5700752111015,-52.64412021590074
1052.9732999324337,-53.17223740577206
1053.376482185,-43.64579093779141
1053.7796219544505,-55.49993658094602
1054.1827192264348,-57.749389596684075
1054.5857739866026,-59.333778356929685
1054.9887862206047,-56.204125470348146
1055.39175591409,-53.89596244757344
1055.7946830527092,-53.03533964369311
1056.1975676221118,-63.06965743309876
1056.600409607948,-54.46325861696954
1057.0032089958675,-29.75582434386188
1057.4059657715202,-57.10392149869513
1057.808679920556,-50.02289154624523
1058.211351428625,-54.52191866777851
1058.6139802813768,-50.43364886805739
1059.0165664644621,-58.39484884455299
1059.4191099635302,-50.64885083903412
1059.8216107642306,-50.218488356918016
1060.2240688522143,-55.617321222927046
1060.6264842131304,-50.57064981301142
1061.028856832629,-51.25528209813473
1061.43118669636,-42.04164754858179
1061.8334737899734,-52.46801742243998
1062.2357180991196,-56.69311113467864
1062.6379196094474,-55.24568341134679
1063.0400783066077,-52.62453364370569
1063.44219417625,-54.26763296358512
1063.8442672040246,-60.350860438560154
1064.2462973755805,-58.74693919027419
1064.648284676569,-48.516679393989804
1065.0502290926383,-51.744271106421714
1065.45213060944,-53.46565649736791
1065.8539892126232,-53.954642031913046
1066.2558048878377,-54.150278267970535
1066.657577620734,-39.77243052699407
1067.0593073969615,-53.152686194391805
1067.46099420217,-61.172344384187824
1067.86263802201,-46.658293103078215
1068.264238842131,-55.83250570596914
1068.6657966481832,-56.02810453292805
1069.0673114258161,-50.84449748001505
1069.46878316068,-52.135488719264295
1069.870211838425,-56.84965160828246
1070.2715974447003,-57.084395846516145
1070.672939965156,-51.11833624147695
1071.074239385443,-53.71993725894644
1071.4754956912102,-59.27508454546617
1071.8767088681075,-55.891175748634005
1072.2778789017855,-52.976621935705616
1072.6790057778933,-62.28727863086006
1073.0800894820818,-54.09156363458165
1073.4811300000001,-48.184130347533184
1073.8821273172982,-56.90829950121513
1074.2830814196266,-52.70279067075765
1074.683992292635,-52.25287678355227
1075.0848599219723,-53.485187182840306
1075.4856842932902,-61.21144561371153
1075.8864653922371,-51.059629420288665
1076.2872032044638,-52.05724498184704
1076.68789771562,-52.40935074091386
1077.0885489113552,-51.196591887386596
1077.48915677732,-56.634450303136994
1077.889721299164,-61.27011867382466
1078.290242462537,-53.34827935027514
1078.690720253089,-47.57767003827815
1079.09115465647,-51.47045709752784
1079.49154565833,-59.90100947156305
1079.8918932443187,-50.335848011815166
1080.2921974000863,-55.48040285735464
1080.6924581112823,-59.372819724823465
1081.092675363557,-49.06439628255004
1081.4928491425599,-55.46087310046727
1081.8929794339415,-55.050008937779324
1082.2930662233514,-50.60973889037297
1082.6931094964393,-55.20655093565366
1083.0931092388557,-60.46825788787155
1083.49306543625,-41.72864253423892
1083.8929780742724,-50.25767852073621
1084.2928471385728,-52.72233409129216
1084.6926726148006,-54.40454916653985
1085.0924544886066,-57.80808675213159
1085.4921927456398,-49.55341419629035
1085.891887371551,-59.41201239733624
1086.2915383519899,-61.70048010514005
1086.691145672606,-54.60019907308205
1087.0907093190492,-55.67601120767168
1087.49022927697,-47.6364366282321
1087.889705532018,-55.9302852606205
1088.2891380698431,-57.16256720963301
1088.688526876095,-62.83493332700796
1089.087871936424,-58.23836504566682
1089.4871732364802,-57.86677658718404
1089.8864307619128,-58.57090965828124
1090.2856444983722,-53.504813017256076
1090.6848144315084,-55.83249118616046
1091.0839405469708,-53.79818682963837
1091.48302283041,-50.66847286590561
1091.8820612674756,-51.196575237917344
1092.2810558438173,-54.50232990462268
1092.6800065450857,-53.446091059538524
1093.0789133569297,-57.74940100872827
1093.477776265,-48.96658942178312
1093.8765952549466,-48.8100980741926
1094.2753703124185,-54.4241590666539
1094.6741014230668,-57.064769274824265
1095.0727885725405,-52.46801824753875
1095.47143174649,-58.49263333441678
1095.8700309305652,-60.37042708508485
1096.2685861104158,-56.77139549094134
1096.6670972716918,-57.53424965045059
1097.0655644000435,-53.05491519982498
1097.46398748112,-56.24324809838901
1097.862366500572,-43.450171926545046
1098.2607014440491,-57.65161254976659
1098.6589922972012,-61.44617803251167
1099.0572390456782,-133.0728376840463
1099.4554416751298,-130.84428433030124
1099.8536001712068,-131.39164079509757
1100.2517145195582,-132.01720032535522
